愛多ければ「」至る,愛多ければ憎しみ至る,特別に可愛がられることが多ければ、それを妬み憎む者が必ずいるということ。,
匕首に「」,匕首に鍔,釣りあわない物、ふさわしくない物のたとえ。「匕首」は鍔のない短刀のこと。「鍔」は刀の柄と刀身の間にあり拳を防御する金具。匕首に鍔をつけても不似合いなことから。,
挨拶は「」の氏神,挨拶は時の氏神,争いごとの仲裁をしてくれる人は氏神様のようにありがたいものなので、その仲裁に従うのがよいということ。 「挨拶」は仲裁の意味。 ,
愛してその「」を知り、憎みてその善を知る,愛してその悪を知り、憎みてその善を知る,愛や憎しみのために理性を曇らせず、物事の善悪を冷静に判断すること。,
金の切れ目が「」の切れ目,金の切れ目が縁の切れ目,金がある時はちやほやされるが、金がなくなると相手にされず関係が切れるということ。,
相手のさする「」,相手のさする功名,相手の力が弱かったり、やり方が劣っていたために、思わぬ手柄を立てることのたとえ。,
相手のない「」はできぬ,相手のない喧嘩はできぬ,受けて立つ者がいなければ喧嘩は成り立たないから、喧嘩を売られても相手にするなというおしえ。,
「」は小出しにせよ,愛は小出しにせよ,人を愛する時は、少しずつ長く続けるのがよいということ。,
逢い戻りは「」の味,逢い戻りは鴨の味,一度別れた男女の仲が元に戻ると、その仲は前にもましてむつまじくなるということ。,
敢えて主とならず「」となる,敢えて主とならず客となる,自分が中心にならずに受身でいるほうが無難だということ。,
会えば「」の損がゆく,会えば五厘の損がゆく,人との交際は何かと出費があり損をするということ。,
青柿が「」弔う,青柿が熟柿弔う,人間はいつか必ず死ぬのだから、弔う者も弔われる者も大差ないというたとえ。まだ青い柿が、熟して地面に落ちた柿を弔うが、青柿もやがては熟柿になることから。,
青田と「」はほめられぬ,青田と赤子はほめられぬ,まだ実らないうちの稲のできばえはあてにならない。 同じように、人間も子供の頃の才能は成長しなければわからないということ。,
青葉は「」の薬,青葉は目の薬,青葉のみずみずしい緑色を見ると目の疲れが癒されるということ。,
「」を叩いた者にはかなわぬ,青表紙を叩いた者にはかなわぬ,きちんと学問に励んだ者にはかなわないというたとえ。「青表紙」は青い表紙を多く用いた四書五経などの経書のこと。,
「」の雌雄,烏の雌雄,物事の是非や善悪などがまぎらわしくて、判断しにくいことのたとえ。,
赤子のうちは「」に似る,赤子のうちは七国七里の者に似る,赤ん坊ははっきりした特長がないので、似てると思って見ればあちこちの誰にでも似て見えるということ。「七国七里」は諸所方々のこと。,
赤子を「」にしたよう,赤子を裸にしたよう,無力で弱い者をさらに頼りなくしたようす。,
暁知らずの「」,暁知らずの宵枕,宵は早くから床につき、麻は遅くまで寝ていること。,
「」で死んだ者はない,垢で死んだ者はない,風呂に入らなければ垢がたまって不潔だがそれが原因で死んだ人はいない。風呂嫌いの言い訳、または風呂嫌いに対する皮肉の言葉として使われる。,
明るけりゃ「」だと思う,明るけりゃ月夜だと思う,考え方が単純で現実を知らないことのたとえ。外が明るいとすべて月夜だと思う意から。,
毛を吹いて「」を求む,毛を吹いて疵を求む,毛を吹き分けて隠れた疵を探し出すように、人の欠点をむりに探し出すことをいう。,
秋荒れ「」,秋荒れ半作,秋に天候が荒れると、作物の収穫は半減するということ。,
空樽は「」が高い,空樽は音が高い,中身のない人間ほど得意そうにしゃべりたてるというたとえ。空の樽は叩くと高い音が出ることから。,
商いは牛の「」,商いは牛の涎,商売のこつは牛のよだれのように細く長く切れ目なく、気長に辛抱して続けることだということ。,
商いは「」でこなせ,商いは数でこなせ,商売のこつは薄利多売だということ。,
秋の入り日と「」はだんだん落ち目が早くなる,秋の入り日と年寄りはだんだん落ち目が早くなる,年を取れば取るほど衰えるのが早くなる。,
「」の扇,秋の扇,男性の愛を失った女性のたとえ。夏に重宝された扇も秋には必要なくなることから。,
秋の鹿は「」に寄る,秋の鹿は笛に寄る,恋のために身を滅ぼすことのたとえ。また、弱みにつけこまれて危険な目に遭うことのたとえ。秋の発情期、雌鹿の鳴き声に似た笛に雄鹿がおびき寄せられて、人間に捕らえられることから。,
秋の日と「」はくれぬようでくれる,秋の日と娘の子はくれぬようでくれる,秋の日は暮れないようでいて急に暮れるように、大事にされてきた娘も、嫁にくれないように見えて案外簡単にくれるものだということ。,
秋の日は「」落とし,秋の日は釣瓶落とし,秋の日が急速に暮れていくようす。秋の日が、井戸の中へ釣瓶が垂直に速く落ちるように暮れていく意から。,
秋葉山から「」,秋葉山から火事,人を戒める指導的立場の者が、自ら過ちを犯してしまうたとえ。「秋葉山」は火災除けの神を祭る静岡県の秋葉神社のこと。,
「」で声嗄らす,空き家で声嗄らす,努力しても報われないことのたとえ。空き家で大声で案内を求めても返事がないことから。,
諦めは心の「」,諦めは心の養生,失敗や不運をくよくよ考えるより、きっぱり諦めたほうが精神的に良いということ。,
空き家の「」,空き家の雪隠,返事がない、応答がないことのたとえ。「雪隠」は便所のことで、空き家では使う人がないから「肥えなし」でそれを「声なし」にかけたしゃれ。,
商人と「」は直ぐには立たぬ,商人と屏風は直ぐには立たぬ,屏風をまっ直ぐに立てようとすれば倒れてしまう。商人も自分の感情を抑え、客の意向を迎えねば世渡りはできないというたとえ。,
「」の空誓文,商人の空誓文,商人の言動には駆け引きが多くて信用しがたいことをいう。,
商人は木の葉も「」に飾る,商人は木の葉も錦に飾る,一見してつまらなそうな品物でも、あたかも高価な品であるかのように見せて、商人は売りつけようとする。これも商人の腕しだいというたとえ。,
「」契り深し,悪縁契り深し,悪い縁ほど結びつきが強く断ち切りにくいということ。,
悪妻は「」の不作,悪妻は百年の不作,悪い妻は夫を一生不幸にするということ。 ,
「」の気よし,悪性の気よし,浮気や道楽をする者には気の良い者が多い。,
「」の深情け,悪女の深情け,器量の悪い女性ほど愛情や嫉妬心が強いということ。「悪女」は心の悪い女の意ではなく不器量な女のこと。 ,
悪女は「」を疎む,悪女は鏡を疎む,器量の悪い女性が鏡に向かうのを嫌がるように、人間は自分の欠点に触れるのを嫌がるということ。「悪女」は不器量な女のこと。,
「」に従うは崩るるが如し,悪に従うは崩るるが如し,悪を行うのは、ものが崩れ落ちるようにたやすいことであるということ。,
悪の「」は善,悪の裏は善,悪いことのあとにはいいことが起きるということ。善と悪とは表と裏で、悪いことばかりも続かないし、いいことばかりも続かないということ。一の裏は六。,
悪の報いは「」,悪の報いは針の先,悪事の報いは、針の先を回るほど早くやってくるということ。,
「」は延べよ,悪は延べよ,悪事をはたらかなければならないなら、できるだけ延期したほうがよい。その間に事情が変わって実行しないですむかもしれないということ。,
「」据え膳,上げ膳据え膳,自分では何もしないで、すべて人にしてもらうことのたとえ。「上げ膳」は食事が済んで膳を下げること。「据え膳」は食膳を人の前に整えること。,
「」が干上がる,顎が干上がる,収入がなくなり生活に困るようす。,
阿漕が「」に引く網,阿漕が浦に引く網,人に隠れて行う事も、度重なると人に知られてしまうということのたとえ。 「阿漕が浦」は三重県津市東部の海岸で、伊勢神宮に奉納する魚を捕るため一般人は禁猟区であったが、ある漁夫がたびたび密漁を行い捕らえられたということから。,
顎振り「」年,顎振り三年,技量を身に付けるまでには長い年月がかかるということ。尺八は、顎を振って微妙な音を出すこつを会得するまでに三年かかることから。,
朝雨は「」の腕まくり,朝雨は女の腕まくり,女が腕まくりしていくら力んで見せても、すぐにへたばってしまう。同じように、朝降る雨は、じきに上がるから恐れるに足りないことをいう。,
朝顔の花「」,朝顔の花一時,物事の盛りが短く、はかないことのたとえ。朝咲いた朝顔の花が昼を待たずにしぼんでしまうことから。,
麻殻に「」をつけたよう,麻殻に目鼻をつけたよう,とても痩せた男性の形容。 長くて折れやすい麻殻に目鼻をつけたような男性のことから。,
朝酒は「」を売っても飲め,朝酒は門田を売っても飲め,朝酒は格別おいしいので、少々無理をしてでも飲むべきだということ。「門田」は家の門前にある田の意。,
浅瀬に「」,浅瀬に徒波,思慮の浅い人間ほど、おしゃべりで些細なことで騒ぎ立てるということ。「徒波」は「仇波」とも書き、浅瀬が徒にさざ波を立てる意から。,
朝題目に宵「」,朝題目に宵念仏,しっかりとした考えをもたないことのたとえ。 朝は日蓮宗の南無妙法蓮華経の題目を唱え、夕方は浄土宗の南無阿弥陀仏の念仏を唱えることから。 ,
朝の果物は「」,朝の果物は金,朝食べる果物は、胃腸の働きをよくし、体の目覚めを促すため、健康によいということ。,
朝のぴっかり「」の笑い,朝のぴっかり姑の笑い,当てにならないことのたとえ。 朝さんさんと日がさすよい天気と姑の笑顔は、変わりやすく当てにはできないという意味から。,
薊の花も「」,薊の花も一盛り,誰でも年ごろになると、それなりの魅力が出てくるということ。 あまり好まれない薊の花も、美しい時期があることから。,
「」の番,海驢の番,交代で寝て、不寝番を置くことのたとえ。海驢は用心深く、陸に上がって寝る時も必ず見張り役を置くことから。,
朝に「」ありて夕べに白骨となる,朝に紅顔ありて夕べに白骨となる,無常のこの世では、人の生死は予測できないということ。 朝血色のよい顔をしていた人が、夕方には死んで白骨となるという意味から。,
朝に「」を聞かば夕べに死すとも可なり,朝に道を聞かば夕べに死すとも可なり,朝に人の生きるべき道を悟ることができれば、その夕方に死んだとしてもかまわないということ。,
朝に「」を謀らず,朝に夕べを謀らず,事態が切迫していて、余裕がないことのたとえ。 朝にその日の夕方のことを考えるゆとりがないという意味から。,
足下から「」が立つ,足下から鳥が立つ,身近なところで、突然思いもかけないことが起きることのたとえ。また、急に思い立って物事を始めるようす。,
足下に「」が付く,足下に火が付く,危険が身辺に近づいているたとえ。,
明日ありと思う心の「」,明日ありと思う心の仇桜,いつ何が起こるかわからない、人生や世の中の無常をいった言葉。 桜の花が、明日も咲いているだろうと安心していると、夜中の嵐で散ってしまうかもしれないとの意から。 ,
飛鳥川の「」,飛鳥川の淵瀬,世の中は激しく移り変わり、定まりがたいことのたとえ。 奈良県を流れている飛鳥川は、氾濫しやすく淵と瀬が絶えず移り変わるとの意から。 ,
明日知らぬ「」,明日知らぬ世,今日は無事に過ごせたとしても、明日のことはわからない。永久不変のものなど無いという、この世の無常をいうことば。,
「」はまだ手つかず,明日はまだ手つかず,時間はじゅうぶんにあるから、慌てる事は無いということ。,
あずり貧乏「」,あずり貧乏人宝,いくらあくせく働いても貧乏から抜け出すことができず、自分の稼ぎが他人の利益に貢献するだけであること。,
遊びに「」なし,遊びに師なし,遊び事は、誰に教えられるでもなく自然に覚えてしまうものだということ。,
徒花に「」は生らぬ,徒花に実は生らぬ,どんなに見かけがよくても、実質が伴わなくてはよい成果を上げることはできないということ。 「徒花」は、咲いても実を結ばずに散る花。 ,
頭押さえりゃ「」上がる,頭押さえりゃ尻上がる,両方うまくはいかないということ。頭を押さえれば尻が持ち上げるように、一方がうまくいけば、もう片方がうまくいかなくなるということから。,
頭が動けば「」も動く,頭が動けば尾も動く,上に立つ者が行動すれば、下の者は自然と従うということ。 動物の頭と尾は一体で、頭が動けば当然尾も動くという意味から。,
頭の上の「」を追え,頭の上の蠅を追え,他人のことをとやかく言ったり世話を焼いたりする前に、まずは自分自身のことを始末しなさい、という教え。,
頭禿げても「」はやまぬ,頭禿げても浮気はやまぬ,年をとっても色気がなくならず、浮気心はおさまらないということ。,
仇も「」も我が身より出る,仇も情けも我が身より出る,人から憎まれたり愛されたりするのは、自分の心がけや行いによるということ。,
当たらぬ「」には刺されぬ,当たらぬ蜂には刺されぬ,自分から進んで危険なことやわざわいに近づいたりしなければ、無事であることのたとえ。,
あって地獄、なくて「」,あって地獄、なくて極楽,金と子どもは、あれば苦労が絶えないので、むしろないほうが気が楽だということ。,
熱火「」に払う,熱火子に払う,緊急事態には、利己心が醜く現れるというたとえ。 炎が自分に迫ってきた時は、炎を我が子の方へ払いのけてでも助かろうとするとの意から。 ,
当て事と「」は向こうから外れる,当て事と越中褌は向こうから外れる,当てにしていた事は相手の都合で外れることが多いことのたとえ。 ,
後の「」、先でする,後の喧嘩、先でする,あとからもめ事が起こらないように、事前によく話し合いをしておくべきだということ。 ,
侮る「」に倒さる,侮る葛に倒さる,相手を馬鹿にして、かえって思わぬ不覚をとることをいう。牝牛に腹突かる。,
姉女房は身代の「」,姉女房は身代の薬,"意味	夫より年上の妻は家計のやりくりもうまく、夫に尽くすので、家庭が円満であるということ。",
姉は菅笠、妹とは「」,姉は菅笠、妹とは日傘,女性は嫁ぎ先しだいで、境遇に大きな差が出てくるということ。「菅笠」は農作業でかぶる笠。「日傘」は盛装などの時にさす日除けの傘。同じ家で育った姉妹でも、嫁ぎ先によって、菅笠をかぶってあくせく働いたり、日傘をさして優雅に出掛けたりと、違う境遇になるということから。,
あの世の「」、この世の一日,あの世の千日、この世の一日,あの世の極楽で千日暮らすより、この世で一日でも楽しむほうがよいということ。,
「」も靨,痘痕も靨,ひいき目で見ると、相手の欠点も長所に見えるということのたとえ。恋する者にとっては、相手のあばたも、かわいいえくぼに見えるというということから。,
家鴨も「」の気位,家鴨も鴨の気位,"それほどでもない者が、高い気位を持っていることのたとえ。 
姿のよくない家鴨が、鴨の気位を持つことから。",
「」も一度は渡れ,危ない橋も一度は渡れ,安全な方策ばかりとっていたのでは、成功することはできない。時には危険を冒してやってみるのも必要だということ。,
油紙に「」を注ぐよう,油紙に水を注ぐよう,他人の言うことを聞き入れず、取り合わないことのたとえ。,
甘い物に「」がつく,甘い物に蟻がつく,"意味	甘い物に蟻が集まるように、利益にありつけそうなところには人が人が群がるということ。",
雨垂れは「」,雨垂れは三途の川,家から一歩出れば、どんな災難や危険が待ちかまえているかわからないということ。軒下から落ちる雨だれが、三途の川のように、あの世とこの世の堺だから、家から出たら十分注意せよという戒めのことば。,
雨夜の「」,雨夜の月,想像するだけで、現実には見ることのできないもののたとえ。雨夜にも月はあるはずだが、目には見えないことから。,
あまり「」はまろびやすし,あまり円きはまろびやすし,人柄があまり温和すぎるのもよしあしで、少しくらい角がないと人につけ込まれやすいということ。「まろぶ」は転ぶの意。,
網、「」の魚を漏らす,網、呑舟の魚を漏らす,法の規制が及ばず、大悪人を取り逃がしてしまうことのたとえ。 網の目が粗いために、舟を呑み込むほどの大魚を逃がしてしまうことから。,
網なくて「」を覗くな,網なくて淵を覗くな,十分な用意なしでは物事はうまくいかないというたとえ。また、努力もしないで人を妬んではいけないということ。網を持たずに淵を覗き込んでも、魚は捕れるわけがないという意味から。,
網にかかるは「」ばかり,網にかかるは雑魚ばかり,悪事をはたらいても捕まるのは小物ばかりで、大物は巧みに逃げてなかなか捕まらないということ。皿嘗めた猫が科を負う。,
吹く風「」を鳴らさず,吹く風枝を鳴らさず,世の中がよく治まり平和なようすのたとえ。,
過ちて改めざる是を「」と謂う,過ちて改めざる是を過ちと謂う,人は過ちを犯したらすぐに反省して改めるべきであり、過ちを犯して改めようとしないことが本当の過ちであるということ。過ちては則ち改むるに憚ること勿れ。 ,
「」を文る,過ちを文る,過ちを取り繕うために、あれこれ言い訳をしてごまかそうとすること。「文る」は飾るで、取り繕うという意。,
待てば「」の日和あり,待てば海路の日和あり,今は思うようにいかなくても、じっと待てばそのうちにチャンスがめぐってくる。,
ありそうでないのが「」,ありそうでないのが金,人の内情は外見からではわからない。ありそうに見えても、意外にないのが金だということ。,
在りての厭い、亡くての「」,在りての厭い、亡くての偲び,生きている間は悪いところばかり目について疎ましかった人が、いざ亡くなってみると今度は良いところばかり思い出されて、恋しくなるということ。,
蟻の「」参り,蟻の熊野参り,多くの人が、ひっきりなしにぞろぞろ列を作って行くこと。,
ある時は「」の飯,ある時は米の飯,あとで困ると思いながらも、余裕のある時は贅沢や浪費をしてしまうということ。米の飯が貴重だった昔、特別な日に腹いっぱい米の飯を食べつくしてしまうことから。,
あるは「」なり思うは成らず,あるは厭なり思うは成らず,ものごとが思うようにいかないこと。 自分を好きになってくれる相手は好きになれず、自分が思う相手はふりむいてくれないという意味から。,
阿波に吹く風は「」にも吹く,阿波に吹く風は讃岐にも吹く,ある土地の風習は、他の土地にも移る。上の人の行いは、下の者も真似るようになるということ。また、どこの土地でも人情は変わらないということ。,
「」の待ち食い,鮟鱇の待ち食い,働かずにじっと機会を待って、利益を得ようとすることのたとえ。鮟鱇は大口を開けて、小魚が口に入ってくるのを待ち受けていることから。,
案じるより「」,案じるより団子汁,あれこれ心配しても仕方ないから、団子汁でも食べて気を紛らわしたほうがよいという助言。 団子汁は餡汁に団子を入れたもの。ただの餡汁よりいいというしゃれでもある。,
安に居て「」を思う,安に居て危を思う,平和の時でも、常に災難・危機に対する備えを忘れないようにすること。,
「」あって猛からず,威あって猛からず,威厳があり、しかも温厚で荒々しくないようす。孔子の人柄を弟子が評したことばで、君子の理想的な人柄をいうことば。,
いい「」は悪い,いい後は悪い,いい事があった後は、とかく悪いことが起こりがちであるから、調子に乗ってはいけないということ。,
言い勝ち「」,言い勝ち功名,多少筋が通らない意見でも、たくさんしゃべる人の意見に賛同する人が増え、結局は支持されるようになるということ。つまり、黙っていては、どんな良い意見も人には伝わらないということ。,
言いたいことは「」言え,言いたいことは明日言え,言いたいことがあっても、すぐ口に出すのではなく、じっくりと考えてから言うほうが失言しないということ。,
家柄より「」,家柄より芋茎,良い家柄より、食べられる芋がらの方が値打ちがあるということ。落ちぶれた名家をあざける言葉。,
家に「」、国に盗人,家に鼠、国に盗人,規模の違いはあるが、どんな所にも悪いことをする者がいるということ。,
家貧しくして「」を思う,家貧しくして良妻を思う,家が貧しいと、家計を上手く切り盛りしてくれるよい妻が欲しいと思うものだということ。困難がおこると、それを助けてくれる人が現れるのを望むことのたとえ。,
毬栗も「」から割れる,毬栗も内から割れる,誰でも年ごろになると自然と色気が出てくるということのたとえ。特に女性についていう。 鋭いとげのある毬栗でも熟せば自然にはじけて実が飛び出すとの意から。,
鋳掛屋の「」,鋳掛屋の天秤棒,出しゃばりな人、また、その行為のたとえ。,
怒りは「」と思え,怒りは敵と思え,怒りは慎むべきであるという戒めの言葉。 徳川家康の遺訓のひとつ。,
怒りを「」さず,怒りを遷さず,腹が立つことがあっても、他人に当り散らしてはいけないということ。,
怒れる拳、「」に当たらず,怒れる拳、笑顔に当たらず,怒って強い態度で向かってきた者に対しても、優しい態度で接するほうが効果的であるということ。,
息の臭きは「」知らず,息の臭きは主知らず,自分の欠点は自分では気づかないということ。臭い者身知らず。,
衣錦の「」,衣錦の栄,成功して錦の衣服を着て故郷に帰る名誉のこと。,
意見と「」はつくほど練れる,意見と餅はつくほど練れる,餅は、つけばつくほど練れて粘りのあるおいしい餅になる。他人の意見も、つき従うようにすればするほど、よい結果が得られるということ。,
石が流れて「」が沈む,石が流れて木の葉が沈む,物事の道理が逆であることのたとえ。,
石に漱ぎ、「」に枕す,石に漱ぎ、流れに枕す,負け惜しみが強いことのたとえ。また、屁理屈をつけて自説を正当化することのたとえ。漱石枕流。,
石部金吉「」,石部金吉鉄兜,非常に物堅く生真面目な人のこと。また、融通のきかない人のこと。,
医者が取るか「」が取るか,医者が取るか坊主が取るか,生死の境にいるような重病人のこと。,
医者寒からず「」寒し,医者寒からず儒者寒し,医者はおおむね裕福で、学者はたいてい貧乏だということ。,
医者の薬も「」,医者の薬も匙加減,何事も加減が大事だというたとえ。 ,
「」の不養生,医者の不養生,口では立派なことを言いながら、自分では実行していないことのたとえ。,
石を抱きて「」に入る,石を抱きて淵に入る,自分から進んで災難や危険を招くようなことをするたとえ。,
出雲の神より「」の紙,出雲の神より恵比寿の紙,縁結びの神である出雲の神様より、裏面に恵比寿の顔が描かれている紙（明治時代の紙幣）のほうがよい。恋愛より金銭のほうがたいせつである、というたとえ。,
伊勢へ七度、「」へ三度,伊勢へ七度、熊野へ三度,信仰心が深いことのたとえ。 ,
「」の文は静かに書け,急ぎの文は静かに書け,急ぎの手紙ほど大事な用件が多く、あせって早く書こうとすると間違うことが多いので、落ち着いてゆっくり書いとほうがいいということ。,
「」の功を一簣に虧く,九仞の功を一簣に虧く,それまで積み上げてきた成果や功績が、最後の些細なものが足らずに未完成となり台無しになることのたとえ。,
板子一枚下は「」,板子一枚下は地獄,船乗りという仕事の危険なことのたとえ。,
「」痒し,痛し痒し,二つのうち、どちらをとっても具合が悪く、どうしたらよいか判断に迷う様子。 ,
一押し、二金、三「」,一押し、二金、三男,女性をくどくには、第一が押しの強さ、二番目が金の力、男ぶりのよさは三番目だということ。,
一髪、二化粧、三「」,一髪、二化粧、三衣装,女性を美しく見せるのは、第一は髪かたちの美しさ、二番目は化粧、三番目が衣装だということ。,
一芸は「」に通ずる,一芸は道に通ずる,一芸を極めた人は、他のどんな分野においても人にぬきんでることができるということ。,
一時の懈怠は「」の懈怠,一時の懈怠は一生の懈怠,わずかな時間の怠け心が、一生を怠けることになるという戒め。,
一日再び「」なり難し,一日再び晨なり難し,一日に二度朝が来ることがない。だから時間を大切にして勉学に励めという戒めのことば。,
一度はままよ二度は「」,一度はままよ二度はよし,悪事を行うとき、最初は良心がとがめながら、なるようになれという気で行うが、二度目からはなんとも思わなくなり平気でのめりこんでいくということ。,
一度焼けた「」は二度は焼けぬ,一度焼けた山は二度は焼けぬ,一度災いに遭うと二度と同じ災いに遭うことはないと、災難に遭った人を慰めて言うことば。,
一に「」二に介抱,一に養生二に介抱,病気を治すには、まず患者自身が医師の指示に従って病気を治すように心がけることが大切であり、次に周囲の人々の行き届いた世話が大切であるということ。,
「」に帰するが如し,市に帰するが如し,多くの人が市場に集まるように、人徳のある人のところへ人々が慕って集まるということ。,
一に褒められ二に憎まれ三に惚れられ四に「」,一に褒められ二に憎まれ三に惚れられ四に風邪ひく,くしゃみについてのことわざ。一回なら誰かに褒められているし、二回は憎まれていて、三回は惚れられているが、四回は風邪をひく前兆である。,
一人善く射れば百夫「」す,一人善く射れば百夫決拾す,一人の優れた人物の登場で、多くの人々が刺激されて奮起することのたとえ。,
一番風呂は「」が入る,一番風呂は馬鹿が入る,沸かしたてのお湯はきめが粗くて刺激が強く体によくないということ。,
一枚の紙にも「」,一枚の紙にも裏表,紙にも裏表があるように何事にも裏表があるということ。,
逸物の「」も放さねば捕らず,逸物の鷹も放さねば捕らず,どんなに手腕が優れ実力のある者でも、機会を与え地位を与えてもらわなければ、実力を発揮できるものではないというたとえ。,
一文惜しみの「」知らず,一文惜しみの百知らず,目先の損得にとらわれて、あとで大損することに気づかない愚かさを嘲笑するたとえ。,
一家の「」は千家の怨み,一家の富貴は千家の怨み,一軒の家だけが金持ちで豊かになると世間のの人々から妬まれたり恨まれたりすると言う事。,
一家を「」す,一家を機杼す,機を織っていろいろな模様を織り出すように、独自の言論や文章を作り出して一派を立てること。 ,
一行失すれば「」ともに傾く,一行失すれば百行ともに傾く,一つの行いに悪い所があると、他に多くの正しい行いがあっても、全部正しくないと思われてしまう。たった一つの悪行のせいで多くの善行が駄目になってしまうと言う事。,
一犬影に吠ゆれば百犬「」に吠ゆ,一犬影に吠ゆれば百犬声に吠ゆ,一人がいいかげんなこと言い出すと、世間の多くの人がそれを真実として広めてしまうことのたとえ。 一匹の犬が何かの影を見て吠え出すと、辺りの百匹の犬がそれにつられて吠え出すとの意から。 三人虎を成す。,
一将功成りて「」枯る,一将功成りて万骨枯る,輝かしい功績をあげた人の陰には、多くの人の努力や苦労があるというたとえ。 指導者だけが功名を得ることを嘆く言葉。 ,
一生添うとは男の「」,一生添うとは男の習い,一生君を愛して離さない、というのは男が女を口説くときの決まり文句であるということ。,
一寸延びれば「」延びる,一寸延びれば尋延びる,目の前の困難を切り抜ければ、先々楽になるということのたとえ。 「一寸」は約３センチ、「一尋」は約１８０センチ。 ,
一箪の食、「」の飲,一箪の食、一瓢の飲,わずかな飲食物のこと。また、きわめて貧しい生活のたとえ。 ,
「」を輸する,一籌を輸する,わずかに負ける。ちょっと劣る。 ,
短気は「」,短気は損気,短気を起こすと、結局は自分の損になる。,
一匹の馬が狂えば「」の馬も狂う,一匹の馬が狂えば千匹の馬も狂う,一人の行いが他の大勢を駆り立ててしまうことのたとえ。群集が他人の言動に同調しやすいことのたとえ。 ,
溢美の「」,溢美の言,ほめ過ぎのことば。 ,
いつまでもあると思うな「」と金,いつまでもあると思うな親と金,独立と倹約を心がけよという戒めのことば。 ,
いつも月夜に「」,いつも月夜に米の飯,飽きることのない気楽な生活のたとえ。また、現実はなかなかそうはいかないということ。 ,
田舎に「」あり,田舎に京あり,田舎にもにぎやかな所、みやびた点がないわけではない。また、悪い土地にも良い所がある。,
居ない者「」,居ない者貧乏,その場に居合わせない者は、分け前をもらえなかったり、自分のうわさ話をされたりして、いろいろと損をするということ。,
田舎の学問より京の「」,田舎の学問より京の昼寝,田舎で勉強するより、たとえ昼寝をしながらのんびり過ごしたとしても、都会に身を置いたほうがさまざまな人や物に接するため、多くのことを学ぶということ。,
犬が西向きゃ「」は東,犬が西向きゃ尾は東,当たり前のことのたとえ。雨の降る日は天気が悪い。,
犬は人につき猫は「」につく,犬は人につき猫は家につく,引っ越す時、犬は飼い主について行くが猫は家から離れようとしないということ。,
犬は三日飼えば三年「」を忘れぬ,犬は三日飼えば三年恩を忘れぬ,犬は三日間餌をやってかわいがれば三年間恩を忘れない。犬でさえそうなのだから、人間は受けた恩を忘れてはいけないという戒めの言葉。,
犬骨折って「」の餌食,犬骨折って鷹の餌食,苦労して手に入れかけたものを、横からかすめ取られてしまうことのたとえ。 鷹狩りで、犬が苦労して草むらから追い出した獲物を、鷹が取ることから。,
犬も朋輩、「」も朋輩,犬も朋輩、鷹も朋輩,役目や地位が違っても、同じ職場で働けばみな同僚であることには変わりないので、仲良くすべきであるということ。 鷹狩りにおいて、犬と鷹は役目が違うが、同じ主人に仕える仲間であるとの意から。,
命長ければ「」多し,命長ければ恥多し,長く生きていれば、それだけ恥をかく事も多くなるということ。 ,
命長ければ「」を見る,命長ければ蓬萊を見る,長生きをしていれば、思いがけない幸運に会うこともあるということ。,
命は「」より軽し,命は鴻毛より軽し,命は尊いものだが、正義のためなら捨てても少しも惜しくはないということ。「義は泰山より重く」に続く。,
祈るより「」,祈るより稼げ,困難に直面した時は、神仏に祈るより、自力で働いて解決しろということ。,
移木の「」,移木の信,約束を確実に実行すること。,
居仏が「」を使う,居仏が立ち仏を使う,座っている者が、立っている者に用事を頼むたとえ。,
今鳴いた「」がもう笑う,今鳴いた烏がもう笑う,今まで泣いていた子どもが、すぐに機嫌を直して笑うこと。,
今の「」は後の仇,今の情けは後の仇,一時の安易な同情による手助けは、かえって相手のためにならず、あとになって害になることがあるということ。,
今参「」日,今参二十日,新参者の奉公人は、来たばかりのうちはよく働くが、日が経つにつれて怠けるようになるということ。 ,
今際の「」誰も唱える,今際の念仏誰も唱える,不信心な人でも、死に際には念仏を唱えて仏にすがるということ。死にがけの念仏。,
「」でも頭は頭,芋頭でも頭は頭,どんなに小さな集団の長でも、長にかわりはないということ。,
「」でもつつけば動く,芋虫でもつつけば動く,催促をすれば、何ほどかの効果はあるということ。待っていてはいつまでたっても決着がつかないようなときに用いる言葉である。,
倚門の「」,倚門の望,母親が子どもの帰りを待ちわびること。また、そういう母親の愛情のこと。,
いやいや「」,いやいや三杯,口先だけの遠慮のこと。 ,
厭と頭を「」に振る,厭と頭を縦に振る,うわべの態度と本心とがまるで違うことのたとえ。 ,
いらぬお世話の「」,いらぬお世話の蒲焼,余計なおせっかいだということ。,
入り船あれば「」あり,入り船あれば出船あり,港に入ってくる船もあれば出て行く船があるように、世の中のことはさまざまであるということ。,
色気と「」の気のない者はない,色気と痔の気のない者はない,人は誰でも似たり寄ったりだということ。痔で悩む人が多いことから、色気と痔の気の語呂を合わせて生まれたことわざ。,
炒り豆と「」はそばにあると手が出る,炒り豆と小娘はそばにあると手が出る,心が動きやすいことのたとえで、炒り豆はあとを引く食べ物で、そばにあるとつい手が出るし、小娘は若くて魅力があるので、そばにいるとつい手が出てしまうことのたとえである。,
色の「」は七難隠す,色の白いは七難隠す,色が白ければ、顔かたちに多少の欠点があっても気にならないということ。,
恋は「」の外,恋は思案の外,恋愛は理性を失わせため、常識や理屈で理解できるものではないということ。 ,
「」で精進落ち,鰯で精進落ち,せっかくの努力がつまらないことで報われなくなることのたとえ。また、長い間の努力が十分に報われないことのたとえ。 ,
言わぬが「」,言わぬが花,はっきりと口に出していうより、黙っていたほうが趣があるということ。,
言わぬことは「」,言わぬことは聞こえぬ,口に出して言わなければ、相手に伝わらず理解させることができないということ。,
「」鑑遠からず,殷鑑遠からず,戒めとなる失敗の例は、すぐ身近にあるというたとえ。 ,
陰徳あれば必ず「」あり,陰徳あれば必ず陽報あり,人知れず善い行いをする者には、必ず善い報いがあるということ。,
有為転変は「」の習い,有為転変は世の習い,この世の一切の事物は因縁によって生じ、常に変化し続けていくはかないものであるということ。,
痩せ馬「」を恐れず,痩せ馬鞭を恐れず,生活に困った人間は、危険な事や悪い事をするのを恐れないことのたとえ。 ,
飢えては「」を択ばず,飢えては食を択ばず,飢えているときには、食べ物を選り好む余裕などないため、何でも食べるということ。,
上見ぬ「」,上見ぬ鷲,何者もおそれずゆったりと落ち着いている様子。また、他をはばからず傲慢にふるまうことのたとえ。,
うかうか三十「」四十,うかうか三十きょろきょろ四十,歳月の過ぎるのが早く、人生が無為に過ぎることのたとえ。 ,
浮き沈み「」,浮き沈み七度,長い人生には良いときもあれば悪いときもあり、それを何度も繰り返すということ。,
憂き身を「」,憂き身をやつす,"苦労や辛さなどを意に介さずに物事に熱中すること。 
また、無意味なことに夢中になること。",
浮世は「」七分,浮世は衣装七分,とかく世間では外見を重んじ、うわべで内容を判断しがちだということ。,
「」は回り持ち,浮世は回り持ち,幸不幸、貧富、栄枯盛衰などは絶えず人から人へと回っていき、一ヶ所にとどまらないということ。,
浮世渡らば「」で渡れ,浮世渡らば豆腐で渡れ,世渡りは、内面にやさしさと柔軟性をもち、物事のけじめはきっちりとつけよというたとえ。,
「」鳴かせたこともある,鶯鳴かせたこともある,若いころは魅力的で異性にもてはやされたこともあったと、老女が昔を自慢していうことば。女性の美しさを梅、男性を鶯にたとえて枝にとまらせて鳴かせたという意味。,
有卦に「」,有卦に入る,運が向いてきて、すべてがうまくいくこと。,
兎を見て「」を呼ぶ,兎を見て犬を呼ぶ,"事を見極めてから対策をしても遅くないということ。 
また、一見手遅れに見えても、対策次第で間に合うこともあるので、あきらめてはいけないということ。 ",
牛に引かれて「」参り,牛に引かれて善光寺参り,人に連れられてある場所へ出かけて行くこと。また、自分の意思ではなく他人の誘いによって、よい方向に導かれることのたとえ。 ,
牛の小便と「」の意見は長くても効かぬ,牛の小便と親の意見は長くても効かぬ,牛の小便はだらだらと長くて量も多いが肥料としての効き目は少なく、親の説教も長いばかりで効果があるわけではないということ。,
烏鵲の「」,烏鵲の智,遠い先のことばかり心配して、すぐそばに危険が迫っていることに気がつかない愚かさのたとえ。 ,
烏集の「」,烏集の交わり,相手を選ばないで結びついた交わり。うそが多く、利欲のためにすぐ争いを起こす交わり。,
氏より「」,氏より育ち,人格形成に大事なのは、家系や血統より育った環境であるということ。,
後ろ千両前「」,後ろ千両前一文,後ろ姿はとても美しいのに、前から見ると全然美しくないこと。,
後ろに「」なし,後ろに目なし,背後にあるものが見えないように、誰にでも気がつかないことがあるということ。,
牛を「」に乗り換える,牛を馬に乗り換える,不利な方から有利な方へ乗りかえることのたとえ。 ,
臼から「」,臼から杵,女性から男性に言い寄ることのたとえ。物事が逆であることのたとえ。 ,
「」は後から剥げる,嘘は後から剥げる,嘘は、つくそばから、すぐにばれること。,
打たねば「」,打たねば鳴らぬ,何もしなければ何も生まれない。何事も行動しなければ成果はでないということ。,
「」は世につれ世は歌につれ,歌は世につれ世は歌につれ,歌は世相の変化に伴って変わっていき、世相も歌の流行に影響されるということ。,
打たれても「」の杖,打たれても親の杖,親が子を杖で打つ叱り方も、慈愛がこもっているので子は感謝すべきだということ。打つも撫でるも親の恩。,
内で掃除せぬ「」は外で毛を振る,内で掃除せぬ馬は外で毛を振る,家庭のしつけが悪い子どもは、外に出るとすぐにわかるということのたとえ。 飼い主の手入れの悪い馬は、外に出た時に毛を振って汚れを落とそうとするので、すぐにわかるとの意から。,
移れば変わる「」の習い,移れば変わる世の習い,時代が移り変われば世の中も変わっていくのが当然だということ。 ,
鵜の真似をする「」,鵜の真似をする烏,自分の能力をわきまえず、人の真似をして失敗することのたとえ。 ,
「」は二度考えよ,旨い事は二度考えよ,うまい話には裏があったり危険が伴うことがあるので、すぐに飛びつかずにじっくり考えるのがよいという戒めの言葉。,
「」は小人数,旨い物は小人数,旨い物を食べる時は小人数の方がたくさん食べられるということ。また、儲け話も小人数でやる方が、分け前が多くなってよいということ。,
馬に乗るまでは「」に乗れ,馬に乗るまでは牛に乗れ,高い地位につくためには、まず低い地位で力をつけよということ。また、最善の策がとれない時は、次善の策をとれということ。 ,
馬には乗ってみよ「」には添うてみよ,馬には乗ってみよ人には添うてみよ,何事も経験してみなければわからないということ。 ,
馬持たずに「」貸すな,馬持たずに馬貸すな,物の扱い方を知らない人に、物を貸してはいけないということ。 ,
生まれたあとの「」,生まれたあとの早め薬,時機に間に合わず、何の役にも立たないことのたとえ。 赤ん坊が生まれた後で、出産を促す薬を飲むとの意から。,
馬を「」と言う,馬を牛と言う,権力などを利用して、自分の主張を無理に押し通すことのたとえ。,
馬を「」につれていけても水を飲ませることはできない,馬を水辺につれていけても水を飲ませることはできない,その気のない人間は、周囲がいくら心配したり気をもんだりしても無駄であるというたとえ。,
「」相通じる,有無相通じる,互いに足りないものを交換し融通し合うこと。,
埋もれ木に「」,埋もれ木に花咲く,長い間不運だった人に意外な幸運が訪れることのたとえ。また、世間から忘れ去られていた人が再び脚光を浴びて世に出ることのたとえ。 ,
恨み「」に徹す,恨み骨髄に徹す,相手を激しく恨む様子。,
怨みほど「」を思え,怨みほど恩を思え,人は怨みという感情はなかなか忘れないが、恩義を受けたことは忘れがちである。怨みを忘れないのと同じように、恩を忘れてはいけないということ。,
売られた「」は買わねばならぬ,売られた喧嘩は買わねばならぬ,自分の身に危険が迫ってくれば、それを防がなければならないというたとえ。,
売家と「」で書く三代目,売家と唐様で書く三代目,初代が苦労して残した財産も、三代目にもなると没落し、家を売りに出すような羽目になるが、その「売家」と書いた札の文字は唐様（中国風）でしゃれている。仕事をしないで道楽三昧をする人を皮肉ったもの。,
売り物には「」を飾れ,売り物には花を飾れ,商品は中身の良さだけでなく、見た目もきれいに飾って売るのが商売のこつだということ。,
漆は剝げても「」は剝げぬ,漆は剝げても生地は剝げぬ,人の持って生まれた素質は変わることはないというたとえ。 ,
浮気と「」はやめられぬ,浮気と乞食はやめられぬ,悪い習慣はあらためにくいということ。 ,
運根「」,運根鈍,人生で成功するためには、運がよいこと、根気があること、物事にこだわらないことの三つが必要だということ。,
蘊蓄を「」,蘊蓄を傾ける,自分の持っている知識・技能のすべてを発揮すること。,
運用の「」は一心に存す,運用の妙は一心に存す,何事もその機能をうまく活用するためには、それを用いる人の心ひとつにかかるということ。,
運を待つは「」を待つに等し,運を待つは死を待つに等し,努力せずに、ただ幸運を待っているのは、自らの死を待つように愚かなことだということ。,
満つれば「」,満つれば虧く,物事は盛りに達すれば必ず衰えはじめるというたとえ。,
易者、「」知らず,易者、身の上知らず,他人のことについてはいろいろと言えても、自分のことはよくわからないことのたとえ。医者の自脈効き目なし。 ,
得難きは時逢い難きは「」,得難きは時逢い難きは友,よい機会をつかむのはむずかしく、よい友に出会うのはむずかしい。,
えせ侍の「」弄り,えせ侍の刀弄り,実力の乏しい者ほど外見をとりつくろうことのたとえ。 ,
枝を矯めて「」を散らす,枝を矯めて花を散らす,小さな欠点にこだわって、かえって大事な部分をなくしてしまうことのたとえ。,
泳ぎ上手は「」で死ぬ,泳ぎ上手は川で死ぬ,得意なことだと、つい気が緩んで失敗するというたとえ。,
江戸っ子は「」の鯉の吹き流し,江戸っ子は五月の鯉の吹き流し,江戸っ子は口は悪いが気性はさっぱりとしていて、物事にこだわらないということ。また、口先ばかり威勢がよくて意気地がないということ。,
江戸は八百八町、大坂は八百八「」,江戸は八百八町、大坂は八百八橋,江戸は町の数が多く、大阪には橋が多くて、どちらも町並みが広くにぎわっているということ。,
榎の実は生らば生れ木は「」の木,榎の実は生らば生れ木は椋の木,道理にかなっていなくても主張を曲げないこと、また強情で人の意見に従わないことのたとえ。 榎の木を椋の木と誤り、榎の実が生った後も椋の木だと言い張ることから。 ,
栄耀に「」の皮を剝く,栄耀に餅の皮を剝く,度を越したぜいたくをするたとえ。,
選んで「」を摑む,選んで粕を摑む,えり好みをし過ぎたために、かえってつまらないものを掴んでしまうたとえ。,
宴安は「」,宴安は酖毒,いたずらに遊び楽しむことは猛毒の酖毒と同じで、最後には身を滅ぼす。,
「」の痼疾,煙霞の痼疾,自然の風景を愛する気持ちが非常に強いこと。または、隠居して自然と親しみながら暮らすこと。 ,
焔焔に滅せずんば「」を若何せん,焔焔に滅せずんば炎炎を若何せん,災いがまだ小さい内に解消しておかなければ、大きくなってからでは取り返しがつかなくなる、ということのたとえ。,
遠親は「」に如かず,遠親は近隣に如かず,遠くにいる親類よりも、近所にいる他人の方が、いざというときには頼りになること。,
縁なき「」は度し難し,縁なき衆生は度し難し,人の忠告を聞き入れようとしない者は、救いようがないということ。 ,
縁は「」なもの、味なもの,縁は異なもの、味なもの,男女の縁というものは、どこでどう結ばれるかわからず、予測のつかない不思議でおもしろいものだということ。合縁奇縁。,
遠慮なければ「」あり,遠慮なければ近憂あり,遠い将来を見越した考えを持っていないと、必ず急な憂い事が起こるということ。 ,
遠慮ひだるし[]寒し,遠慮ひだるし伊達寒し,外見や体裁ばかりを飾ることを戒める句。遠慮が過ぎると御馳走に手を出せないし、厚着を避けて容姿ばかり気にしていると寒い。他人の目ばかり気にする必要はない。,
「」は曲がらぬ,老い木は曲がらぬ,老人の頑固さのたとえ。 また、欠点は若いうちになおさないと年をとってからでは手遅れであるということ。,
老いて再び「」になる,老いて再び稚児になる,老人になると、理解する力や判断の能力が衰えて、子供に戻ることをいう。,
往時「」としてすべて夢に似たり,往時渺茫としてすべて夢に似たり,過ぎ去った昔の事はもうはるかかなたの事で、とりとめがなく、まるで夢のように思えるということ。,
応接に「」あらず,応接に暇あらず,人の相手をするのに追われて休む暇もないようす。また、ものごとが次から次へと起こって多忙なようす。,
負うた子に教えられて「」を渡る,負うた子に教えられて浅瀬を渡る,人は時には自分より経験の浅い年下の者から物事を教わることもあるというたとえ。,
負うた子より「」,負うた子より抱いた子,身近なことを優先したり、大事にするのが人情だというたとえ。背中に負ぶった子より前に抱いている子を先に面倒見てしまう意から。,
負えば「」,負えば抱かれよう,一つのことをしてやると、図に乗ってさらにその上のことを要求することで、子供にせがまれて仕方なく背負ってやると、甘えて次は抱いてくれということから。,
大嘘はつくとも「」はつくな,大嘘はつくとも小嘘はつくな,誰も信用しなような大きな嘘はついても害が少ないが、小さな嘘は真偽がわかりにくく、人が信じ込む恐れがあるので、ついてはいけないということ。,
大男総身に「」が回りかね,大男総身に知恵が回りかね,からだばかり大きくて愚かな男をあざけっていう言葉。,
「」に衣,狼に衣,まるで僧衣をまとった狼のように、慈悲深い善人のようにみせかけて内面は恐ろしいことのたとえ。 ,
大きな家には大きな「」,大きな家には大きな風,人にはそれぞれの境遇に合った悩みがあるということ。 金持ちは何の心配もないように見えるが、家が大きければ、それなりに風当たりが強く、金持ちなりの悩みがあるとの意から。,
大遣いより「」,大遣いより小遣い,大きくまとまった一度の出費よりも、日常のこまごました出費のほうが、かえって大きい金額になりやすいというたとえ。,
大鍋の底は撫でても「」,大鍋の底は撫でても三杯,規模が大きいものは、何から何まで大きくてたいしたものだということ。 大きな鍋は底に残ったものを集めても碗に三杯分はあるという意味から。,
大「」に飲み水なし,大水に飲み水なし,大勢の人がいても、本当に役に立つ人は少ないということ。 洪水の水はたくさんあっても、飲み水としては使えないとの意から。 ,
陸に上がった「」,陸に上がった河童,自分の能力やわざを発揮できる環境から離れて、力が出せず無力になるたとえ。,
置かぬ棚をも「」,置かぬ棚をも探せ,念には念を入れて探せということ。 絶対に置いたはずのない棚でも念のために探してみるべきとの意から。,
起きて働く「」,起きて働く果報者,健康で働けることは、何よりも幸せだということ。,
起きて「」、寝て一畳,起きて半畳、寝て一畳,人間は必要以上の豊かさをもとめても仕方ないということ。,
屋烏の「」,屋烏の愛,人を愛すると、その人に関する全てのものが愛しくなるということのたとえ。,
「」に愧じず,屋漏に愧じず,たとえ人が見ていない場所でも、人に知られて恥じるような行いはしないということ。,
「」の水渡り,螻蛄の水渡り,初めは熱心だが、途中でやめてしまうことのたとえ。,
「」は心常に貧し,奢る者は心常に貧し,贅沢な生活を好む者は、満足することを知らず、満たされずに常に不平不満の気持ちを持ち続け、その心は貧しいということ。,
教うるは「」の半ば,教うるは学ぶの半ば,人に教えるということは、自分の知識をより深めなければならないから、半分は自分の勉強になるということ。,
おじが「」の草を刈る,おじが甥の草を刈る,目上の者が目下の者のために奔走させられることのたとえ。,
「」掉わず,尾大掉わず,位が下の者が強大で、上の者の制御が及びにくいことのたとえ。,
煽てと「」には乗りたくない,煽てと畚（もっこ）には乗りたくない,おだてには乗りたくない、ということを強調した言葉。「畚」は、棒で担いで土や石を運ぶ道具。江戸時代、畚は死刑囚を運ぶのにも使われたことから、他人の煽てにも畚にも乗りたくないといったもの。,
落ち武者は「」の穂にも怖ず,落ち武者は薄の穂にも怖ず,怖いと思えば、なんでもないものまで怖く感じることのたとえ。戦に負けて逃げる落ち武者は、揺れるすすきの穂まで怖がるということから。,
顎で「」を追う,顎で蠅を追う,やせ衰えて元気がないようす。蠅を手で追い払う元気もなく顎を動かして追い払う意から。 ,
見栄張るより「」張れ,見栄張るより頬張れ,見栄や体勢を考えて遠慮するよりも、差し当たっての利益を考えよ、という教訓。,
男は度胸、女は「」,男は度胸、女は愛嬌,男にとって大切なものは、物事に動じない強い度胸で、女にとって大切なものは、にこやかでかわいらしい魅力だということ。,
男は「」百貫,男は裸百貫,男は無一文でも、働いて財産や地位を築くことができるので、裸でも百貫の値打ちがあるということ。,
男鰥に「」が湧き、女寡に花が咲く,男鰥に蛆が湧き、女寡に花が咲く,妻のいない男は身の回りの世話をしてくれる人がいなくなり不潔な生活になりがちなのに対し、未亡人は、夫にわずらわされることがなくなり、自分の身を美しく清潔に出来るので、世間の男にもてはやされ華やかだということ。,
鬼が住むか「」が住むか,鬼が住むか蛇が住むか,世の中にはどんな恐ろしいものが住んでいるかわからないということ。 また、人の心の中にはどんな考えが潜んでいるかわからないということ。,
鬼にもなれば「」にもなる,鬼にもなれば仏にもなる,相手次第、出方次第で、鬼のようにこわい存在にもなれば、仏のようにやさしい存在にもなるということ。,
「」の念仏,鬼の念仏,鬼のように冷酷な心を持った者が、うわべだけ情け深い様子を見せること。,
「」の目にも見残し,鬼の目にも見残し,鬼のようにくまなく目を光らせている人でも、時には見落としや不注意があるというたとえ。,
鬼も「」、番茶も出花,鬼も十八、番茶も出花,器量が悪くても、年ごろになれば誰でも娘らしい魅力が出てくるということ。 ,
己に如かざる者を「」とするなかれ,己に如かざる者を友とするなかれ,自分をより向上させるためには、自分より劣った者を友として交際すべきではないという教え。,
己を以て「」を量る,己を以て人を量る,人はとかく自分を基準にして、他人のことを判断しがちだということ。,
「」打ち枯らす,尾羽打ち枯らす,落ちぶれて、みすぼらしい姿になることのたとえ。 ,
帯に短し、「」に長し,帯に短し、襷に長し,中途半端で役に立たない物事のたとえ。 ,
思し召しより「」の飯,思し召しより米の飯,思いやりのある言葉よりも実際に役に立つものをもらうほうが有り難いということ。 ,
お前百までわしゃ「」まで,お前百までわしゃ九十九まで,夫婦がともに元気で仲睦まじく長生きしたいと願う言葉。,
御神酒上がらぬ「」はない,御神酒上がらぬ神はない,神様でさえお酒を召し上がるのだから、人間が酒を飲むのは当たり前だということ。 ,
思う事一つ叶えばまた「」,思う事一つ叶えばまた一つ,欲望には限りがないということ。,
重荷に「」,重荷に小づけ,重い負担がある上に、さらに負担が加わること。 「小づけ」は、大きな荷物の上に乗せる小さな荷物のこと。 ,
親思う心にまさる「」,親思う心にまさる親心,子どもが親を思う気持ちよりも、親の子どもに対する愛情のほうがより深いというたとえ。,
「」思いの主倒し,親方思いの主倒し,主人のためを思ってしたことが、逆に主人に不利益をもたらすこと。,
「」日の丸,親方日の丸,国家が後ろ盾になっている官庁や公営企業などは、倒産の心配もなく利益を図る必要もないだろうと、公務員の気楽さを皮肉っていうことば。,
親子は一世、夫婦は二世、「」は三世,親子は一世、夫婦は二世、主従は三世,親子の関係は現世だけのものであり、夫婦は前世と現世または現世と来世の二世に渡る。,
親ずれより「」,親ずれより友ずれ,子どもにとっては、親から受ける影響よりも友達から受ける影響のほうが大きいということ。,
親父と「」は辛いほどいい,親父と南蛮は辛いほどいい,父親は子供に対して厳しければ厳しいほどよいこと。,
親の「」が毒となる,親の甘茶が毒となる,親が子どもを甘やかして育てると、その子のためにならず、むしろ毒になるいうこと。,
親の意見と「」の花は千に一つも無駄はない,親の意見と茄子の花は千に一つも無駄はない,茄子の花に無駄花がないように、親が子どもにいう意見も一つも無駄がなく、すべて子どもの役に立つことばかりであるということ。,
親の意見と「」は後で利く,親の意見と冷や酒は後で利く,親の意見は聞き流してしまいがちだが、後になると納得できて、ありがたいと思うようになるということ。,
親の「」が子に報う,親の因果が子に報う,親の悪行の結果、罪のない子どもが災いを受けること。,
親の恩は「」で送る,親の恩は子で送る,わが子をりっぱに育てることで、親から受けた恩を返すということ。,
親の「」、子は知らぬ,親の十七、子は知らぬ,親は自分が未熟だった若い頃の失敗談などをしないから、子どもにはわからない。完全なふりをして子どもに意見する親を皮肉っていう言葉。,
親馬鹿「」馬鹿,親馬鹿子馬鹿,わが子かわいさのあまり、親は子の愚かさを見抜けず、子は親の愛情に甘えて愚かなまねをするということ。,
親を睨む「」になる,親を睨むと鮃になる,親に反抗したりおろそかに扱ったりしてはいけないという戒めの言葉。 ,
及ばぬ「」の滝登り,及ばぬ鯉の滝登り,どんなに頑張ってもとうてい不可能なことのたとえ。また、いくら望んでも見込みのない恋のたとえ。,
愚か者に「」あり,愚か者に福あり,愚か者は欲も野心もないので、人に恨まれたり憎まれたりすることもなく、平穏無事で幸福な人生を送ることができるということ。,
尾を振る「」は叩かれず,尾を振る犬は叩かれず,従順な人は誰からも害を加えられることはないというたとえ。,
女の一念、「」をも徹す,女の一念、岩をも徹す,女が執念深いことのたとえ。,
女の髪の毛には「」も繋がる,女の髪の毛には大象も繋がる,女の魅力には、男の心を引きつける強い力があるというたとえ。,
「」を以て怨みに報ず,恩を以て怨みに報ず,恨みのある者に対して、復讐するのではなく、逆に恩徳を施すような広い心で接すること。,
書いた物が「」を言う,書いた物が物を言う,口約束はあてにならないが、紙に書いた物は証拠になるということ。,
甲斐無き「」が夜を明かす,甲斐無き星が夜を明かす,体の弱い人はいろいろと自分から気をつけるのでかえって長命である。,
買うは「」に勝る,買うは貰うに勝る,人から物を貰えば得したような気がするが、気持ちの負担になるし相手に借りができてしまったりする。物はもらうよりも自分で買うほうがよいということ。,
屈み女に「」,屈み女に反り男,女は少しうつむき加減にしている姿が良く、男は少し胸を張った反り加減の姿が良いということ。,
懸かるも引くも「」による,懸かるも引くも折による,事を始めるのも終わらせるのも時機が大事だというたとえ。,
垣堅くして「」入らず,垣堅くして犬入らず,家庭内が健全であれば外部からこれを乱すような者が入ってくることはないということ。,
「」の断食,餓鬼の断食,あたりまえのことなのに、特別なことをするかのように言い、うわべを繕うことのたとえ。,
「」も人数,餓鬼も人数,力の弱い者でも多数集まればあなどりがたい力になるということ。,
学者と「」は俄かに出来ぬ,学者と大木は俄かに出来ぬ,学問は簡単な、にわか勉強ではできない。,
隠すより「」,隠すより現る,隠し事は隠そうとすればするほど目立って、人に知られやすくなるということ。,
「」は及ばざるが如くす,学は及ばざるが如くす,学問は怠ることなく続けなければならない。,
楽屋から「」を出す,楽屋から火を出す,自ら災いや騒ぎを引き起こしてしまうたとえ。,
隠れての信は顕われての「」,隠れての信は顕われての徳,心中に秘めている誠実さは、いつか自然に外にあらわれて自分自身の利得になるということ。 ,
陰では「」の事も言う,陰では殿の事も言う,誰であろうと陰口を言われない者はいないということ。 ,
「」の形に随うが如し,影の形に随うが如し,いつもいっしょにいて離れないこと。 ,
陽炎稲妻「」の月,陽炎稲妻水の月,捕らえがたいもの、実体のないもののたとえ。 ,
「」を畏れ迹を悪む,影を畏れ迹を悪む,自分で勝手に悩みを作り、心を平静に保つことができないことのたとえ。 ,
嘉肴ありと雖も食らわずんばその「」を知らず,嘉肴ありと雖も食らわずんばその旨きを知らず,何事も自分で体験してみなければ、その価値やすばらしさがわからないということ。,
「」と提灯は戻らぬつもりで貸せ,傘と提灯は戻らぬつもりで貸せ,傘と提灯は、必要な時以外は忘れがちな物だから、貸す時は返してもらえないつもりで貸せということ。,
火事あとの「」拾い,火事あとの釘拾い,大損や浪費の後に、少しの節約をしたところで何の足しにもならないということ。 ,
貸し借りは「」,貸し借りは他人,金銭の貸し借りについては、親子の間でも他人と同じようにけじめをつけるべきだということ。,
賢い人には「」がない,賢い人には友がない,あまりにも賢明すぎる人は、近寄りがたく感じてしまうため、親しい友達や仲間ができない。,
火事と「」は江戸の花,火事と喧嘩は江戸の花,火事と喧嘩は江戸の名物である。,
鎹「」,鎹思案,二つの事をどちらも成功させようとする考え。 ,
百年「」を俟つ,百年河清を俟つ,いつまで待っても実現する見込みがないことのたとえ。また、どんなに待っても無駄なことのたとえ。 ,
稼ぐに追い付く「」無し,稼ぐに追い付く貧乏無し,一生懸命働けば、貧乏に苦しむことはないというたとえ。⇔稼ぐに追い抜く貧乏神 ,
風は吹けども「」は動せず,風は吹けども山は動せず,周囲の騒ぎの中で、少しも動じないで悠然としていることのたとえ。 ,
堅い「」は折れる,堅い木は折れる,ふだんは強情な人が、何か問題にぶつかると以外にもろく、くじけやすいことのたとえ。また、頑丈な人が急に大病で倒れることのたとえ。,
敵の家でも「」を濡らせ,敵の家でも口を濡らせ,たとえ敵の家でも出された食べ物には口をつけるのが礼儀だということ。つまり、いかなる場合も礼儀を守らなければならないということ。,
敵の前より「」の前,敵の前より借金の前,敵の前では平然とできても、借金をしている相手の前では頭が上がらないということ。,
片口聞いて「」を分くるな,片口聞いて公事を分くるな,訴訟の裁きは、一方の言い分だけを聞いて判定してはいけないということ。,
片手で「」は揉まれぬ,片手で錐は揉まれぬ,物事を成し遂げるためには、力を合わせることが大事だということ。 ,
餓えて死ぬは一人、飲んで死ぬは「」,餓えて死ぬは一人、飲んで死ぬは千人,餓えて死ぬ人間は少ないが、酒の飲みすぎが原因で死ぬ人間は非常に多いということ。,
勝った自慢は負けての「」,勝った自慢は負けての後悔,勝負に勝った時に自慢しすぎると、負けた時に引っ込みがつかず、恥ずかしい思いをして後悔するということ。,
「」の寒稽古,河童の寒稽古,他人が見れば大変そうに見えても、実際にはなんでもないことのたとえ。,
河童も一度は「」,河童も一度は川流れ,河童も泳ぎが自由自在に出来るまでには、一度や二度は溺れた事があるもの。何事も下手から始めるもので、いきなり名人と言う者はいない。,
勝負は時の「」,勝負は時の運,勝負はその時々の運によるもので、必ずしも実力通りに決まるものではないということ。 ,
門松は冥土の旅の「」,門松は冥土の旅の一里塚,門松はめでたいものだが、飾るたびに年を重ね死に近づくので、いわばあの世に向かう一里塚のようなものだということ。 ,
悲しい時は「」一つ,悲しい時は身一つ,困ったり落ちぶれたりすると、他人は当てにならず、頼りになるのは自分だけだということ。,
「」の横這い,蟹の横這い,他人には不自由そうに見えても、本人には都合がよいことのたとえ。,
「」に盈ちて後進む,科に盈ちて後進む,「科」はくぼんだ所の意。水が流れるとき、くぼんだ所があると、まずそこにたまってから先へ流れていく。学問も、一歩一歩順を追って進むべきことをいう。,
金の「」で捜す,金の草鞋で捜す,根気強くあちこち探し回るたとえ。 ,
禍福「」による,禍福己による,禍を引き寄せるのも、幸福を呼び込むのも、すべては、その人の心の 持ち方や行いによる、ということ。,
株を守りて「」を待つ,株を守りて兎を待つ,古い習慣や過去の偶然の成功にこだわり、進歩や向上がないことのたとえ。 ,
噛み合う「」は呼び難し,噛み合う犬は呼び難し,何かに熱中していると、他から何を言われても耳に入らないことのたとえ。 ,
上清ければ「」濁らず,上清ければ下濁らず,上に立つ人が正しい行いをすれば、下の人々も不正はしない。,
紙子着て「」へはまる,紙子着て川へはまる,軽率な行いによって、自ら破滅を招くことのたとえ。「紙子」は、渋柿を塗った紙で仕立てた衣服。,
剃刀の「」渡り,剃刀の刃渡り,非常に危険で、失敗したら身を損ない兼ねない行動をすること。 ,
神へも「」は申しがら,神へも物は申しがら,何事も心を込めておこなうだけでなく、工夫することが大事だということ。,
亀の年を「」が羨む,亀の年を鶴が羨む,欲望に限りのないことのたとえ。 千年の寿命をもつという鶴が、万年の寿命をもつ亀をうらやましがるとの意から。,
川立ちは「」で果てる,川立ちは川で果てる,人は得意なことほど油断して、かえって身を滅ぼすことがあるというたとえ。,
蚊をして「」を負わしむ,蚊をして山を負わしむ,力のない者に大きな仕事をさせることで、とてもその任にたえないことのたとえ。,
雁が飛べば「」も地団駄,雁が飛べば石亀も地団駄,身のほどもわきまえず、むやみに人のまねをしようとすること。 ,
函谷関の「」,函谷関の鶏鳴,とっさの機転や言動によって難を逃れること。,
感心上手の「」下手,感心上手の行い下手,他人の言動に感心するばかりで、自分ではいっこうに実行しようとはしないことをいう。,
邯鄲の「」,邯鄲の歩み,むやみに人の真似をしていると、自分本来のものも忘れて、どちらも失うことのたとえ。 ,
干天の「」,干天の慈雨,待ち望んでいたことが実現することのたとえ。 また、困っている時に助けが現れることのたとえ。 ,
艱難、汝を「」にす,艱難、汝を玉にす,人間は多くの苦労を経験することのよって立派な人物になれるということ。,
肝脳、「」に塗る,肝脳、地に塗る,戦場で惨たらしい死に方をすることのたとえ。,
旱魃に「」なし,旱魃に飢饉なし,日照りが続き雨の少ない年は作物が育たないで飢饉になりそうであるが、実はそのようなときは人々が不作に気を付け田んぼの水を気にかけ世話を余計焼くため稲が不作になる事は少ないという事。逆に雨が多い時はどうしようもなく、雨が少ない年よりも多すぎる年のほうが不作になる事が多い。,
雁は「」,雁は八百, 獲物は多いのに、これを手に入れる手段の少ないことのたとえ。また、どれを取ろうかと迷うこと。,
管豹の「」,管豹の一斑,ものの見方や見識がたいそう狭いことのたとえ。,
葦の髄から「」を覗く,葦の髄から天井を覗く,細い葦の茎の管を通して天井を見て、それで天井の全体を見たと思い込むこと。自分の狭い見識に基づいて、かってに判断することのたとえ。,
歓楽極まりて「」多し,歓楽極まりて哀情多し,喜びや楽しみが極まると、あとは悲しみの情が生じるということ。,
冠履を貴んで「」を忘る,冠履を貴んで頭足を忘る,物事の根本を軽んじて、本質から外れた些細なことを重んじることのたとえで、冠や靴は頭や足が合ってこそ利用価値があるのに、冠や靴ばかり大切にして、頭や足をのことを忘れるという意味から。,
聞いて極楽、見て「」,聞いて極楽、見て地獄,話に聞くのと実際に見るのでは大差があるというたとえ。,
驥「」に服す,驥塩車に服す,才能のある者が世に認められないでいること。,
葵藿の「」,葵藿の志,徳の高い人を慕い、心を寄せること。,
「」の頓使い,雉の頓使い,行ったきりで戻ってこない使い。,
聞き取り「」,聞き取り法問,人から聞いたことを自分が考えた説のように発表すること。,
騏驥の跼躅は「」の安歩に如かず,騏驥の跼躅は駑馬の安歩に如かず,どんなにすぐれた人でも、なまけていれば、凡庸な人の努力に劣るというたとえ。,
麒麟も老いては「」に劣る,麒麟も老いては駑馬に劣る,すぐれた人も年をとると凡人に劣るというたとえ。,
木七竹八「」,木七竹八塀十郎,木を切るには七月、竹を切るには八月、土塀を塗るのは十月が適しているということ。,
帰心、「」の如し,帰心、矢の如し,故郷や我が家に帰りたいと思う気持ちが募ること。,
驥足を「」,驥足を展ぶ,有能な人物が、よりいっそう能力を存分に発揮すること。,
「」は人によりて日によらず,吉凶は人によりて日によらず,運のよしあし、成功不成功は人間の行動いかんによるもので、時や日にはよらない。鬼門金神我より祟る。,
下手の射る「」,下手の射る矢,まともな人間は相手にしやすいが、無茶苦茶な人間は相手にしにくいということ。 ,
狐を「」に乗せたよう,狐を馬に乗せたよう,落ち着きのないこと。また、いいかげんで信用できないこと。,
木で「」をくくる,木で鼻をくくる,無愛想に応対するたとえ。冷淡にあしらうたとえ。 ,
来て見ればさほどでもなし「」の山,来て見ればさほどでもなし富士の山,何事もおおげさに言われるもので、実際に見てみると想像していたほどのものではないことが多いというたとえ。,
木、「」に従えばすなわち正し,木、縄に従えばすなわち正し,他人の忠告や諫言を素直に入れて従えば行いが正しくなるということ。,
木に縁りて「」を求む,木に縁りて魚を求む,方法を誤ると目的を達成できないことのたとえ。 ,
機に因りて「」を説け,機に因りて法を説け,仏の教えを説くときには、機会に応じた適切な方法で説法しなければならないということ。,
気の利いた「」は引っ込む時分,気の利いた化け物は引っ込む時分,長居する客や、なかなか引退せずに長く地位を占めている人を皮肉って言う言葉。 ,
木の「」から生まれる,木の股から生まれる,人の情、特に男女間の情愛を理解しないことのたとえ。,
「」は得難くして失い易し,時は得難くして失い易し,好機はなかなかめぐってこないもので、たとえ来たにしても油断をするとすぐ去ってしまう。,
驥尾に「」,驥尾に付す,才能のない人でも、すぐれた人に付き従っていれば、自分の能力以上のことが成し遂げられることのたとえ。自分の行動を謙遜していう言葉。 ,
危邦に入らず「」に居らず,危邦に入らず乱邦に居らず,危険な情勢にある国に入らず、政治や風俗がすでに乱れてしまった国には留まらないということ。,
公卿にも「」,公卿にも襤褸,公卿のような高貴な人でも、着ているものが粗末であれば、卑しく見えるというたとえ。,
気脈を「」,気脈を通じる,互いにひそかに連絡をとって意志を通じ合うこと。,
鬼面、「」を嚇す,鬼面、人を嚇す,鬼の面をかぶって人をおどかすかのように、大げさな見せかけで人をおどかすたとえ。,
九牛の「」,九牛の一毛,多数の中のわずかな一部分のこと。取るに足りないことのたとえ。 大海の一滴。滄海の一粟。,
急行に「」無し,急行に善歩無し,急いでした仕事は、出来が良くないことのたとえ。急いては事を仕損じる。,
窮すれば「」,窮すれば通ず,事態が行き詰まって困りきると、かえって思いがけない活路が開けてくるものである。,
窮鳥懐に入れば「」も殺さず,窮鳥懐に入れば猟師も殺さず,窮地に陥った者が救いを求めてくれば、どんな事情があっても助けるのが人情であるというたとえ。 ,
朽木は「」可からず,朽木は雕る可からず,やる気のない怠け者は教育のしようがないことのたとえ。 ,
郷原は「」の賊,郷原は徳の賊,道徳家を装う者は、かえって徳をそこなうものである。,
徼幸は性を伐つの「」なり,徼幸は性を伐つの斧なり,努力によるものではなく、思いがけないことで得た幸運は、人の心を乱し、ひいては命を落としかねないこと。偶然に得た幸運は、人の徳性を断ち切る斧のようなものだという意味から。,
恭なれば則ち「」に遠ざかる,恭なれば則ち患に遠ざかる,何事に対しても礼儀正しく、慎み深い心を待っていれば、わざわいや心配事は起こらないということ。,
京に「」あり,京に田舎あり,にぎやかな都にも、田舎のような寂しい場所や風習があるということ。,
堯の子「」ならず,堯の子堯ならず,親が賢くても子どもは凡庸な場合もあるというたとえ。,
今日の一針、明日の「」,今日の一針、明日の十針,すぐにしなければならないことを先延ばしすると、余計に手間がかかるということのたとえ。 ,
器用貧乏「」,器用貧乏人宝,器用な人は人の役に立って重宝がられるが、その人自身は大成せずに貧乏しているということ。 ,
愚者にも「」,愚者にも一得,愚かな者でも、時には役に立つ案を出すことがある、ということ。,
狂夫の楽しみは「」の哀しみ,狂夫の楽しみは智者の哀しみ,人は立場の違いや知識の差などによって、同じ事柄に対する考えも違うことで、狂人の楽しみは智者には悲しいものだという意味から。,
経も読まずに「」を取る,経も読まずに布施を取る,ろくに働きもしないで、報酬だけを欲しがることのたとえ。,
狂瀾を「」に廻らす,狂瀾を既倒に廻らす,形勢がすっかり傾いた状態を、元の状態に引き戻すことのたとえ。 ,
玉斧を「」,玉斧を乞う,人に詩や文章の添削を頼むことのたとえ。,
居は「」を移す,居は気を移す,住む場所や地位によって、人の性格や考え方は変わるということ。,
虚名久しく「」,虚名久しく立たず,賞賛でも中傷でも、事実に基づかない評判は、やがて実態が明らかにされ、長くは続かないこと。,
嫌いは知らぬの「」,嫌いは知らぬの唐名,負け惜しみの強い人は「知らない」とは言いたくないので、「嫌い」と言ってごまかすというたとえ。,
義理と「」、欠かされぬ,義理と褌、欠かされぬ,男が常に身につけている褌のように、世間に対する義理は欠くことのできない大事なものだということ。,
義理張るより「」張れ,義理張るより頬張れ,義理を欠くまいと無理な付き合いをするより、自分の利益や暮らしを優先せよということ。,
綺麗な花は「」に咲く,綺麗な花は山に咲く,本当によいものや価値のあるものは、かえって人の気づかないところにあること。,
義を見てせざるは「」なきなり,義を見てせざるは勇なきなり,人として正しいことと知りながら実行しないのは、勇気がないからであるということ。,
琴瑟「」,琴瑟調わず,夫婦や兄弟の仲が悪いことのたとえで、琴と瑟の調子が狂って、音が調和しない意味から。,
錦上「」を添う,錦上花を添う,美しく立派なものに、さらに美しく立派なものを加えることのたとえ。良いことやめでたいことが重なるたとえ。,
金の「」の七つもあるよう,金の茶釜の七つもあるよう,自分の家は大金持ちだと、大洞を吹くことのたとえ。,
金を攫む者は「」を見ず,金を攫む者は人を見ず,一つのことに熱中しているものは、他のことがまったく目に入らないことのたとえ。,
食い物と「」は一口ずつ,食い物と念仏は一口ずつ,念仏を皆で口々に唱えるように、食べ物も小さく分けて一口ずつでも皆の口に入るようにせよという教え。,
食うた餅より「」,食うた餅より心持ち,物をもらったことよりも相手の心持ちがありがとたいこと。,
釘の曲がりは「」で直せ,釘の曲がりは鉄槌で直せ,悪い癖や習慣は、厳しい方法で直せというたとえで、鉄釘の曲がりは、鉄槌でたたかなければ直せないことから。,
「」の位倒れ,公卿の位倒れ,社会的地位や身分は高いが、生活能力に乏しくて経済的に苦しいため、その地位に応じた権威が保てないこと。,
苦言は薬なり、甘言は「」なり,苦言は薬なり、甘言は病なり,耳が痛く聞きづらいことばは薬なり、取り入ろうとするへつらいのことばは害毒になるということ。,
臭い物に「」たかる,臭い物に蝿たかる,悪い者は悪い者同士で集まることのたとえ。,
腐り縄に「」を繋ぐ,腐り縄に馬を繋ぐ,まったく頼りにならないことのたとえで、腐った縄で馬をつないでもすぐ切れてしまうことから。,
腐り縄にも「」,腐り縄にも取り所,捨てるしかないようなつまらないものでも、使いようによっては役に立つことがあるものなこと。,
腐れ木は「」と成らず,腐れ木は柱と成らず,能力のない者はその地位を保つことができないというたとえ。,
薫は「」を以て自ら焼く,薫は香を以て自ら焼く,すぐれた才能のある人が、その才能のために周りから注目され、かえって身を滅ぼすことのたとえで、香りのよい草は、そのよい香りのために焼かれてしまうことから。,
鯨に「」,鯨に鯱,どこまでもつきまとって、害を与えることのたとえで、邪魔にされてもどこまでも就いていくことのたとえ。,
愚者の百行より知者の「」,愚者の百行より知者の居眠り,愚か者の多くの行いは、賢い人の居眠りにも及ばないことで、つまらないものがたくさんあるより、少しでもよい物がある方がよいこと。,
薬より「」,薬より養生,病気になってから薬を飲むよりも、日ごろから養生に努めて病気にならないようにすべきである。また、病人は薬で治そうとするよりも、養生に努めるべきだという意味にも用いる。,
蹴る馬も「」次第,蹴る馬も乗り手次第,暴れる馬でも、乗り手によってはおとなしくなることで、転じて、扱いにくい者でも、うまく扱う方法はそれなりにあること。,
癖なき「」は行かず,癖なき馬は行かず,一癖あるくらいの者のほうが、ただおとなしいだけの者よりも、いざというときに役に立つということのたとえ。気性が荒くて扱いにくいくらいの馬でないと遠くまでよく走らないことから。,
下り坂に「」を押す,下り坂に腰を押す,衰えかけたものに、ますます衰えさせるようなことをするたとえで、落ち目の者に対してさらに腰を突き押す意味から。,
口あれば「」へ上る,口あれば京へ上る,やろうという気持ちさえあれば、できないことはないというたとえで、口さえあれば、道を尋ねながら都にもたどり着くことができることから。,
生き身に「」,生き身に餌食,人間は何とかして食べてゆけるものだということ。,
口では「」の城も建つ,口では大阪の城も建つ,口先だけなら、どんな大きなことでも言えることのたとえ。口叩きの手足らず。,
くちなわの「」,くちなわの口裂け,欲が深すぎて、身を滅ぼすことのたとえで、蛇は欲が深く、自分の口が裂けても大きな餌を飲み込もうとすることから。,
口に甘いは腹に「」,口に甘いは腹に毒,相手にうまいことを言われてつい気を許し、その計略に乗せられることのたとえで、甘い物はつい食べ過ぎて、とかく腹をこわしやすいことから。,
笑中に「」あり,笑中に刀あり,表面はにこにこして温和であるが、心中に悪意をひそませていることのたとえ。,
口は虎、舌は「」,口は虎、舌は剣,ものは言い方次第で、人を傷つけたり自分の身を滅ぼしたりすることになるから、注意せよといういましめ。,
狗猪も「」を食わず,狗猪も余を食わず,道に外れた行いをする人の食べ残した者は、犬や豚でさえも食べないことで、人道に外れた者をさげすんで言うことば。,
沓の蟻、「」を嫌う,沓の蟻、冠を嫌う,自己の狭い見識にとらわれて、そこから脱却しようとしないことで、知識・見識の狭いことのたとえ。,
「」の音にも目をさます,轡の音にも目をさます,用心深く、ちょっとしたことにも敏感に反応する様子で、転じて、職業柄身に付いた、鋭い感覚や習性のたとえ。,
衢道を行く「」は至らず,衢道を行く者は至らず,一つの仕事に専念せず、いろいろなことに手を出す者は、大成しないということで、本道からはずれて脇道を進んでいくものは、目的地に行き着くことができないという意味から。,
国乱れて「」見る,国乱れて忠臣見る,国がよく治まっているときには、だれが忠臣でだれが不忠の臣かわからないが、国が乱れて危機に直面すると、真の忠臣がはっきりすること。,
九は病、五七は雨に四つ旱、六つ八つならば「」と知るべし,九は病、五七は雨に四つ旱、六つ八つならば風と知るべし,地震が起きた時刻によって、それが何の前触れであるか占えるという俗説を詠んだ歌。地震が九つ（午前・午後の十二時ごろ）に起きたら病気がはやり、五つ（同八時ごろ）と七つ（同四時ごろ）なら雨、四つ（同十時ごろ）なら日照り続き、六つ（同六時ごろ）と八（同二時ごろ）なら強風が吹く前触れであるという。,
首斬る罪人にも「」の日延べあり,首斬る罪人にも三日の日延べあり,どんなに差し迫ったことであっても、それを実行するまでには多少の余裕があるべきだということ。,
窪い所に「」溜まる,窪い所に水溜まる,集まるべき所には、自然に人や物が集まってくることのたとえで、身分や地位の低い者の所には、さまざまな苦難が集まることのたとえ。,
供養より「」,供養より施行,死者の霊に対する供養よりも、現在生きている人に対して恵みを施すことの方が大切ということで、信心深いのはよいが、現実離れしてはいけないといういましめ。,
食らえどもその「」を知らず,食らえどもその味わいを知らず,物事を行うときには、精神を集中してやらないと身に付かないことのたとえで、ほかのことに気を取られていては、何を食べてもその食べ物の本当の味はわからないという意味から。,
鞍掛け馬の「」,鞍掛け馬の稽古,実際には役に立たない、無駄な練習や修行をすることのたとえで、生きた馬で実地の練習をしないで、木馬で乗馬の訓練をすることから。,
暗がりの「」を明るみへ出す,暗がりの恥を明るみへ出す,隠しておけば知られずにすむような不名誉なことを、わざわざ世間に知らせること。,
苦楽は「」の道連れ,苦楽は生涯の道連れ,人の一生は、苦しみと楽しみの繰り返しであるということで、人生に苦労は付きものであるというたとえ。,
「」の独り舞,暗闇の独り舞,人が見ていない所で、思い切りやってみることのたとえ。,
苦しい時には「」を出せ,苦しい時には親を出せ,言い訳に困ったときには、親が病気だなどと、親を引き合いに出して口実を作れという教え。,
食わぬ「」をけしかける,食わぬ犬をけしかける,気のすすまない者をそそのかすことのたとえで、食いつく気のない犬をけしかけて、噛み付かせる意味から。,
食わぬ「」をけしかける,食わぬ殺生,食べるわけでもないのに、むやみに生き物を殺すことで、いたずらに金を使って、無意味なことをすること。,
「」怪しむ所に吠ゆ,群犬怪しむ所に吠ゆ,俗人たちが集まり、賢者の言行が自分たちと異なるのを怪しんで、けなすことのたとえで、群がる犬が、見慣れない人を怪しんで吠えることから。,
君子蕩蕩として小人「」たり,君子蕩蕩として小人戚戚たり,君子は道に従って行動するから、心は穏やかでのびのびとしているが、小人はいつもくよくようと思い悩んでいること。,
「」に三戒あり,君子に三戒あり,君子が一生の各段階で、いましめなければならない三つのことである。青年期における色欲、壮年期における人との争い事、老年期おける欲心を言う。,
「」は下問を恥じず,君子は下問を恥じず,君子は、自分より年齢や地位が低い人に質問して教えを乞うことを恥ずかしがらないということ。,
「」は器ならず,君子は器ならず,君子は一枝・一芸にかたよらず、多方面にわたって自在に才能を発揮できることである。,
君子は義に喩り小人は「」に喩る,君子は義に喩り小人は利に喩る,君子はすべての物事を、正しい道に合うかどうかを基準として考え、小人はどうしたら利益を得られるかを基準として考える。,
君子は「」を避く,君子は三端を避く,君子は人と争うのを好まないから、文章や武器や弁舌での争いを避けるようにすること。,
「」は豹変す,君子は豹変す,君子は、過ちと知ったらすぐにきっぱりと責めるというたとえで、自分につごうが悪くなると、それまでの考え方や態度を一変させることのたとえ。転じて、人が行動や態度をがらりと変えること。,
君子は和して同ぜず、「」は同じて和せず,君子は和して同ぜず、小人は同じて和せず,君子は人と調和するが、主体性を失うことはないが、小人は付和雷同するが、人と調和することはないこと。One must draw the line somewhere.,
葷酒「」に入るを許さず,葷酒山門に入るを許さず,くさいにおいを放つ野菜と酒は、浄念を乱し修行の妨げになるので、寺の中へ持ち込んではならないこと。,
軍は和にあって「」にあらず,軍は和にあって衆にあらず,戦いは兵の数が多いから勝つというものではなく、全軍の心が一つになっていることが大切なこと。,
群盲「」を評す,群盲象を評す,凡人が大事業や大人物を評価しても、その一面だけにとらわれて、全体的な判断は出来ないことのたとえ。,
薫蕕は「」を同じくせず,薫蕕は器を同じくせず,善人と悪人、また、偉大な人物とつまらない人間とは、同じ場所にいることが出来ないことのたとえで、香草と臭草とを同じ器に入れないという意味から。,
群羊を駆って「」を攻む,群羊を駆って猛虎を攻む,弱い者を多く集めて、とうてい叶わない強い者を攻めることのたとえで、転じて、勝ち目がないことのたとえ。,
傾蓋「」の如し,傾蓋故の如し,ちょっと会っただけで、まるで昔からの友人のように親しくなること。「傾蓋」車の蓋を傾けて親しく話し合う意味。,
蛍火を以て「」を焼く,蛍火を以て須弥を焼く,微力な者が、出来もしない大きなことをしようとするとたとえで、小さな弱い蛍の火で須弥山のような大きな山を焼こうとする意味から。,
桂玉の「」,桂玉の艱,物価高による生活苦のたとえで、物価の高い土地に来て、生活難に悩みながら暮らすこと。,
鶏群の「」,鶏群の一鶴,平凡な人の中に、一人だけとび抜けてすぐれた人物がまじっていることのたとえで、鶴の群れに一羽だけ鶴が交じっている意味から。,
鶏犬「」に吠ゆる,鶏犬雲に吠ゆる,とるに足らぬつまらない者が、思いがけず非常な栄誉を受けることのたとえ。,
稽古に「」あり,稽古に神変あり,熱心に修練を続けていれば、自分の能力以上の高いところに到達する者であること。,
経師は遇い易く「」は遇い難し,経師は遇い易く人師は遇い難し,経書の字句の解釈を教えてくれるだけの師に出会う機会は多いが、人間としての道を教え、人格を養成してくれる師には、なかなかめぐり会えないこと。,
軽車の「」に付くが若し,軽車の熟路に付くが若し,たやすく行うことができるたとえで、物事に熟練しているたとえ。軽快に走る車で、通り慣れた道を行くようだという意味から。,
傾城買いの「」,傾城買いの糠味噌汁,無駄な金を使う者が、必要な費用に出し惜しみをするたとえで、豪遊したあとで、最低限必要な金も残っていないことのたとえ。,
兄弟は「」なり,兄弟は手足なり,兄弟は人間の手と足のように大事なものであり、互いに助け合っていかなければならないこと。,
涇は「」を以て濁る,涇は渭を以て濁る,美人がそばにいると、不美人のみにくさがいっそう目立つことのたとえで、善悪がはっきりすることのたとえに用いる。,
刑は「」無きに帰す,刑は刑無きに帰す,刑罰は、悪人を罰して再び罪を犯させないようにし、将来犯罪者がいなくなって刑罰が不用になることを目的にしていること。,
芸は身の「」,芸は身の仇,習い覚えた芸事に深入りすると、肝心の本業がおろそかになり、身を誤ることになるいましめ。,
桂馬の「」上がり,桂馬の高上がり,人は身分不相応の出世などをすると、実力が伴わず、失敗してしまうたとえ。,
怪我と「」は自分持ち,怪我と弁当は自分持ち,自分で負った怪我は自分の責任だ、という職人の間で言われている言葉。,
下戸の「」荒らし,下戸の肴荒らし,酒の飲めない人が、膳の上の料理を片端から食い荒らすこと。,
下戸の建てた「」はない,下戸の建てた蔵はない,酒を飲まないからといってその分を貯蓄して蔵を建てたという話は聞かない。酒は適度に飲んで楽しんだほうがよいこと。,
下戸は上戸の「」,下戸は上戸の被官,酒宴の席では、酒が飲めない者は酒が飲める者に頭が上がらないことで、下戸は酔った上戸の世話や介抱をする家来のような者だということから。,
袈裟と「」は心に着よ,袈裟と衣は心に着よ,袈裟や衣を身につけただけでは信仰しているとはいえず、それらを心の上につけることで、初めて真の仏道信仰になること。,
下種の「」知恵,下種の後知恵,考えの浅い者は、必要なときにはよい考えが浮かばず、物事が終わってからよい考えが浮かぶこと。,
下種の「」恨み,下種の逆恨み,品性の卑しい者は、人が好意で忠告してくれたことでも悪口だと思い、逆に忠告してくれた人を恨んだりすること。,
下種の話は「」で収まる,下種の話は糞で収まる,賤の者同士の会話は、最後は下品な話題に落ちて終わる。,
下駄も「」も同じ木の切れ,下駄も阿弥陀も同じ木の切れ,初めは同じでも、最後は大きな差が出てくることのたとえで、身分や職業の違いはあっても、人間としての根本は同じであるという教え。,
結構は阿呆の「」,結構は阿呆の唐名,何を言われても「結構」としかいわないものは、愚か者と変わりはないことで、自分の意見を持たず、人に同調してばかりいるお人好しをあざけっていうことば。,
毛を謹みて「」を失う,毛を謹みて貌を失う,小さな事にこだわって、根本を忘れることのたとえで、絵を描く者が、一本一本の毛髪を丁寧に書きすぎて、全体の容貌が似ていないものになってしまう意味から,
毛を見て「」を相す,毛を見て馬を相す,外見だけを見て人や物事の価値を判断することのたとえ。,
喧嘩過ぎての「」威張り,喧嘩過ぎての空威張り,喧嘩の時はびくびくしていたのに、喧嘩が終わってから虚勢を張って強がること。,
喧嘩にかぶる「」はない,喧嘩にかぶる笠はない,いつ仕掛けられるかわからない喧嘩は災難と同じで、防ぐ方法はないこと。喧嘩は降り物。,
現在の甘露は未来の「」,現在の甘露は未来の鉄丸,現在の快楽が将来の苦痛のもとになることのたとえで、快楽ばかり追い求めず、地道な生活をせよという教え。,
黔驢の「」,黔驢の技,下手な腕前を披露して恥をかくことのたとえ。,
小家から「」を出す,小家から火を出す,小さな事から大きな問題が起こることのたとえで、取るに足りない者が大きなことをしでかすことのたとえ。,
濃い茶目の毒「」の薬,濃い茶目の毒気の薬,濃い茶を飲むと興奮して睡眠の妨げになるが、その反面、刺激剤でもあるので、意識をはっきりさせる効果もあること。,
「」に師匠なし,恋に師匠なし,恋の道は人から教えられるというものではなく、年ごろになればだれでも自然に覚えるものであること。,
恋に「」の隔てなし,恋に上下の隔てなし,恋はお互いの心の問題であり、身分や貧富、年齢の上下による区別はないこと。,
「」は仕勝ち,恋は仕勝ち,恋は相手の事情などを考えたり、競争相手に遠慮したりせず、自分から積極的にどんどん仕掛けたほうがうまくゆくこと。,
剛毅朴訥「」に近し,剛毅朴訥仁に近し,意志が強く何事にも屈せずに、なんの飾りけもない口べたの人は、道徳の理想である「仁」の精神に最も近いことをいう。,
孔丘盗跖倶に「」,孔丘盗跖倶に塵埃,聖人も悪人も、死んでしまえばみんな同じように、塵や埃になってしまう。生きているうちに人生を楽しむべきなこと。,
孝経で「」の頭を打つ,孝経で親の頭を打つ,言うことすることが違っていることで、言行不一致のたとえ。,
巧言令色鮮し「」,巧言令色鮮し仁,言葉を巧みに操り、人から気に入られようと愛想よくしている者には、誠実な人間は少なくて、人間としての最高の徳である仁の心がかけていること。,
孝行のしたい時分に「」はなし,孝行のしたい時分に親はなし,,親の苦労がわかるような年頃になって、親孝行をしたいと思っても、もう親はこの世にいない。親が死んだ後で、生きているうちに孝行をしておくべきだったと悔やみ嘆くこと。また、親の存命中に孝行をせよという教え。
高山の巓には「」無し,高山の巓には美木無し,地位が高い人は他人から妬まれることが多く、なかなかその名声を長く保つことができないたとえ。,
孔子も「」に会わず,孔子も時に会わず,どんなに立派で才能がある人でも、機会に恵まれなければ埋もれてしまうことがあるたとえ。,
好事も「」に如かず,好事も無きに如かず,よいことでも、あるとわずらわしく、悪いことだとなおさらである。人生は何事もなく平穏であるのがもっともよいということ。,
鴻漸の「」,鴻漸の翼,しだいに高位高官にのぼってゆくだけの才能があることのたとえで、大事業を成し遂げるような器量があることのたとえ。,
「」の路上老少無し,黄泉の路上老少無し,死は年齢に関係なく襲ってくるというたとえで、冥土への道を行く者に、老若の区別はないという意味から。,
巧遅は「」に如かず,巧遅は拙速に如かず,上手だが遅いというよりは、下手でも速い方がよいこと。,
碁打ちに「」なし,碁打ちに時なし,碁を打つ者は勝負に夢中になって、時を忘れてしまうということ。,
孝は「」に衰う,孝は妻子に衰う,妻子を持つと、それに対する愛情が先になり、親に対する孝行の心が薄れることで、いつまでも親孝行を忘れないようにせよという教え。,
公は「」を生ず,公は明を生ず,心が公平だと判断も正確で、物事の道理を見通す力を持つに至ること。,
觥飯も「」に及ばず,觥飯も壺飧に及ばず,急ぎのときは、不完全でも手早いに越したことはないというたとえ。,
高飛の鳥も「」に死す,高飛の鳥も美食に死す,立派な人物も、欲のために身を誤って命を落とすことがあるたとえ。,
好物に「」なし,好物に祟りなし,好きなものは少々食べすぎても、腹下しや食中毒は起こさないこと。,
合抱の木も「」に生ず,合抱の木も毫末に生ず,どんなに強く大きいものでも、初めは弱く小さいものだということで、一かかえもある大木も、最初は毛筋の先ほどの小さい芽生えから大きくなったという意味から。,
高木に縁りて「」を望む,高木に縁りて四方を望む,実力もないのに高い地位に就いたり、働きもしないで大金を手にしたりすることは、身を誤るもとになるたとえで、高い木に登って四方を見渡すことは楽しいが、いったん大風が吹けばきわめて危険であることから。,
自慢高慢「」のうち,自慢高慢馬鹿のうち,うぬぼれて自慢したり、偉そうにしているものは、愚か者と同類であること。,
高慢は「」の行き止まり,高慢は出世の行き止まり,自分の地位にうぬぼれて人を侮るようになると、それ以上向上も出世もできない戒め。,
蝙蝠も「」のうち,蝙蝠も鳥のうち,取るに足りない物でも、同じ仲間に違いないことのたとえで、つまらない人物が、すぐれた人々の中に入りまじり、仲間のような顔をしていることのたとえ。,
毫釐の差は「」の謬り,毫釐の差は千里の謬り,ごく小さな原因が、きわめて大きな結果をもたらすことのたとえで、初めはわずかな違いが、やがては途方もない違いになること。,
蛟竜「」を得,蛟竜雲雨を得,実力を養いながら活躍の日を待っていた英雄や豪傑などが、機会を得て時流に乗り、その才能や実力を発揮することのたとえ。,
声なきに聴き「」なきに視る,声なきに聴き形なきに視る,子は、親がことばや行動に表さないうちに気持ちを汲み取り、親に仕えなければいけないこと。,
小男の総身の「」も知れたもの,小男の総身の知恵も知れたもの,小男では、全身が知恵であったとしても、その実は大した者ではないこと。,
呉下の「」,呉下の阿蒙,いつまでたっても、いっこうに進歩しない人で、学問のないつまらない人物のこと。,
枯魚「」を過ぎて泣く,枯魚河を過ぎて泣く,人は出処進退を慎重にしなければ後悔するいましめ。,
告朔の「」,告朔の餼羊,古くからの習慣は、実質的な意義を失っていても、むやみに廃止すべきではないことのたとえ。,
鵠は「」せずして白し,鵠は浴せずして白し,本性のよい者は、うわべをつくろわなくても自然にその性質のよさが現れるたとえで、生まれつきの容姿や性質は、あとから変えようとしてもできるものではないこと。,
鵠を刻して「」に類す,鵠を刻して鶩に類す,謹厳実直の人を見習って努力すれば、同じようにはなれなくても、似かよった善人にはなれること。,
虚仮の「」,虚仮の一心,愚か者が、一つのことだけに心をかたむけてやり遂げようとすることで、愚か者でも、ただ一つのことを心にかけて一生懸命やれば、立派な事が出来ること。,
後家の「」,後家の頑張り,女ひとりで一家を支え、世間に負けまいと懸命にがんばっている様子。,
後光より「」が高くつく,後光より台座が高くつく,物事は、目立たない基礎となるような部分にお金がかかるたとえ。,
「」も嚙めば甘くなる,粉米も嚙めば甘くなる,つまらないものでも、細かくていねいに見れば、興味を引くところや、よいところがあるものだということ。,
志は「」に包む,志は木の葉に包む,たとえ木の葉に包むほどのささやかな物であっても、贈る人の真心がこもっていれば、立派な贈り物であること。,
「」は満たすべからず,志は満たすべからず,志を実現させるのに完璧を望んではいけない。ほどほどでよしとしておいた方がよいこと。,
心の仇は「」,心の仇は心,自分の心を害するものは、自分の心の中にある迷いの心であること。悟りを妨げるものは、自分の心の中になる煩悩であるという意味。,
心の鬼が「」を責める,心の鬼が身を責める,やましいことがあり、良心にとがめられて苦しむことのたとえ。,
心の「」に手綱許すな,心の駒に手綱許すな,常に心引き締めよといういましめで、逸り狂う馬のように欲望に動かされやすい心を、常に油断することなく制御せよという意味。,
心程の「」を経る,心程の世を経る,人は心の持ち方一つで、それに応じた境遇が与えられ、それにふさわしい一生を送るようになること。,
乞食に「」,乞食に朱椀,身分不相応なものを持つことのたとえで、乞食が立派な朱塗りの椀を持っていることから。,
乞食にも「」,乞食にも門出,旅に出るときや、新しいことをするとき、だれでも前途を祈って祝うもので、何事もそれ相応の儀式や作法があるというたとえ。,
乞食の「」話,乞食の系図話,言ってもどうにもならない愚痴をこぼしたり、見栄を張ったりすることのたとえ。乞食が、落ちぶれる以前の自分の家系の自慢話をすることから。,
乞食も「」,乞食も場所,何事をするにも、場所を選ぶことが大切であるたとえで、乞食をするにも、座る場所によって稼ぎが違うことから。,
小姑一人は「」千匹に向かう,小姑一人は鬼千匹に向かう,嫁の身にとって小姑は、鬼千匹に当たるほどやっかいでいやなものであるたとえ。,
五十にして「」の非を知る,五十にして四十九年の非を知る,人生の終わりに近くなって反省してみると、後悔することばかりだということ。,
五重塔も「」から組む,五重塔も下から組む,物事は基礎から順々に積み上げてこそ、完成するものであることのたとえ。,
「」鳴らし難し,孤掌鳴らし難し,人間は一人だけでは生きられないこと、事をなしとげられないことのたとえ。,
後生より「」が大事,後生より今生が大事,先のことより、現在のことが大事であることで、おぼつかない来世のことを考えるより今をいかに生きるかが重要だという意味。,
御所の御成りは「」半時,御所の御成りはすわすわ半時,実現しそうで、なかなか実現しないことのたとえで、身分の高い人のお成りは、いまおいでになると言われてから一時間はかかることから。,
古人の「」,古人の糟粕,ことばや書物からは、その人の真髄は伝えられないことのたとえ。,
小宝「」が細る,小宝脛が細る,子は宝であるが、育てるのに親は身が細るほどの苦労をするたとえ。,
凝っては「」に能わず,凝っては思案に能わず,物事にあまり熱中しすぎると、かえって冷静な判断ができなくなること。,
子で子にならぬ「」,子で子にならぬ時鳥,どんなに大切に育てても、養子は結局は自分の子ではないこと。,
事が延びれば「」が付く,事が延びれば尾鰭が付く,物事は、長引くと面倒なことが起きてくるというたとえ。,
琴柱に「」す,琴柱に膠す,規則にこだわって融通がきかないこと。,
言伝は「」にならぬ,言伝は荷にならぬ,人から頼まれた伝言は、荷物にもならないたやすい事だということ。,
言葉は国の「」,言葉は国の手形,言葉のなまりを聞けば、その人の出身地がわかることで、どこへ行っても、言葉で里が知れるという意味。,
言葉は身の「」,言葉は身の文,言葉は、その人の人柄や品位を表すということ。,
五斗米のために「」を折る,五斗米のために腰を折る,わずかな俸禄（給料）を得るために上役の機嫌をとることのたとえ。,
子供「」火の用心,子供川端火の用心,子供を危険なところにおくなということで、子供のを育てるときは、水遊びや火遊びなど、危ない遊びはさせないように注意せよといういましめ。,
子供の喧嘩に「」が出る,子供の喧嘩に親が出る,つまらないことによけいな口を出すことで、大人げないことのたとえ。,
小無に「」を呉れるな,小無に子を呉れるな,自分の子を持った経験のない人は、子を育てる楽しみや子を育てるための本当の愛情を知らないから、そういう人に子供を養子にやってはいけないこと。,
小鍋は「」に熱くなる,小鍋は直に熱くなる,器量の小さいものは、すぐに限界に達してしまうこと。ちょっとした人物になるにはそう苦労はいらないこと。,
子にすることを「」にせよ,子にすることを親にせよ,我が子に対する慈愛と同じような心を持って、親につくせということで、親にはいつも優しく仕えなさいということ。義理の親子関係の場合に言うことが多い。,
斯の人にして斯の「」あり,斯の人にして斯の疾あり,立派な人が不運にも悪質の病気にかかることで、転じて、立派な人なのに色欲などで身の修まらないさまなどのたとえ。,
「」は有るも嘆き、無きも嘆き,子は有るも嘆き、無きも嘆き,親にとって、子はあればあったで、そのためにわずらわされ心配事の種になるし、なければ無いで、子のない寂しさを嘆く種になること。,
子は生むも「」までは生まぬ,子は生むも心までは生まぬ,子の体は親に似るかも知れないが、その心が親に似ないのはしかたがないことで、子の性格の悪いのを嘆く親の愚痴。,
子は親を映す「」,子は親を映す鏡,子供の振る舞いを見れば、どんな親かを知ることができること。また、子供の考え方や行動には親の価値観が反映されること。,
琥珀は「」を取らず,琥珀は腐芥を取らず,どのようなときにも、身の潔白を保ち、信念を曲げないことのたとえ。,
小袋と「」は思ったよりいりが多い,小袋と小娘は思ったよりいりが多い,予想外の金がかかることのたとえで、小袋は見かけは小さくても案外たくさん物が入り、女の子は育てるには意外に費用が多くかかること。,
孤父の戈を以て「」をさす,孤父の戈を以て牛矢をさす,物の真の価値がわからず、用い方を知らないことのたとえで、高貴な人が身分不相応な卑しいことをするたとえ。,
子煩悩に「」なし,子煩悩に子なし,子供の好きな人に限って、皮肉にも、自分の子がない場合が多いという意味。,
小股取っても勝つが「」,小股取っても勝つが本,相手のすきを突いて勝つことで、勝つことが第一なので、そのためには、正面からではなく、多少卑怯なやり方を使ってもやむを得ないこと。,
五本の「」で切るにも切られぬ,五本の指で切るにも切られぬ,たとえ肉親の中に悪者がいても、縁は切りにくいもので、五本の指には、それぞれ長短はあるが、どの指でも切ってよい指はない意味から。,
駒の「」走り,駒の朝走り,初めに張り切りすぎると、早く疲れたり、終わりまで続かないことのたとえ。,
小村の「」は人を噛む,小村の犬は人を噛む,世間慣れしていない者は、ひがみがちであるとことのたとえ。,
米食った犬が叩かれずに「」食った犬が叩かれる,米食った犬が叩かれずに糠食った犬が叩かれる,大きな悪事を働いた者が罪を逃れ、ちょっとした罪を犯した者が罰を受けることのたとえ。また、主犯は逃れて、末端の共犯者が罰を受けることのたとえ。,
米の飯と「」は何処へ行っても付いて回る,米の飯と天道様は何処へ行っても付いて回る,どんな所にも日の光が差すように、何処へ行っても、また、どんなことをしても食べていくことくらいはできること。,
米の飯に「」,米の飯に骨,うわべは親切そうであっても、裏に悪意があることのたとえ。,
米屋は「」にかえよ,米屋は三度目にかえよ,米屋は最初のうちはよい米を売るが、慣れてくると悪い米を売りつけるようになりがちだから気をつけよということ。,
米を数えて「」,米を数えて炊ぐ,つまらないことに手数をかけることのたとえで、物惜しみすることのたとえ。,
子持ち「」扶持,子持ち二人扶持,乳飲み子のいる母親や妊婦は、二人分食べることで、子供の発育のためにも、たくさん食べなければ体が持たないこと。,
此もまた「」の子なり,此もまた人の子なり,どんな境遇にある者でも、同じ人間なのだから、いたわらなくてはいけないといういましめの言葉。,
転がる石には「」が生えぬ,転がる石には苔が生えぬ,こまめに体を動かし働く人は、健康で生き生きしていることのたとえで、仕事や住居を転々としている人は、仕事も成功せず金も溜まらないこと。,
頃は三月、夜は「」月,頃は三月、夜は九月,一年中で気候のよいのは、花が咲いて温かい旧暦の三月の頃と、涼しい夜長の風情の感じられる旧暦の九月の頃であること。,
衣の袖から「」が見える,衣の袖から鎧が見える,うわべは取り繕ってはいるものの、本音がちらついて見えることのたとえで、表向きは穏やかな態度を取っているが、影では武力で押さえつけるような動きをちらつかせること。,
衣ばかりで「」はできぬ,衣ばかりで和尚はできぬ,うわべだけ繕っても、中身が伴わなければ何の役にも立たないことで、人は外観では判断できないたとえ。,
子を見ること「」に如かず,子を見ること親に如かず,子の性格や能力、その長所・短所についてもっともよく観察し、知っているのは親であること。,
子を持って知る親の「」,子を持って知る親の恩,自分が親になり、子育てのたいへんさを知って、初めて親の愛情の深さやありがたさがわかること。,
子を持てば「」度泣く,子を持てば七十五度泣く,親は子供のために、苦労や心配事が絶えないことで、それほど子供を育てるのは大変だというたとえ。,
崑山の下、玉を以て「」を抵つ,崑山の下、玉を以て鳥を抵つ,貴重なものでも、たくさんありすぎると価値がなくなるたとえ。,
崑山玉を出だし麗水「」を生ず,崑山玉を出だし麗水金を生ず,すぐれた家系からは立派な人物が出ることのたとえで、立派な親にはよい子ができるたとえ。,
今度と「」見たことない,今度と化け物見たことない,「今度こそ」とか「今度は必ず」といった約束は当てにならないこと。,
蒟蒻で「」は田舎が良い,蒟蒻で学者は田舎が良い,どちらも田舎の者のほうが、純粋でよいこと。,
才余りありて「」足らず,才余りありて識足らず,才気はあり過ぎるほどであるが、見識が不足していること。才気と見識との調和が必要であることをいったことば。,
才覚の「」散り,才覚の花散り,人間、落ち目になると才知も働かなくなる。有能で、よく機転がきいていた人でも、運が下り坂になってくると、才知や分別も働かなくなってしまうこと。,
歳寒の「」,歳寒の松柏,どんな逆境に置かれても節操が堅く、屈しないことをいう。,
細工は流流「」を御覧じろ,細工は流流仕上げを御覧じろ,仕事のやり方には、いろいろな方法があるのだし、自分としては十分工夫を凝らしているので、途中であれこれ言わずに、できあがりを見てから批評してほしいこと。,
才子「」に倒れる,才子才に倒れる,才能に優れた人は、自分の才能を通信して、かえって失敗すること。,
彩ずる仏の「」を欠く,彩ずる仏の鼻を欠く,念を入れすぎて、かえって大事な部分をだめにしてしまうたとえで、仏像を彩色して作り上げたのに、あちこち手を入れているうちに大事な鼻を欠いてしまう意味から。,
災難なら「」の上でも死ぬ,災難なら畳の上でも死ぬ,人間は、いつどこで災難に遭うかわからない、災難は防げないこと。畳の上のような安全な場所にいても、けがや火事などの災難にあって死ぬこともある意味。,
財布と「」の底は人に見せるな,財布と心の底は人に見せるな,自分の財産に関することや本心を軽々しく他人に明かすことは、ともに危険であるという戒め。,
財宝は地獄の「」,財宝は地獄の家苞,この世でひたすら金や宝を蓄えても、それは罪の報いで地獄へ行くときのみやげとなるにすぎないいましめで、金や宝を持てば、死ぬときもそれに心が残って、往生の妨げになること。,
竿の先の「」,竿の先の鈴,やかましいことで、うるさいほどよくしゃべることのたとえ。笹の葉に鈴。,
竿の三年「」は三月,竿の三年櫓は三月,同じように見えても、物事には難易があることのたとえ。,
「」外れはせぬもの,酒外れはせぬもの,酒の席では、飲めないなどと言って酒の仲間からはずれるのは良くない。少しでもいいから飲んでみせるものだということ。,
先勝ちは「」勝ち,先勝ちは糞勝ち,勝負事で最初の勝ちはあてにならない。終わってみると負けていたということがよくあること。,
先の雁より手前の「」,先の雁より手前の雀,あてにならないよい物より、いくぶん劣っていても、今すぐ手に入れられる物のほうがよいたとえ。,
鷺を「」,鷺を烏,明らかに正しくないことを正しいと無理矢理押し通すこと。,
桜切る馬鹿、「」切らぬ馬鹿,桜切る馬鹿、梅切らぬ馬鹿,庭木の剪定法をいったことばで、桜は枝を切るとそこから腐りやすいので切ってはいけないが、梅は切らないとむだな枝が伸びて翌年良い花・実が付かない。,
桜は「」に顕る,桜は花に顕る,ふだんは他の人々と変わることなく目立たぬ存在だった者が、何か事があったとき、すぐれた才能を世に現して非凡であることが知れることのたとえ。,
酒入れば「」出ず,酒入れば舌出ず,酒を飲むと口数が多くなり、口数が多くなれば失言も出る。そのため身を誤ることにもなるから、酒は慎むべきであるいましめ。,
酒極まって「」となる,酒極まって乱となる,儀礼的に始まった酒宴も、酒を飲めるだけ飲むと、後は喧嘩になったりして乱れたものになること。,
酒と朝寝は「」の近道,酒と朝寝は貧乏の近道,節度なく酒を飲んだり、朝寝をして仕事を怠けていれば、どんな人でもたちまちすぐに貧乏になること。,
酒と「」には懲りた者がない,酒と産には懲りた者がない,酒を飲み過ぎた辛さと出産の苦しみは、後になると忘れてしまい、もうこりごりだという者はいないこと。,
酒なくて何の己が「」かな,酒なくて何の己が桜かな,花見に酒はつきもので、酒を飲まずに花見をしてもつまらないことから。,
酒の徳孤ならず必ず「」あり,酒の徳孤ならず必ず隣あり,酒好きは決して孤独ではなく、必ず飲み友達ができること。,
酒の中に「」あり,酒の中に真あり,酒に酔うと人間はその本性をさらけ出し、本音を語るようになること。,
酒は愁いを掃う「」,酒は愁いを掃う玉箒,酒に酔えば、どんな辛いことも忘れることができる。,
酒は燗、肴は刺身、酌は「」,酒は燗、肴は刺身、酌は髱,酒はほどよく燗をして、肴は刺身で、酌は若い女性にしてもらうことが、酒飲みの理想の境地であること。,
酒は古酒、女は「」,酒は古酒、女は年増,酒は、水っぽい新酒よりも前年に造った酒のほうがこくがあってよく、また女性は、若い娘よりも年のいった女性のほうが情が深くてよいこと。,
酒は「」に限る,酒は三献に限る,酒は適量を飲むのがよく、度を超すと酒席が乱れやすくなるので、三献を限度としてやめるのがよい。,
酒は「」のもと,酒は諸悪のもと,酒は、世の中のさまざまな悪事の原因になっていること。酒は百毒の長。,
酒は猶「」のごとし,酒は猶兵のごとし,酒は武器と同じで、飲み方を間違えると、自分の身を害することになってしまう。,
雑魚の「」交じり,雑魚の魚交じり,力の弱い者が、力の強い者の中に交じっていることで、身分や能力の低い者が、それらの高い者の中にいることのたとえ。,
坐して食らえば「」も空し,坐して食らえば山も空し,働かないで遊んで暮らせば、どんなに大きな財産があっても、遂には一銭も残らなくなるたとえ。,
匙の先より「」の先,匙の先より口の先,患者の機嫌取りは上手だが、腕は悪い医者を皮肉った言葉。,
座禅を組むより「」汲め,座禅を組むより肥やし汲め,農民は座禅を組んで修行するより、本業の農作業に精を出すべきである。,
沙汰の「」に非ず,沙汰の限りに非ず,常識外れで、道理にあうかどうかを論ずる範囲を超えていることで、論外、話にならないこと。,
沙中の「」,沙中の偶語,臣下がひそかに謀反の相談をすることで、砂地の上に座り込んで話し合う意味から。,
五月の鯉で「」ばかり,五月の鯉で口ばかり,口は悪いが、気性はさっぱりしていることのたとえで、五月の鯉のぼりは口は大きいが、腹は空っぽであることから。特に、江戸っ子の気性についていう。,
鯖の生き「」,鯖の生き腐り,鯖は傷みやすく、生きがいいように見えても腐っているものがあり、食べると当たる場合がある。また新鮮なものでも食あたりする人があるから注意せよということ。,
様に「」を付ける,様に様を付ける,うやまう上にもうやまうことで、丁寧な上にも丁寧な言い方をすること。,
寒さ小便ひだるさ「」,寒さ小便ひだるさ欠伸,寒いときはやたらと小便がしたくなり、空腹になるとしきりに欠伸が出ること。,
鞘走りより「」走り,鞘走りより口走り,刀の鞘走りよりも、うっかり口がすべるほうが危険であること。,
皿に「」を盛る,皿に桃を盛る,皿に桃を盛ったように、尻のすわらない負不安定なさまのたとえ。,
去り跡へは往くとも「」へは行くな,去り跡へは往くとも死に跡へは行くな,後妻に行くときには、先妻と離婚した人の所へ行くのはよいが、死別した人の所へは行かないほうがよいこと。亡くなった先妻には、よい思い出が残っており、常に比較されてやりにくい思いをするから。,
猿が「」を笑う,猿が仏を笑う,浅知恵しかない者が、深い知恵のある者の真の偉大さがわからずに嘲笑すること。,
「」に烏帽子,猿に烏帽子,柄にもないことで、ふさわしくないことをするたとえ。また、外観だけよそおって、実質がそれに伴わないことのたとえ。,
猿の「」笑い,猿の尻笑い,自分の欠点に気付かずに、他人の欠点をあざ笑う愚かさのたとえ。猿が自分の尻の赤いのがわからず、他の猿の尻の赤いことを笑う意味。,
猿の空「」,猿の空蝨,いかにも仕事や用事をしているふりをしながら、実際には何もしていないことのたとえ。,
去る者は「」に疎し,去る者は日日に疎し,人生の無常を言う。また、人情のはかなさを嘆く言葉。死んだ者は、月日がたつにつれてだんだんと忘れられ、親しかった者でも、遠く離れると、しだいに疎遠になっていく。,
座を見て「」をねぶれ,座を見て皿をねぶれ,その場の雰囲気や大勢の人の意見を見極めてから、自分の出方を決めたり、自分の意見を述べたりすべきというとえで、上品な人ばかり集まっている席で、ご馳走の皿を嘗めれば育ちが知れるので、周りをよく見てからにしなさいという意味から。,
三界に「」なし,三界に家なし,どこにも安住できるところがないことで、世界中に定まった家がないこと。,
三界の「」,三界の火宅,苦悩に満ちた人間界。,
三「」を植う,三槐を植う,子孫の中から三公の高官にのぼる者が出ることを期待すること。,
三五の「」,三五の十八,勘定が合わないことで、予想と違った結果になること。,
三歳の翁、百歳の「」,三歳の翁、百歳の童子,間の賢さは、年齢には関係がないものだというたとえで、若くて知恵も分別も備えている者もあれば、年をとっていても思慮分別のない者もあること。,
三日書を読まざれば「」味無し,三日書を読まざれば語言味無し,わずか三日間でも読書しないでいると、使う言葉にも味わいが無くなってくる。読書がいかに大事であるかを言った言葉。,
三十の「」括り,三十の尻括り,三十歳にもなると、思慮分別もしっかりしてきて、堅実な生活を営むようになること。,
三十振袖四十「」,三十振袖四十島田,女性が年不相応な若作りをすることで、年配の女性が振袖を着たり、島田を結うことの形容で、若ごしらえをあざけって言う言葉。「振袖」若い女性が着る、袖丈の長い和服の晴れ着。「島田」未婚の女性が結う日本髪の髪型。,
算術者の「」,算術者の不身代,職業と実生活は一致しないことのたとえで、教えることと実行することは別であるということ。算術の先生は計算がうまいはずなのに、自身は貧乏しているという意味から。「不身代」財産を持たないこと。,
三寸の「」直し,三寸の見直し,多少の誤差や欠陥はありがちなものだと言うことで、また、多少の欠点は、とがめだてすることもないこと。人の多少の欠点や容姿の醜さも、見慣れているうちになんでもなくなるというたとえにもいう。,
三寸「」を見抜く,三寸俎板を見抜く,ものを見抜く力のすぐれていることのたとえで、三寸もある厚い俎板の裏まで見通す意味から。,
三代続けば「」続く,三代続けば末代続く,家は三代目で滅びることが多く、そこを切り抜ければ、後はいつまでも続くものであること。,
三度の火事より一度の「」,三度の火事より一度の後家,夫に死なれる不幸のたとえ。,
三度の飯も強し「」,三度の飯も強し柔らかし,世の中のことは、なかなか自分の思うとおりにはならないものだというたとえ。毎日三度炊いている飯でさえ、固かったり柔らかすぎたりして思うようにはいかない意味から。,
三人行えば必ず我が「」あり,三人行えば必ず我が師あり,手本となる人は必ずいるという教えで、わずか三人でも何か一緒に行えば、その中に必ず自分の手本となる人がいるはずである。常に教わろうとする謙虚な態度の大切さをいう。,
三人旅の一人「」,三人旅の一人乞食,三人で一つのことをすると、その中の一人は貧乏くじを引いて損をしたり、仲間はずれにされがちであること。,
三年「」を窺わず,三年園を窺わず,少しも休まず、一心不乱に勉強することのたとえ。,
三編回って「」にしょ,三編回って煙草にしょ,休むことは後にして、念には念を入れて、仕事に手落ちのないように気をつけよといういましめで、夜回りをするとき、三度見回って安全を確かめてから一服する意味から。,
山門から「」見る,山門から喧嘩見る,自分は安全な立場に身を置いて、他人の騒ぎを興味本位に眺めることのたとえ。,
算用十八、「」六十,算用十八、手六十,算盤は若いうちに上達するが、書道は年をとるまでなかなか上達しないこと。,
慈ある父も益なき「」は愛せず,慈ある父も益なき子は愛せず,情け深い父親も、余の役に立たない放蕩息子を愛することはできない。,
思案の案の字が「」する,思案の案の字が百貫する,物事は軽々しくしないで、実行する前によくよく考えて慎重を期することが大切であるたとえ。,
塩を売れば「」が辛くなる,塩を売れば手が辛くなる,職業上の特徴や習慣は、いつしか身に付いて、生まれつきのようなるたとえ。,
四角な「」を丸く掃く,四角な座敷を丸く掃く,細かいところまで注意をくばらず、いい加減なことをしたり、手を抜いた仕事することのたとえ。,
鹿待つところの「」,鹿待つところの狸,期待に反して、つまらないものを手に入れることのたとえ。どんなにつまらぬものでも、獲物が何もないよりはましであることのたとえ。,
自家薬籠中の「」,自家薬籠中の物,いつでも自分の思うままに利用できる物や人のたとえで、しっかりと身につけた知識や技術のたとえ。,
至貴は「」を待たず,至貴は爵を待たず,真の貴さは爵位などによるものではない。この上なく貴い地位の人には爵位など必要ないこと。,
至言は「」を去る,至言は言を去る,最高の言葉は、口に出すことを捨て去った無言の中にある。いかに巧みな言葉でも、口に出していろいろ言っているうちは、最高の言葉とはいえないことで、徳の高い人物は無言・無為で人を感化する事をいう。,
地獄極楽は「」にあり,地獄極楽は心にあり,心の持ちようで、この世は地獄にもなり極楽にもなること。,
地獄で「」,地獄で仏,苦難や危機に直面しているときに、思いがけない助けにあった喜びをたとえたもの。,
地獄にも知る「」,地獄にも知る人,どんな遠い土地へ行っても、知り合いの人とめぐり合うことで、どんな所に住んでも知人は出来るものだということ。,
しし食った「」,しし食った報い,禁じられていることをしたために、当然受ける報いで、自分だけよい思いをした埋め合わせに受けなければならない苦しみ。,
獅子屈中に「」なし,獅子屈中に異獣なし,すぐれた師のもとには優秀な弟子が集まるというたとえで、立派な人物の周囲には、やはり立派な人物が集まってくるものだというたとえ。,
四時の序、「」を成す者は去る,四時の序、功を成す者は去る,季節がそれぞれの役割を終えると、次の季節と交代するように、人も功名を成し遂げたら、高進のために道をゆずるべきであること。,
榻の「」書き,榻の端書き,恋を成就させることの難しいたとえ。又、男の恋の熱烈さのたとえ。,
蜆千より「」一つ,蜆千より法螺貝一つ,役に立たないものがどんなに多くあっても、役に立つもの一つにかなわないことのたとえ。,
獅子も「」の使いがら,獅子も頭の使いがら,先頭に立つ指導者の働きが重要であることのたとえ。,
磁石に「」,磁石に針,男女の仲の近づきやすいことのたとえ。,
辞譲の心は「」の端なり,辞譲の心は礼の端なり,遠慮して人にゆずる心は礼の芽生えであること。,
師匠は「」の如し,師匠は鐘の如し,鐘は、大きくつけば大きくなり、小さくつけば小さくなる。それと同じように、弟子たちの質問や態度で、師匠の指導や応答の程度が違うこと。,
咫尺を「」せず,咫尺を弁せず,ごく近い所の事もわからないことで、すぐ近いところでも視界がきかない意味。,
時節の梅花「」を待たず,時節の梅花春風を待たず,自然の流れは、人間の力ではどうすることも出来ないことで、梅の花は、温かい春の風が吹くのを待ったりしないで、開花の時期が来れば自然に咲くことから。,
児孫自ずから児孫の「」あり,児孫自ずから児孫の計あり,子や孫も、それぞれに生活設計を持っており、それなりの考えがあるのだから、親があれこれ心配することはないこと。,
児孫のために「」を買わず,児孫のために美田を買わず,子孫のために財産を残すと、甘やかすことになりかえってよくないので、そのようなことはしないこと。,
下地は好きなり「」はよし,下地は好きなり御意はよし,好条件が重なって、非常に都合のよいことで、もともと好きなことをするのに、相手からも好意的にすすめられ、何とも嬉しいこと。酒好きが酒を進められたときなどに使う言葉。,
じたばたしても鶏は「」,じたばたしても鶏は裸足,何を言ったところで、事実は事実であること。,
七年の病に三年の「」を求む,七年の病に三年の艾を求む,急に求めても得られない、平生からの心構えが大切であることのたとえで、七年間も寝ているような重病に、三年かけて乾かしたよい艾を急いで求めても間に合わないことから。,
至知は「」ならず,至知は幾ならず,最高の知恵というものは、目立たないものであるべきで、機知や作為が目につくうちは、たいしたことはないこと。,
日月に「」無し,日月に私照無し,恩恵を施すことに公平なたとえで、太陽や月は偏ることなく、すべてを平等に照らすことから。,
七的張りて「」至る,七的張りて弓矢至る,目的を持って物事を始めると、それに関連するものが自然に集まってくること。,
知って「」ざれ,知って知らざれ,よく知っていてもそれをひけらかさないのが奥ゆかしい態度である教え。,
室に怒りて「」に色す,室に怒りて市に色す,自分の家の中での怒りを外に持ち出して、他人に八つ当たりすること。,
室に入りて「」を操る,室に入りて矛を操る,相手の主張を逆用して相手を攻撃するたとえで、師から教えられた学問で逆に師を攻撃するたとえ。,
実は「」の奥にあり,実は嘘の奥にあり,表面的には嘘と思われることの中にも、案外、その奥底には真実や真心が潜んでいることがある。,
疾風に「」を知る,疾風に勁草を知る,困難や試練に遭遇してはじめて、その人の意志や節操の堅固さがわかるたとえである。強い風が吹いてはじめて、風にも負けぬ強い草を見分けることが出来る。,
地頭に「」なし,地頭に法なし,権力者が横暴であることのたとえで、地頭がどんな横暴なことをしても、それをとがめる法律がないこと。,
至徳を論ずる者は「」に和せず,至徳を論ずる者は俗に和せず,最高の徳を論じる者は、世俗の意見などには妥協しないこと。,
死なぬ子「」人皆孝行,死なぬ子三人皆孝行,三人もの子が、みな親に先立つことなく育ってくれれば、それだけで皆孝行者であるし、これ以上の幸せはないこと。,
慈なるが故に能く「」なり,慈なるが故に能く勇なり,慈しみの心があるからこそ大きな勇気が生まれてくる。やさしい慈愛の心から生まれた勇気こそ真の勇気であること。,
士に一定の「」あり,士に一定の論あり,立派な男子たるものは、しっかりと定まった見識や主義主張を持っていなければならないこと。,
死に牛に「」かける,死に牛に芥かける,死んだ物に悪名や罪をかぶせることのたとえ。,
詩に「」あり,詩に別才あり,詩は、天賦の才能によって作られる物であって、学問の深さや教養の高さによるものではないこと。,
死に「」を取る,死に水を取る,臨終まで介抱する。,
死に別れより「」別れ,死に別れより生き別れ,死に別れするのも辛いが、生き別れする方がもっと辛く、相手が死んでしまえば、あきらめるよりしかたがないが、どこかで生きていると思うと、あきらめきれないこと。,
死ぬほど「」はない,死ぬほど楽はない,この世で生きることは、わずらわしいことが多く辛いことである。いっそ死んでしまった方がよほど楽であること。,
死ぬる子は「」よし,死ぬる子は眉目よし,早死にした者は惜しまれることで、早く死ぬような子に限って器量がよいこと。,
芝居は「」の早学問,芝居は無筆の早学問,読み書きの出来ないものでも、芝居を見れば歴史やものの道理などを手取早く学ぶことが出来ること。,
士は「」を知る者の為に死す,士は己を知る者の為に死す,立派な男子は、本当に自分を理解してくれる人のためには一命を捨てるのもいとわず尽くすこと。,
四百四病の「」,四百四病の外,恋わずらいのこと。,
渋柿が「」に成り上がる,渋柿が熟柿に成り上がる,どんなものでも時と共に変化することのたとえで、未熟なものがだんだんと上達することのたとえ。,
渋柿の「」持ち,渋柿の長持ち,取り柄のない人や悪人が長生きすることのたとえで、渋くてそのまま食べられない渋柿は、人に取られることもなく、熟しても崩れにくいので長く枝に残ることから。,
慈母に「」あり,慈母に敗子あり,溺愛する母親には、まともな子は育たないこと。,
自慢の糞は「」も食わぬ,自慢の糞は犬も食わぬ,自慢ばかりする者は周囲から嫌われて、誰からも相手にされないことのたとえ。,
自慢は「」の行き止まり,自慢は知恵の行き止まり,自慢は自己満足の証拠だから、自慢するようになると向上心が無くなり、その人の知恵の進歩は止まってしまうこと。,
霜を履んで「」至る,霜を履んで堅氷至る,物事が起こるには前兆があることのたとえで、前兆が見えたらそのための用心や対策を劣るなといういましめ。霜を踏む季節となると、やがて堅い氷の張る厳冬がやってくることから。,
「」あれば香ばし,麝あれば香ばし,才能や得のある者は、自然に世に認められるたとえ。,
蛇が出そうで「」も出ぬ,蛇が出そうで蚊も出ぬ,何か大きなことが起こりそうで、実際は何一つ起こらないことのたとえ。,
釈迦に「」なし,釈迦に宗旨なし,釈迦は仏道の本尊であるから何宗何派という宗派などはない。仏教はすべてお釈迦様の教えなのだから、宗派同士の争いは意味がないこと。,
杓子は「」にならず,杓子は耳掻きにならず,形は似ていても、大きいものが小さいものの代用になるとは限らないことのたとえ。,
鵲巣「」の起こる所を知る,鵲巣風の起こる所を知る,動物はいろいろなことを予知する能力や知恵を持っていることで、かささぎは、大風が吹く年は低いところに巣を作るように、その年の風の状態を予知して巣を作ることから。,
社鼠の「」,社鼠の患い,主君のそばで横暴をきわめている奸臣を除くことが出来なくて胸を痛めていることのたとえ。,
鯱鉾立ちも「」のうち,鯱鉾立ちも芸のうち,逆立ちも芸の一つであることで、余興の隠し芸をするときに、芸のない人が逆立ちをしてその場をしのぐのをからかって言う言葉。,
娑婆で見た「」,娑婆で見た弥次郎,知っている人に知らないふりをすること。,
しゃべる者に知る「」なし,しゃべる者に知る者なし,おしゃべりな者は、実際にはよく知らないでしゃべっていることが多いということ。,
沙弥から「」にはなれぬ,沙弥から長老にはなれぬ,物事には段階や順序があって、一足飛びには上に進めないことのたとえで、新入りの未熟な僧から、一気に長老のような高僧にはなれない意味から。,
舎を道傍に作れば「」年にして成らず,舎を道傍に作れば三年にして成らず,人々の意見をいちいち聞いていたら、いつまでたってもまとまらないというたとえで、家を道ばたに建てようとして、従来の人に相談していたら、めいめいが勝手な意見を述べるから、いつまでたっても完成しない意味から。,
「」に在りて争わず,醜夷に在りて争わず,仲間や同輩の中にあっては、争って父母に心配をかけるようなことはしないことで、人の子としての親に対する礼を述べたもの。,
十月の投げ「」,十月の投げ木,陰暦十月の頃は、木を放り投げておいても根付くくらい、樹木の移植にもっとも適していること。,
習慣は「」の如し,習慣は自然の如し,習慣は、身にしみつくと、生まれつき持っている天性のようになること。,
衆曲は「」を容れず,衆曲は直を容れず,多くの悪人が勢力を得ている社会では、少数の者が正しいことをしようとしても受け入られないこと。,
衆口「」を鑠かす,衆口金を鑠かす,人の噂や中傷は正しいものをも滅ぼす恐ろしい力を持っているたとえ。,
衆口は禍福の「」,衆口は禍福の門,人々の言うことにはよく注意しなければならないことで、世間の人々の噂、評判などによって、不幸を招いたり、幸せになったりすることから。,
十七八「」力,十七八藪力,十七、八の年ごろは、根のしっかり張った竹をも引き抜くくらいのとてつもない力が出ること。,
終身道を譲るも「」を枉げず,終身道を譲るも百歩を枉げず,一生涯人に道を譲りつづけたとしても、そのために余分に歩いた合計は百歩にもならないことで、常にへりくだって人に譲る心がけで世に処すれば、失うところより得るところが多いという教え。,
舟中も「」国,舟中も敵国,味方や近親でも敵になることがあるというたとえで、同じ舟に乗っているものは、すべて利害が共通であるが、心変わりすれば敵となることから。,
衆「」犯し難し,衆怒犯し難し,多くの人々の怒りには立ち向かうことが難しい。人々が嫌うことを強行すれば災いを起こすことになること。,
舅の物で「」もてなす,舅の物で相婿もてなす,自分のふところは痛めずに、他人の物で自分の義理を果たす、ちゃっかりした行為のたとえ。,
姑の仇を「」が討つ,姑の仇を嫁が討つ,姑にいびられたかたきを、自分の息子の嫁をいびることで晴らすこと。,
姑の「」見た者がない,姑の十七見た者がない,姑の自慢話はあてにならないことのたとえ。,
主と「」には勝たれず,主と病には勝たれず,主人の無理難題と病気の痛みには屈するほかないこと。,
重箱で「」をする,重箱で味噌をする,細かいところにはこだわらないで大目に見ることのたとえ。,
「」分はこぼれる,十分はこぼれる,何事もほどほどにして、余り欲ばらないほうが良いという教え。,
柔能く「」を制す,柔能く剛を制す,弱い者がかえって強い者に勝つことのたとえ。,
湿を悪みて「」に居る,湿を悪みて下きに居る,人に悪く言われるのを嫌いながら、行いを改めないことのたとえ。現在の境遇に対して不満を持ちながら脱出することが出来ないでいることのたとえ。,
臭を「」に遺す,臭を万載に遺す,悪名を後世にまで残すこと。,
菽水の「」,菽水の歓,貧しい生活をしながらも、親に孝養を尽くして喜ばせること。,
豎子の「」を成す,豎子の名を成す,くだらない者に名声をあげさせることで、つまらない相手に負けたことを悔やんでいう言葉。,
手足を惜く「」なし,手足を惜く所なし,安心して生活できる場所がないことで、手足を伸ばしておく所がない意味から。,
出家の「」嫌い,出家の念仏嫌い,その道で一番大事なことが嫌いだったり、最も重要なことが出来なかったりすることのたとえ。,
春宵一刻直「」,春宵一刻直千金,春の夜の趣は、ほんのわずかな時間が千金にも値するほどすばらしいことである。。,
駿足「」を思う,駿足長阪を思う,自信のある者が、手腕の発揮できるような困難を求め、自分の力を試そうと思うこと。,
春風の中に「」するが如し,春風の中に座するが如し,春風が万物を成長させるように、師のあたたかい指導によって学問の修業が助けられるさまをいう。,
駿馬「」を乗せて走る,駿馬痴漢を乗せて走る,世の中は思うようにいかないものであることのたとえで、釣り合った相手に巡り会えないこと、とくに、美人がつまらない男と結婚することのたとえ。,
城下の「」,城下の盟,もっとも屈辱的な講和条約で、敵軍に城のそばまで攻め込まれ、力尽きて仕方なく結ぶ調和の意味から。,
傷弓の「」,傷弓の鳥,過去の経験にこりて恐怖心にとらわれ、ひどく警戒心の強い人のたとえ。,
葉公の「」,葉公の竜,うわべはもっともらしく見えるが、実際はそうではないこと。,
しょう事なしの「」の飯,しょう事なしの米の飯,麦を食べる方が安く上がることはわかっているが、麦を買うお金がないので、仕方なく手持ちの米を食べることである。貧しいために、かえって不経済な生活をしなければならないこと。,
上戸の「」,上戸の手弱,酒飲みは、ふだんはまじめで融通がきかない人でも、酒を飲ませると、とたんに物わかりがよくなったりして、扱いやすいこと。,
正直の頭に「」宿る,正直の頭に神宿る,正直な人には、必ず神の加護がある意味で、正直の大切さの教え。正直は一生の宝。,
正直は「」の異名,正直は阿呆の異名,いくら正直が大事と言っても、まったく融通のきかない正直さは、愚か者のすることであることで、世渡りの下手な正直者への皮肉の言葉。,
正直貧乏横着「」,正直貧乏横着栄耀,正直者は、その正直さゆえに貧乏をする。それに対して、押しが強くてずる賢い者が、大いに栄えていることで、世の中の矛盾を言った言葉。正直者が馬鹿を見る。,
猩猩能く言えども「」を離れず,猩猩能く言えども禽獣を離れず,礼儀を知らない人間は、どんなにうまく話が出来ても鳥や獣と同じだというたとえで、猩猩は人間のことばを上手に話すといっても、結局は獣にすぎない意味から。,
小人閑居して「」を為す,小人閑居して不善を為す,小人は、何もすることがなく暇でいると、よくないことをはじめること。,
小人窮すればここに「」す,小人窮すればここに濫す,小人物は行き詰まった状態になると、取り乱して悪いことでも何でもやってしまうこと。,
小人の「」は満ち易し,小人の腹は満ち易し,小人物は目先の利得のことにとらわれやすいものだから、その腹の中もすぐに利得のことで一杯になってしまう。小人物は金さえ握らせれば簡単につられてしまうこと。,
小人の過つや必ず「」る,小人の過つや必ず文る,小人は過ちを犯すと、その場を取り繕ってごまかそうとして、以前の行いを正そうとはしないこと。,
小人は始め有りて「」無し,小人は始め有りて終わり無し,つまらぬ人間は、事を起こすことは出来ても、成果を上げて事を終結させることは出来ないこと。,
誦数以て「」を貫く,誦数以て之を貫く,何度も何度もくり返し読むことによって、難解な書物も次第に理解できるようになること。,
上手はあれど「」はなし,上手はあれど名人はなし,一技一芸に達することは容易ではないことのたとえ。,
小節を規る者は「」を成す能わず,小節を規る者は栄名を成す能わず,小さな礼節など、小事にこだわっている者は、大きな名声を得るような大事を成し遂げることは出来ない。,
上知と「」とは移らず,上知と下愚とは移らず,最上の知者は悪い境遇にあっても堕落せず、最下の愚者は、どんなによい境遇にあっても向上しない。,
笑中に「」あり,笑中に刀あり,表面はにこにこして温和であるが、心中に悪意をひそませていることのたとえ。,
小恥を悪む者は「」を立つる能わず,小恥を悪む者は大功を立つる能わず,小さな恥をかくことをも恐れるような人は、大きな功名をあげるような仕事することが出来ないこと。,
少年老い易く「」成り難し,少年老い易く学成り難し,若いときは、まだまだ先が長くあわてる必要はないと思っているが、月日の過ぎ去るのは早くてすぐに年をとってしまう。しかし学問はなかなか成就しないものである。,
少年に学ばざれば「」に知らず,少年に学ばざれば老後に知らず,若いうちにきちんと勉強して知識を増やしておかないと、年をとってから物を知らないために苦労することが多いといういましめ。,
賞は厚くし「」は薄くすべし,賞は厚くし罰は薄くすべし,善行や功労はどんなに小さくても大いにほめて褒美を与え、罰するときは出来るだけ軽くせよということ。,
商売は「」の種,商売は草の種,商売の種類は、草の種の種類ほどたくさんあること。,
情張りは「」の下,情張りは棒の下,強情っ張りは、ついには棒で打たれるようになり、素直な方が得であること。,
正法に「」なし,正法に不思議なし,正しい宗教には、不思議なことは何もない、不思議な利益や恩恵があるとすれば、それはむしろ邪教であること。,
小利は「」の残ない,小利は大利の残ない,少しばかりの利益は、大きな利益を得る妨げになることで、目先の小さな利益に目がくらんではならないいましめ。,
鍾を聞いて「」と為す,鍾を聞いて日と為す,人から教えられたことを、はき違えて覚えることのたとえ。,
小を捨てて「」に就く,小を捨てて大に就く,大切でないものは捨てて、重要なものを取ることで、小さな利害にこだわらず、より重要な面に力を注ぐこと。,
升を以て「」を量る,升を以て石を量る,小人の狭い心では、賢者の胸中を正しく推し量ることは出来ないことのたとえ。,
杵臼の「」,杵臼の交わり,貧富や身分の上下を問題にしない交友で、主従の関係を越えた交友のこと。,
食牛の「」,食牛の気,大人物は幼少の時から志気盛んで、常人とは違ったところがあることのたとえ。,
食後の一睡「」,食後の一睡万病円,食後のひと眠りは、健康のためにとてもよいこと。,
食前方丈「」に過ぎず,食前方丈一飽に過ぎず,欲もほどほどにしたほうが良いというたとえで、ご馳走を一丈四方いっぱいに並べても、その一部分で満腹してしまい、それ以上は食べられないことから。,
食なき者は「」を択ばず,食なき者は職を択ばず,三度の食事にも困っている者は、職業の善し悪しや収入の多い少ないなどを言っている余裕はなく、どんな職業にもつくものだということ。,
職人貧乏「」,職人貧乏人宝,職人は仕事が上手で人には重宝がられるが、世渡りが下手だったり、金もうけを考えないことが多いので、貧乏しがちであること。,
燭を乗りて「」遊ぶ,燭を乗りて夜遊ぶ,夜まで楽しく遊ぶことで、人生は短いのだから、昼間だけでなく、夜も明かりをつけて楽しめということ。,
女子と「」は養い難し,女子と小人は養い難し,女子と小人は扱いが難しいということ。,
蜀犬「」に吠ゆ,蜀犬日に吠ゆ,無知のため、当たり前のことでも怪しいと疑い、騒ぎ立てることで、転じて、見識のない小人物が他人のすぐれた言行をあれこれ批判することのたとえ。,
黍離の「」,黍離の嘆,世の移り変わりを嘆くたとえで、旧都や故郷の荒れ果てたようすを見て嘆くこと。,
書を校するは「」を払うが如し,書を校するは塵を払うが如し,校正の難しさをたとえた言葉で、書物の校正の仕事は、塵が払い尽くせないのと同じで、何度も校正してもなお誤りがあって、完全なものにするのは難しいこと。,
精げの中の「」,精げの中の籾,よりすぐった中に悪い者が混じっていることのたとえ。,
知らずば「」真似,知らずば人真似,やり方を知らないときは、人がすることを見て、その真似をしているのが無難なこと。,
知らぬ顔の「」,知らぬ顔の半兵衛,知っているのに、とぼけて知らないふりをすることで、又、そうする人。,
知らぬ「」物語,知らぬ京物語,実際には見たこともないことを、さも見たかのように、ほらを吹くことのたとえ。,
知らぬは「」ばかりなり,知らぬは亭主ばかりなり,女房が浮気していることを近所の者はみんな知っていて噂をしているが、当の亭主だけは気付かずにいることで、当事者が案外うかつなことをあざけって言う。,
知らぬ仏より馴染みの「」,知らぬ仏より馴染みの鬼,どんなによい人でも疎遠な人よりは、欠点はあっても懇意な身近な人の方がよいこと。,
虱の皮を「」で剥ぐ,虱の皮を槍で剥ぐ,小さな事を処理するのに、大げさな方法をとることで、理屈に合わないことのたとえ。,
知る人に「」を掛ける,知る人に縄を掛ける,したくないことをしなければならなくて気のすすまないことで、心苦しいことのたとえ。,
汁を啜って「」,汁を啜って同罪,分け前の多少にかかわらず、共犯の罪は同罪と見なされることのたとえ。,
白き「」の染まんことを悲しむ,白き糸の染まんことを悲しむ,同じ人間として生まれながら、その境遇や行いによって善くも悪くもなることを嘆くことのたとえ。,
吝ん坊の「」の種,吝ん坊の柿の種,極端なけちん坊をののしった言葉で、けちな人は、何の役にも立たない柿の種さえ惜しがって捨てようとしない意味から。,
「」を打つより田を打て,碁を打つより田を打て,つまらぬことに時間を潰すより、仕事に精を出せということ。詩を作るより田を作れ。,
人間到る処「」有り,人間到る処青山有り,骨を埋める場所は、どこにでもある。大望を実現するためには、故郷にこだわらず、広い世間に出て活動すべきである、ということ。,
真金は「」せず,真金は鍍せず,真に才能のある人は、肩書きなどで飾り立てたりしなくても、自然に人から認められること。,
仁者は「」を楽しむ,仁者は山を楽しむ,徳を備えている人は、安らかで心が落ち着いているから、静かで動かない山を愛し楽しむ。名声や利益に心を動かされることのない心境をたたえた言葉。,
浸潤の「」,浸潤の譖り,少しずつじっくりと讒言して人をおとしいれることで、じわじわと水がしみ込むように、人々に信じられていく中傷を言う。,
信心過ぎて「」を通り越す,信心過ぎて極楽を通り越す,極楽へ行きたいための信心も、度が過ぎると迷信や邪道に陥り、人を地獄へ行かせるような害をもたらす。信心もほどほどにせよといういましめ。,
人心は「」より険し,人心は山川より険し,人の心は邪悪で、油断のならないものだということ,
信心も「」から,信心も欲から,信心するものも、結局はよい御利益を得たいという欲望からに過ぎないこと。,
人生「」に感ず,人生意気に感ず,人間は相手の心意気に感激して行動するもので、名誉や金銭などといった欲のためにするのではないこと。,
人生字を識るは「」の始め,人生字を識るは憂患の始め,人間は文字を覚え、学問を積むことによって悩んだり苦しんだりするようになる。いっそのこと無学でいたほうが、どんなに気楽であるか分からないことにたとえる。,
死んだ子の「」を数える,死んだ子の年を数える,今さら言ってもしかたのない過去のことについて、思い出したり、愚痴をこぼしたりすることのたとえ。,
死んだ子は「」,死んだ子は賢い,過去のものは美点だけが思い出として残ることのたとえで、亡くなった子はその長所ばかりが思い出されて、その子の賢さが親の記憶に残るという意味から。,
死んで「」が咲くものか,死んで花実が咲くものか,死んでしまったらすべておしまいで、生きていればこそ又良いときもめぐってくるもので、むだに命を捨てるなどつまらないことだと、死を望む者に対して言い聞かせる言葉。,
心頭を滅却すれば「」もまた涼し,心頭を滅却すれば火もまた涼し,心の持ち方ひとつで、どのような苦難もしのげるという教え。,
信、「」に及ぶ,信、豚魚に及ぶ,誠実な心がつまらぬ者にも通じることで、信義の道が広く人々に徹底することのたとえ。,
信なき亀は「」を破る,信なき亀は甲を破る,約束を破ると身に災いを受けることのたとえ。,
信の闇より「」が怖い,信の闇より無闇が怖い,暗闇には何がひそんでいるか、何が出てくる変わらないので怖いには怖いが、道理をわきまえない言動をする者や後先を考えない無鉄砲な者は、何をしでかすかわからないのでもっと怖いこと。,
親は泣き寄り「」は食い寄り,親は泣き寄り他人は食い寄り,他人はうわべだけの同情しかみせないたとえで、不幸があると、身内の者は心から悲しんで集まってくれるが、他人は振る舞われるご馳走を目当てに集まってくるものだということ。,
辛抱する木に「」がなる,辛抱する木に金がなる,辛抱強くこつこつ働けば、やがて財産も出来るものだということ。,
「」を積むが如し,薪燎を積むが如し,後輩が先輩を超えて上位に重用されることのたとえ。,
粋が「」を食う,粋が身を食う,遊里や芸人社会などの事情に通じ、もてはやされて得意になっている人は、つい深入りすることになり、やがて身を亡ぼしてしまうことのいましめ。,
水「」を通せず,水火を通せず,隣近所と交際せず、往来のないことのたとえで、日常生活に欠かせない水や火さえも、隣近所と融通し合わないということから。,
炊臼の「」,炊臼の夢,妻の死の知らせで、妻に先立たれることのたとえ。,
垂拱して「」治まる,垂拱して天下治まる,君主が取り立てて策を施すことなく、人々のなすがままにしておいても天下がよく治まること。,
水鏡「」無し,水鏡私無し,公明正大、公平であることのたとえで、水や鏡が、ありのままにものの形を映し出すように、人間も感情など交えることなく、公平無私でなければならないこと。,
随珠を以て「」を弾く,随珠を以て雀を弾く,貴重なものをつまらぬ事に使うたとえで、失うところが多く得るところが少ないたとえ。,
水晶の削り「」,水晶の削り屑,もとは富貴であったのに、今は零落してしまった人のたとえ。,
水晶は「」を受けず,水晶は塵を受けず,清廉潔白な人は、少しの不正も拒み退けるものであるたとえ。,
好いた同士は泣いても「」,好いた同士は泣いても連れる,好きで一緒になった男女は、泣くような辛いことや苦労にも耐えて、最後まで連れ添うものであること。,
水中に「」を求む,水中に火を求む,絶対に手に入らない物を無理に求めることのたとえ。,
錘刀を以て「」を墜つ,錘刀を以て太山を墜つ,微弱な力で強大なものに立ち向かうことのたとえ。,
姿は「」を現す,姿は俗性を現す,人は身なりやちょっとした立ち振る舞いで、その品格がわかること。,
姿は「」物,姿は作り物,人の容姿は、化粧のしかたや着る物でどうのようにもなること。,
好かぬは得せぬの「」,好かぬは得せぬの唐名,できない人間はできないことを「それをするのが好きではないから」とか「いや」だからと言って、決して自分の能力が足りないためにできないのだ、とは言わない。できないことを「好きでない」とか「いや」という言葉で表現することは日本語にはなく、あたかも外国語でしゃべっているかのようである、という意味。 ,
好きには「」をやつす,好きには身をやつす,好きなことのためには、体がやせ細るほどの苦労もいとわないものであること。,
隙間風は「」,隙間風は冷たい,親しい男女や友人などの間に心のへだたりが出来ると、それまで親密だっただけいっそう冷たく感じられるたとえ。,
雀脅して「」失う,雀脅して鶴失う,細部にこだわって全体をだめにしてしまうことのたとえで、雀を追い払うと脅かしたために鶴を逃がしてしまうという意味から。,
雀原へ「」,雀原へ礫,野原の群雀に石を投げると一時に鳴きやむことから、騒がしかったのが一瞬にして静まること。,
捨て子は「」に出る,捨て子は世に出る,誰もかまい手のない者が、案外出世するものだということで、捨て子は、厳しい環境の中で苦労をするのでたくましく育ち、かえって世に出て成功するものであること。,
砂の底から「」が出る,砂の底から玉が出る,ありふれたつまらないものの中から、貴重なもの、優れたものが出てくることのたとえ。,
脛に傷持てば「」走る,脛に傷持てば笹原走る,後ろ暗い人間が、落ち着いて世渡りできないことのたとえ。,
拗者の「」笑い,拗者の苦笑い,変わり者にも上には上があるというたとえ。,
素引きの「」,素引きの精兵,理論には詳しいが、実践には役に立たない人のこと。,
滑り道と「」は早いほうがよい,滑り道とお経は早いほうがよい,ぬかるんで滑りやすい道は、人より早く先を歩いた方が歩きやすいし、退屈なお経は早く終わってくれる方がよいこと。,
住まば「」,住まば都,同じ住むならば都の方がよいこと。,
すまじきものは「」仕え,すまじきものは宮仕え,人に仕えることは気苦労が多く、勤めは上役や同僚に気兼ねしなければならないから、できることならしないほうがよいことをいう。,
住むばかりの「」,住むばかりの名所,よそから見るほどよくはないことのたとえで、名所としてよその人からうらやましく思われるような土地も、そこに住んでいる人にとっては特別によいところでもなく、ただ生活しているだけの場所にすぎないこと。,
相撲に勝って「」に負ける,相撲に勝って勝負に負ける,良い経過をたどりながら、結果的には失敗することのたとえ。,
相撲に負けて「」の面張る,相撲に負けて妻の面張る,強い者に負けた者が、自分より弱い者をいじめて、うっぷんを晴らすことのたとえ。,
するは一時名は「」,するは一時名は末代,どんな苦しいことでも一時がまんすればすむが、するべきことをしなかったために生じた不名誉は、子孫の代まで残るということで、するべきことは、苦痛であってもしなければならない教え。,
寸鉄「」を殺す,寸鉄人を殺す,短いが鋭い適切な言葉によって、相手の痛いところ、急所を突くこと。,
寸を進めずして「」を退く,寸を進めずして尺を退く,こちらから挑戦してわざわいを招くようなことはしないことで、一寸前進するよりも、一尺後退して衝突を避けるのが賢明であるということ。,
生相近し「」相遠し,生相近し習い相遠し,人間の生まれながらもっている素質にはそれほど差がないが、その後の勉学や環境によって大きな差が出来てくることで、教育の重要性について孔子が述べた言葉。,
精衛「」を塡む,精衛海を塡む,できもしないことを計画して力を尽くし、むだな骨折りになることのたとえ。,
西施にも「」なる所有り,西施にも醜なる所有り,完全無欠な人間などいないとたとえで、その反対にまったく取り柄のない人もいないこと。,
「」事は説かず,盛事は説かず,すんでしまったことは、何を言ってもしかたがないこと。,
聖人に「」無し,聖人に夢無し,聖人は心身ともに安らかであるから、常に安眠して、つまらない夢など見ることはない。,
成竹を「」に得,成竹を胸中に得,成功する見込みがあることで、あらかじめ心の中に計画を立て、十分な成算をもっていることのたとえ。,
盛徳の士は「」に疏んぜらる,盛徳の士は乱世に疏んぜらる,乱世では道徳観念も乱れてしまうので、徳のある立派な人物はかえって遠ざけられてしまうこと。,
「」年重ねて来らず,盛年重ねて来らず,若く元気の良いときは二度と来ないから、今をむだにすることなく、勉学に励まなければいけないという教え。,
生は難く「」は易し,生は難く死は易し,自分の命を絶つことによって事態の解決を図ろうとする態度をいましめて、生命の貴さを教えたことば。,
清白を「」に遺す,清白を子孫に遺す,財産はないが、清廉潔白の美風を子孫に伝えることで、役人としての心構え。,
性は猶「」のごとし,性は猶湍水のごとし,人の本性は善にも悪にもなり得ることのたとえ。,
青蠅「」を染む,青蠅白を染む,心の汚い小人が中傷によって潔白な君子をおとしいれようとするたとえ。,
積悪の家には必ず「」あり,積悪の家には必ず余殃あり,悪事を積み重ねた者の家には、その身だけでなく、その報いで必ず子孫にまでわざわいが及ぶといういましめ。,
席暖まるに「」あらず,席暖まるに暇あらず,一か所に腰を落ち着けている暇もないほど、非常に忙しいことのたとえ。孔席暖まらず墨突黔まず。,
赤心を推して人の「」に置く,赤心を推して人の腹中に置く,真心を持って人に接し、相手を信じて少しも疑わないことで、自分の真心を外に出して相手の腹の中に置く意味から。,
積土「」を成す,積土山を成す,学問や道徳は、小さいことを積み重ねていって、立派なものになるたとえ。,
赤貧「」が如し,赤貧洗うが如し,ひどく貧しくて、洗い流したように何一つ持ち物がないこと。,
世間知らずの「」,世間知らずの高枕,世の中の動きを知らないで、平気でのんびりと暮らしていることで、世間の事情にうといばかりではなく、世間のことを知ろうともせず暮らす者への皮肉の言葉。,
世間は「」物,世間は張物,世間を渡るには、ある程度の見栄を張るのも処世術の一つであることで、人は皆見栄を張って生きているので、外見に騙されてはいけないいましめ。,
世帯仏法「」,世帯仏法腹念仏,僧が仏法を説くのも念仏をとなえるのも、僧自身の世帯を維持し腹を満たすためのものであること。信仰も結局は現世の生活のためのものであること。,
節季の「」は買ってもひけ,節季の風邪は買ってもひけ,盆暮れの忙しい時期でも、病気であれば公然と休めるから、金を出して買ってでも風邪をひいた方が得だということ。,
積毀「」を銷す,積毀骨を銷す,大勢の人が口をそろえて言うそしりは、どんなに強い信念を持つ人をも、ついにはそのように思わせるほど恐ろしいものだということである。度重なる讒言は堅い骨さえ溶かしてしまう意味から。,
節制は「」の薬,節制は最良の薬,日ごろは体のためによくないと思うことをつつしんで、健康に気を配り日々を暮らすのに勝る健康法はないこと。,
雪隠で「」,雪隠で饅頭,便所でこっそり饅頭を食う意味から、人に隠れてこっそり自分だけがよい思いをすること。,
せつない時は「」,せつない時は親,苦しくなったとき、頼りにするのはやはり親であること。,
背中に「」はない,背中に眼はない,他人が隠れて陰でこっそりやる悪事までは気がつかない。,
銭無き男は「」の無き舟の如し,銭無き男は帆の無き舟の如し,男は財力が無くては、帆を失った舟が思うように孝行できず流れに漂うように、その場の状況に流されるままで、思った通りに行動することが出来ないことから。,
銭無しの「」立ち,銭無しの市立ち,物事を行うのに、何の目的も手段も持たないでやってもだめだというたとえで、権利もないのに要求だけしようとする身の程知らずのたとえである。金を持たずに市場に行っても、ただ立っているだけで何も手に入れることが出来ないこと。,
銭は「」かくし,銭は馬鹿かくし,金の力さえあれば、どんな愚か者であっても、世間に通用すること。,
瀬のわきは「」,瀬のわきは渦,物事が順調に進んでいるときに、陥りがちな油断をいましめることばで、川の流れの急なところの近くには渦があること。,
狭家の「」,狭家の長刀,仕事などで制約が多く、実力を発揮しきれず持て余すたとえで、貧乏でどうにも家計のやりくりがつかないことのたとえ。,
是非は「」によって賢し,是非は道によって賢し,あることがよいか悪いかの判断は、それぞれの専門の者がもっとも的確に下せること。,
狭き「」より入れ,狭き門より入れ,事をなすのに楽な方法を取るよりは、難しい苦しい方法を取るのが自分を鍛え上げるのによいこと。,
瀬を踏んで「」を知る,瀬を踏んで淵を知る,前もって試してみて、危険を知ることのたとえ。川を渡るときに、浅瀬を渡りながら水の深さを測り、深い淵の場所を知る意味から。,
善悪の「」の如し,善悪の水波の如し,善と悪とはまったく反対のもののように思われているが、実際は、わずかの差しかないものであること。,
善悪は「」による,善悪は友による,人はつきあう友人の善し悪しで、善くも悪くもなる。友人の感化は大きく、友人の選択が大切だという教え。,
善悪は「」を見よ,善悪は友を見よ,その人が善人か悪人かを知るには、本人よりも、交際している友人の行状を見ればよくわかることである。,
千鈞も「」を得れば則ち浮かぶ,千鈞も船を得れば則ち浮かぶ,勢力・地位があれば、愚人でも天下を制することができるたとえ。,
千軒あれば「」,千軒あれば共過ぎ,家が千軒あれば、その中で互いに商売が成り立ち、それぞれの家が生計を立てていること。,
善言は「」よりも暖かし,善言は布帛よりも暖かし,よい言葉は、身につける衣服よりも暖かく、言葉には、人の心暖める大きな力があることのたとえ。,
千石万石も「」,千石万石も米五合,地位の上下や貧富の差はあっても、同じ人間は変わりはないたとえで、必要なものはが必要なだけあればそれでよいこと。起きて半畳寝て一畳。,
千雀万鳩鷂と「」を為す,千雀万鳩鷂と仇を為す,弱い者がたくさんいても、強い者にはかなわないことで、力のない者が数多く集まっても、役に立たないことのたとえ。,
前車の覆るは「」の戒め,前車の覆るは後車の戒め,千人の失敗が後人のいましめとなるたとえで、前を走る車が転覆したら、後方を走る車はそれを見て注意することが出来ること。,
善者は弁ならず、弁者は「」ならず,善者は弁ならず、弁者は善ならず,善人はあまりしゃべらずによい行いをして、弁舌の巧みな人は、実は善行をしていない者である。多弁をいましめたことば。,
前人木を植えて後人「」を得,前人木を植えて後人涼を得,昔の人の努力のおかげで、今の人が楽をすることが出来るたとえ。,
先生と言われるほどの「」でなし,先生と言われるほどの馬鹿でなし,「先生」と呼ばれて得意となっている者をあざけっていうことばで、むやみに人のことを先生呼ばわりする風潮を皮肉っていう言葉。,
船頭の「」急ぎ,船頭のそら急ぎ,船頭が船を出すと言って客を乗り込ませながら、実際にはなかなか出さないことをいい、むやみと人をせき立てて、急ぐようなふりをすることのたとえ。,
千日の勤学より一時の「」,千日の勤学より一時の名匠,長いことかけて独学で勉強をするよりも、短期間でよいから、優れた指導者について勉強をするほうが効果があがることをいう。,
千人の諾諾は一士の「」に如かず,千人の諾諾は一士の諤諤に如かず,何でも人のいうとおりに従う者が大勢いるより、たとえ一人でも、勇気を持って直言してくれる人物がいるほうがよいこと。,
鱣は蛇に似たり、蚕は「」に似たり,鱣は蛇に似たり、蚕は蠋に似たり,人は利益のためなら恐ろしいことも嫌なことも、平気でやるものだということのたとえ。,
膳部揃うて「」を取れ,膳部揃うて箸を取れ,食事はあわてずに、料理が全部出そろってから箸を取りなさいということで、あわただしい食事をいましめたこと。,
千羊の皮は一孤の「」に如かず,千羊の皮は一孤の腋に如かず,凡人がどんなに多くいても、一人のすぐれた人間には及ばないたとえ,
千里「」を命ず,千里駕を命ず,遠くにいる友人を訪ねること。,
千慮の「」失,千慮の一失,賢い者でも、多くの考えの中には、一つぐらい誤りはあること。,
千慮の「」得,千慮の一得,愚かな者にも、いろいろと考えていることの中には、一つぐらいよい考えがあること。,
喪家の「」,喪家の狗,やせ衰えて元気がない人のたとえ。,
創業は易く「」は難し,創業は易く守成は難し,新たな事業を起こすことに比べると、その事業を受け継いで衰えないように守り続けていくことの方が難しいということ。,
叢軽「」を折る,叢軽軸を折る,小さなものでも、たくさん集まれば大きな力を発揮するたとえ。積羽舟を沈む。,
象牙の「」,象牙の塔,俗世間を離れて、もっぱら静寂・高逸な芸術を楽しむ芸術至上主義の境地。,
曾参「」を殺す,曾参人を殺す,嘘でも同じことを何度も言われると、ついには人がそれを信じるようになることのたとえ。,
桑中の「」,桑中の喜び,男女の不義の楽しみのこと。,
桑麻の「」,桑麻の交,田園の気楽な交際で、政治や役所などのわずらわしい話をせず、桑や麻の作柄などを話し合うつきあい。,
総領の十五は「」の世盛り,総領の十五は貧乏の世盛り,長男が一人前になる前までが、家計のもっとも苦しい時期であること。,
倉廩実ちて「」空し,倉廩実ちて囹圄空し,食べ物が豊にあり安定した生活が出来れば、人は罪など犯さず、世の中が平和に治まるということ。,
葬礼帰りの「」話,葬礼帰りの医者話,すでに結果が出て取り返しがつかない段階になってから、無意味なせんさくをしたり、後悔することのたとえ。,
「」を落として顧みず,甑を落として顧みず,あきらめの早いことのたとえで、こしきを落として割れても平然としていることから。,
即時一杯の「」,即時一杯の酒,後でいいことがあるより、少しでも今得をすることがあるほうがよいたとえ。,
鼠穴を治めて「」を壊る,鼠穴を治めて里閭を壊る,小さな害を除こうとして逆に大切なものを台無しにしてしまうたとえ。,
底もあり「」もあり,底もあり蓋もあり,物事にはいろいろ複雑な事情があって、簡単にはいかないこと。,
楚囚其の「」を纓す,楚囚其の冠を纓す,祖国を忘れず、その誇りを持ち続けること。,
俎上の魚「」に移る,俎上の魚江海に移る,危険な運命を逃れて、安全なところに移るたとえで、追いつめられた状況を切り抜けるたとえ。,
粗相が「」に叶う,粗相が御意に叶う,目下の者の軽率な失敗や無作法が、目上の者から愛嬌があるとほほえましく見られ、かえって気に入られる場合もあること。,
そっと申せば「」と申す,そっと申せばぎゃっと申す,言いつけられたことを大げさにしすぎることのたとえ。小声で言ったのに、とんでもない大声で返事をするの意味から。,
袖から「」,袖から火事,小さな事から大事が引き起こされることのたとえ。,
袖の下に回る「」は打たれぬ,袖の下に回る子は打たれぬ,叱られて逃げようとする子は追いかけていってでも打ちたくなるが、袖にすがりついてくる子は可愛くて打てないこと。,
袖引き煙草に押し付け「」,袖引き煙草に押し付け茶,帰ろうとする客に煙草や茶を出して無理に引き留め、相手の都合も考えないでももてなすことで、ありがた迷惑なことのたとえ。,
袖振り合うも多生の「」,袖振り合うも多生の縁,知らない人とたまたま道で袖がふれあう程度のことも、前世からの深い因縁によるものであること。,
外愛嬌の内「」,外愛嬌の内そんぶり,外で他人に会うときには愛想よく振る舞うが、家の中ではいつも不機嫌でむっつりしていることである。,
楚人好く「」を説く,楚人好く楚語を説く,自分の知っていることについては、得意になって多くのことを語るたとえ。,
空念仏も「」どまり,空念仏も三合どまり,とってつけたような一時しのぎの行為は、長続きしないことのたとえ。,
そろそろ行けば「」も濁る,そろそろ行けば田も濁る,のろのろしていると、ぐあいのわるいことがおこることもあるので、物事はさっさと早めにすますほうがよいたとえ。,
添わぬうちが「」,添わぬうちが花,家庭を持って一緒に生活してみれば、お互いの欠点が目立って楽しいことばかりではない。結婚する前がいちばん楽しい時期であること。,
蹲鴟を「」と為す,蹲鴟を悪鳥と為す,無学な者が見当違いなことをいうたとえ。,
損せぬ人に「」なし,損せぬ人に儲けなし,商売では、ある程度の損は覚悟しておかないと、もうけることはできない。損することを恐れている人に大もうけすることは出来ないこと。,