「実験心理学の父」と呼ばれるドイツ人心理学者。内観法を重視した。,ヴィルヘルム・ヴント,
心理学において、心や精神の働きを自己観察すること、またその方法。行動主義に対する。,内観（法）,
刺激に対して頭や目を向けようとする定位反応（定位反射）を示すことを利用して、視線の動きや注視の時間などから、視覚・色覚や興味・関心などを測定する実験方法。新生児・乳児や動物などの心理テストが難しい被験者に対して用いられる。,選好注視法（PL法）,
乳児の視力を測る際に使われる視力の一種。白黒の縞模様を細かくしていくと灰色と見分けがつかなくなることを利用し、そのときの目の動きを観察することによって視力を測定する。,縞視力,
突然の新奇な刺激が与えられたときに，動物がすばやく頭と目をその刺激源に向けること。,定位反応,
心理学において、 ある刺激がくり返し提示されることによって、その刺激に対する反応が徐徐に見られなくなっていく現象を指す言葉。この後に新たな刺激が与えられ反応が復活することは「脱―」という。,馴化,
口に入ってきたものを強く吸う、原始反射の一つ。生後半年程度で消失する。探索反射、嚥下反射などと合わせて哺乳反射と呼ばれる。,吸啜（きゅうてつ）反射,
特定の個人や事象について，具体的な出来事，特質をよく表すエピソードなどを日常的な観察や聞き語りに基づいて収集し，記録していく方法。ダーウィンによる『人間と動物の表情』などが有名。,逸話法,
「ある行動がより低次の心的能力の行使の結果であると解釈できる場合は，その行動をより高次の心的能力の行使の結果であると解釈するべきではない」とする動物行動の解釈における倹約の原則。逸話法を非難し、後の行動主義へとつながっていった。,モーガンの公準,
ドイツの動物学者ワイスマンが主張した、生物の偶発的な遺伝的変異に自然淘汰が作用して進化が起きるという学説。獲得形質の遺伝を否定した。,ネオ・ダーウィニズム,
後天性遺伝形質とも。生物個体が一生の間に、環境の影響や鍛錬によって獲得した形質。,獲得形質,
「ある生物が普段よく使う器官や機能がより発達し、反対にあまり使わない器官や機能は縮小していく。子孫にもその形質が受け継がれる」とする学説。フランスの博物学者ラマルクの著書『動物哲学』で主張されたが、現在では否定されている。,用不用説,
植物の発育段階説や春化処理を研究したソ連の生物学者。環境の操作により植物の遺伝性を後天的に変化させ得るという学説を唱え、反対派のメンデル遺伝学者を追放する論争を巻き起こしたが、のちに否定され失脚した。,トロフィム・ルイセンコ,
ヤロビザーツィヤ，バーナリゼーションとも。植物の生長期に低温の時期を与えることによって、花芽の形成を促進する方法。秋まき小麦の種子を低温にさらすと、春にまいても収穫ができる。ソ連のルイセンコによって提唱された。,春化処理,
「モビール」を発明した、アメリカの彫刻家。,アレクサンダー・カルダー（コールダー）,
ダーウィンの従兄弟であるイギリスの遺伝学者ゴルトンによって創始された、人類の遺伝的構成の改善を目指して劣悪な遺伝形質の淘汰、優良な遺伝形質の保存・増加について研究する学問。,優生学,
人類が飢餓との戦いの歴史において獲得したと考えられている、太りやすさや肥満のタイプを左右する遺伝子。,倹約遺伝子,
ミルクに含まれる糖質である乳糖をグルコースとガラクトースに分解する乳糖分解酵素（ラクターゼ）の活性が低下しているために、乳糖を消化吸収できず、著しい下痢や体重増加不良をきたす疾患。,乳糖不耐症,
狭義には動物心理学と同義である。いろいろな生物の行動について，その差異と類似の関係を研究し，その発生機構に至るまで明らかにしようとする心理学の一分野。,比較心理学,
「必要なしに多くのものを定立してはならない」という原則。14世紀のとある哲学者が議論で多用した。,オッカムの剃刀,
アメリカの心理学者。客観的観察の対象にならない意識は科学的心理学の枠内から追放されるべきだと主張し、行動主義心理学を創始した。アルバート坊やに対する恐怖条件づけの実験でも知られる。,ジョン・ワトソン,
学習が刺激と反応の結合によって成立するという行動主義心理学の理論。,ＳＲ説,
学習は環境内の刺激を構造的に把握したり、新しい意味づけをすることによって成立し、強化を必要条件とはしないとする心理学説。,SS説（sign-significate theory）,
消化管の生理学的研究で 1904年にノーベル生理学・医学賞を受賞したソ連の科学者。犬にベルの音を聞かせながら餌を与えることを繰り返すと、餌を与えなくてもベルの音を鳴らすだけで犬がヨダレをたらすようになる、という条件反射の実験を行ったことで有名。,イワン・パブロフ,
パブロフの犬に代表される。刺激と刺激を時間的に接近させて呈示することによって、その関係を学習させる条件づけの方法。「古典的条件付け」とも。,レスポンデント条件づけ,
動物が実験的に設定した状況下で異常行動を示すこと。刺激差異を狭小にして弁別が困難な状況となった場合や、報酬が期待される状況が遅延禁止されたり、罰に置換されたりする場合に生じる。,実験神経症,
ソーンダイクの「猫の問題箱」に代表される。生体が環境に対する反応のうち，ある特定の反応にだけ強化刺激 (たとえば食物) を伴わせて，その反応をほかに比べて生起しやすくする過程，またはその手続。「道具的条件付け」とも。,オペラント条件づけ,
アメリカの心理学者。空腹の猫を問題箱（紐を引くなどすると脱出できる）に閉じ込めて外に餌を置き、試行錯誤によって偶然脱出できることを繰り返すと、次第に脱出成功までの時間が短くなっていく、ということを示したオペラント条件付けの実験で有名。,エドワード・ソーンダイク,
新行動主義を代表するアメリカの心理学者が考案した、オペラント学習実験の装置。箱内壁に梃子があり動物がそれを操作すると餌が自動的に出てくる構造になっている。,スキナー箱,
ベートーヴェンやブルックナーなどのように、交響曲を作曲していると、ある番号の制作前後で死んでしまうというジンクス。マーラーはこれを恐れ、作曲したものを交響曲と認めず、代わりに『大地の歌』と名づけたとされる。,第九の呪い,
バレエの名を冠した史上最初の作品。アンリ2世の妃カトリーヌ・ド・メディシスの命により，ジョアイユーズ公とマルグリット姫の婚約を祝うために，1581年パリのブルボン宮でバルタザール・ド・ボージョアイユの演出で上演された。,王妃のバレエ・コミック（バレエ・コミック・ドラ・レーヌ）,
ドイツ・ロマン派の作曲家。妻のクララも音楽家として有名。代表曲は『謝肉祭』『トロイメライ（子供の情景）』、交響曲第３番『ライン』など。,ロベルト・シューマン,
イタリアのオペラ作曲家。代表作は『セビリアの理髪師』『泥棒かささぎ』『ウィリアム・テル』など。,ジョアキーノ・ロッシーニ,
ドイツの古典・ロマン派の作曲家。代表作は交響曲第3番『エロイカ（英雄）』、第5番『運命』、第6番『田園』、第9番『合唱付き』、ピアノソナタ第8番『悲愴』、第14番『月光』、第17番『テンペスト』、第23番『熱情』、『エリーゼのために』、オペラ『フィデリオ』など。難聴に悩まされ「ハイリゲンシュタットの遺書」を書いた。,ルートヴィヒ・ヴァン・ベートーヴェン,
フランスの国歌。元々はルージェ・ド・リールが『ライン軍軍歌』として作詞・作曲したもの。,ラ・マルセイエーズ,
ロシア国民楽派「五人組」の一人。代表曲は『シェヘラザード』『熊蜂の飛行』など。,リムスキー・コルサコフ,
ドイツのオペラ作曲家。オペラの台本も自ら執筆した。代表作は『タンホイザー』『ローエングリン』『ニーベルングの指環』など。毎夏行われるバイロイド音楽祭では彼の作品のみが上演される。,リヒャルト・ワーグナー,
ドイツ・ロマン派の作曲家。代表作はオペラ『サロメ』『ばらの騎士』や交響詩『ツァラトゥストラはかく語りき』など。,リヒャルト・シュトラウス,
フランスの作曲家。代表作は『クラブサン曲集』やオペラ『ピグマリオン』など。,ジャン＝フィリップ・ラモー,
ロシア帝国の作曲家・ピアニスト。代表作は『パガニーニの主題による狂詩曲』や『死の鳥』など。アメリカで活動した。,セルゲイ・ラフマニノフ,
ルネサンス・フランドル楽派の作曲家。パレストリーナと共に後期ルネサンスを代表する。『シビラの予言』などが知られる。,オルランドゥス・ラッスス,
フランスの作曲家。代表曲は『ボレロ』や『スペイン狂詩曲』など。,モーリス・ラヴェル,
ドイツ・バロックの作曲家。「音楽の父」と呼ばれる。代表曲は『トッカータとフーガ』『G線上のアリア』『マタイ受難曲』『主よ、人の望みの喜びよ』など。その作品はBWV（シュミーダー）番号で整理されている。,ヨハン・ゼバスティアン・バッハ,
正式名称を「国連教育科学文化機関」という、パリに本部を置く国際連合の専門機関。第二次世界大戦中に亡命していた諸国政府の文部大臣が開催した会議に端を発する。第8代事務局長を日本人の松浦晃一郎が務めたことでも知られる。,UNESCO,
正式名称を「国際記念物遺跡会議」という、UNESCOの諮問機関。1964年に採択されたヴェネツィア憲章（記念物と遺跡の保存に関する国際憲章）を受けて設立された。世界遺産条約に基づき、文化遺産の登録の可否を審査する役割を果たす。,ICOMOS,
スイスのグランに本部を置く、自然保護団体。正式名称を「国際自然保護連合」という。世界自然遺産の登録の可否を審査する役割を持つほか、レッド・データ・ブックを作成した組織としても知られる。,IUCN,
世界遺産において、資産を保護するためにその周囲に設けられる利用制限区域のこと。,緩衝地帯（バッファーゾーン）,
世界遺産において、それを構成する資産のこと。その周囲に設けられる緩衝地帯に対して定義される。,核心地域（コアゾーン）,
国境線を越えて多国間に広がる世界遺産のこと。「ル・コルビュジェの建築作品」や「シュトルーヴェの測地弧」などがこれにあたる。,トランスバウンダリー・サイト,
文化や歴史的背景などが共通する地理的に離れた資産を一つの世界遺産と見做して登録すること、またはその遺産。「福建土楼群」や「明治日本の産業革命遺産」などがこれにあたる。,シリアル・ノミネーション・サイト,
これまで人類が残してきた貴重な文書や写真などを保存し、広く公開することを目的とする、UNESCOの事業の一つ。アンネ・フランクの日記やベートーヴェンの交響曲第九番の自筆譜などがこれに選定された。,世界の記憶,
画像付き。アメリカ・ワイオミング州にある世界初の国立公園で、初めて世界遺産登録された12のうちの1つ。グランド・プリズマティック・スプリングやオールドフェイスフルなどが有名。,イエローストーン国立公園,images/bot/yel.jpg
画像付き。「アフリカの天井」の異名を持つエチオピアの国立公園で、初めて世界遺産登録された12のうちの1つ。ゲラダヒヒやワリアアイベックスなどの珍獣が生息している。,シミエン国立公園,images/bot/sem.jpg
初めて世界遺産登録された12のうちの1つとして知られる、エクアドルの諸島。。フィンチやイグアナなどの固有種が栄えており、チャールズ・ダーウィンに進化論の着想を与えたことで有名。その名前は、スペイン語で「カメ」の意。,ガラパゴス諸島,
初めて世界遺産登録された12のうちの1つとして知られる、エクアドルの首都。かつてはインカ帝国第二の都市として栄えた。,キト,
ポーランドに位置する世界最古の岩塩坑で、初めて世界遺産登録された12のうちの1つ。その内部には塩でできた『最後の晩餐』などが飾られた礼拝堂がある。のちに範囲が拡大されてボフニャの岩塩坑も世界遺産登録された。ポーランド王子との結婚に乗り気でなかった聖キンガが結婚指輪を投げ捨てた場所から発見された、という伝説が残る。,ヴィエリチカ岩塩坑,
初めて世界遺産登録された12のうちの1つとして知られる、セネガルの島。19世紀まで三角貿易の拠点として栄えた。現在は奴隷貿易のシンボルともいえる「奴隷の家」が博物館として一般公開されている。,ゴレ島,
初めて世界遺産登録された12のうちの1つとして知られる、カナダの国立歴史公園。西暦1000年ごろに北欧から渡来したヴァイキングの集落跡が残ることから、北アメリカにおける最初のヨーロッパ人の入植地と見做されている。,ランス・オー・メドー国立歴史公園,
画像付き。ヒマラヤ山脈に分布する、背丈が1~2mにもなる高山植物。光を通す苞葉によって花が覆われていることから温室植物と呼ばれる。,セイタカダイオウ,images/bot/seitaka.jpg
画像付き。オーストラリアに生息するヤマモガシ科の植物。普段は固い殻に包まれているが山火事で焼かれると殻が開いて中から種子が出てくる、山火事を利用して子孫を増やすという特異な性質を持つ。,バンクシアのなかま,images/bot/bank.jpg
画像付き。「タンポポモドキ」と呼ばれるキク科の植物。,ブタナ,images/bot/butana.jpg
画像付き。春の七草の「ホトケノザ」は本種を指しているとされる。,コオニタビラコ（タビラコ）,images/bot/kooni.jpg
画像付き。漢字では「春紫苑」と書く、キク科の植物。,ハルジオン,images/bot/haruzi.jpg
画像付き。漢字では「野罌粟」と書く、キク科の植物。,ノゲシ（ハルノゲシ）,images/bot/nogesi.jpg
画像付き。春の七草の「ゴギョウ」にあたる、キク科の植物。,ハハコグサ（母子草）,images/bot/gogyou.jpg
雑草対策や乾燥防止などのために植える植物。踏まれても大丈夫だったり、日陰でも育ったりする特性を持つものが利用される。,グランドカバー,
画像付き。英語で「ダンデライオン」と呼ばれる、キク科の帰化植物。日本のどこでも見られる。,セイヨウタンポポ,images/bot/dande.jpg
訓読みは「あげまき」、音読みは「ア」、部首は「丨」の漢字。,丫,
秘伝書や教科書などを意味する言葉。中国の兵法書『六韜』の「虎韜」という巻に由来する。,虎の巻,
行き詰まりや膠着状態を表す英単語。本来は錠前を意味する言葉だが、暗礁を意味するロックと混同されて使われるようになった。,デッドロック（deadlock）,
日本語では「金言」とも訳される、ヒポクラテスの「芸術は長く人生は短し」などのような警句のこと。,アフォリズム,
ラテン語で「志」という意味を持つ、主に企業において従業員が心掛けるべき信条という意味で使われる言葉。,クレド,
広く日本を指す古称。神武天皇が国土を一望してその形をトンボに例えたことが由来とされる。,秋津島,
古代ゲルマン人による最古のアルファベット。魔術や迷信など呪術的な意味合いでも用いられた。,ルーン文字,
イギリス・労働階級に特徴的な訛りの強いアクセントのこと。ミュージカル『マイ・フェア・レディ』の花売り娘イライザによるものが有名。,コックニーアクセント,
イギリス英語における伝統的な事実上の標準発音。日本語では「容認発音」という。,"RP,クイーンズイングリッシュ",
異なる言語圏間において商人などによって自然に作り上げられた、意思疎通のための接触言語。,ピジン言語,
異なる言語が接触してできた混成語のうち、母語として話されているもの。,クレオール言語,
「文化人類学の父」とも称されるイギリスの学者。著書『原始文化』の中でアニミズムを提唱し宗教の起源を論じた。,エドワード・タイラー,
ある食べ物を摂取した後に体調不良に陥るとその食べ物を嫌悪するようになる、という現象。「味覚嫌悪学習」とも。,ガルシア効果,
人間の赤ちゃんや幼い動物など可愛いものを見たときに起こる、噛みつきたくなるような攻撃的衝動。,キュートアグレッション,
ネコの鳴き声が人の赤ん坊の声に聞こえたり、月の模様がウサギに見えたりするなど、対象を実際とは異なって知覚してしまうこと。,パレイドリア,
愛と憎しみなど相反する感情を同時に抱くことを指す心理学用語。スイスの精神医学者オイゲン・ブロイラーが提唱した。,アンビバレンス,
生得的に高度な感受性を持った人のこと。刺激に対して「深い認知的処理」と「高い情動的反応」を持つという特徴がある。,HSP（Highly Sensitive Person）,
他国に輸出・供与する兵器において、意図的に性能や機能を低下させたもの。,モンキーモデル,
企業と密接な関係にある銀行が資金の供給・事業への介入などを行う制度。日本に特有とされる。,メインバンク制度,
アメリカの経済学者ミルトン・フリードマンらによって提唱された、ケインズ経済学による財政金融政策を批判し、貨幣増加率の固定化を主張する立場。,マネタリズム,
血で血を洗うような競争の激しい既存市場のこと。競争のない「ブルーオーシャン」に対して言う。,レッドオーシャン,
日本語では「埋没費用」と呼ばれる、すでに支出されて回収が不可能になった費用のこと。,サンク・コスト,
東京証券取引所一部上場のすべての日本企業を対象として算出される株価指数。,TOPIX（東証株価指数、Tokyo stock price index）,
入札のたびに手数料が必要になる形式のインターネットオークション。,ペニーオークション,
企業・事業の合併や買収のこと。,M&A,
「複合企業」とも呼ばれる、異業種の会社を複数統合した巨大企業グループのこと。,コングロマリット,
M&Aの際に発生する買収額と買収先の企業の純資産との差額。,のれん代,
経営体力のない企業が存続していけるように業界全体をコントロールしていく保護政策。バブルが崩壊するまで旧大蔵省によって行われていた。,護送船団方式,
バブル崩壊後に日本で行われた、自由で公正な開かれた市場を目指す大規模な金融制度改革。その名前は、これに先んじて英国のサッチャーが行った証券制度改革の呼び名に因む。,金融ビッグバン,
日本語では「企業連合」と呼ばれる、競争関係にある同種の企業が価格などで競争を回避するために結ぶ協定。,カルテル,
日本語では「企業合同」と呼ばれる、同一業種の複数の企業が合併することなどにより１つの大きな企業になる経営形態。,トラスト,
1つの企業が他の企業を実質上の支配下に置くことで生まれる企業の統一体。,コンチェルン,
権力が特定部門に集中するのを避け、各部門で相互の均衡を図ること。特にアメリカで採用されている政治の基本原則を指す。,チェック・アンド・バランス,
風俗営業の取り締まりや交通規制、自動車の運転免許管理などの業務を行っている合議制の行政機関。昭和22年に警察の民主化と政治的中立を図る目的で設置された。,公安委員会,
破壊的団体の規制に関する調査や処分の請求などを行う法務省の外局。1952年の破壊活動防止法に伴って設置された。,公安調査庁,
暴力主義的活動を行った団体に対する規制措置を定め、公共の安全の確保に寄与することを目的とする法律。1961年の三無事件で初めて適用された。,破壊活動防止法,
「お巡りさん」として知られる警察の階級。,巡査,
テロ・ゲリラ行為の防止や要人の警護など、公共の安全と秩序の維持を目的とする警察の部門。「警備警察」の俗称。,公安警察,
筒状の容器の両端に配置したウランを衝突させる方式の核爆弾。広島に投下された原子爆弾に使用された。,ガンバレル型,
知的創作物に知的財産権が発生していない状態。日本語では「公有」とも呼ばれる。,パブリックドメイン,
強い立場にある者が弱い立場にある者の利益のためだとして本人の意思は問わずに介入・干渉すること。未成年者飲酒禁止法などに代表される。,パターナリズム,
2001年の中央省庁再編で経済産業省に名前を変えた省。それ以前は商工省だった。,通商産業省,
2001年の中央省庁再編で総務省に統廃合された3つの省庁。,総務庁、郵政省、自治省,
2001年の中央省庁再編で文部科学省に統合された2つの省庁。,文部省、科学技術庁,
2001年の中央省庁再編で国土交通省に統合された4つの省庁。,運輸省、建設省、国土庁、北海道開発庁,
特定の人権規定は法的な効力を持たず、国家はその実現に努めれば良いとする学説。ドイツのワイマール憲法下において提唱された。日本国憲法では生存権などについてその考え方が採用されている。,プログラム規定説,
法律によって権利義務の主体となることを認められた自然人以外の「人」のこと。,法人,
軽犯罪などを犯した者を1日以上30日未満の範囲で監獄内に拘禁する、自由刑の一種。,拘留,
受刑者を監獄内に拘禁するだけでなく、作業を強制的に科す、自由刑の一種。,懲役,
受刑者を監獄内に拘禁するだけで，労働を強制しない自由刑のこと。,禁錮,
「ワルツ王」と呼ばれたオーストリアの作曲家。代表曲は『皇帝円舞曲』『美しく青きドナウ』など。,ヨハン・シュトラウス2世,
オーストリアの作曲家。「ワルツ王」と称される息子に対して「ワルツの父」と呼ばれる。代表曲は『ラデツキー行進曲』『アンネン・ポルカ』など。,ヨハン・シュトラウス1世,
ドイツの作曲家。ロンドンにおいてヘンデルの後継者となったことから「ロンドンのバッハ」と呼ばれる。また、カール・フリードリヒ・アーベルと共に公開演奏会を開いた。,ヨハン・クリスティアン・バッハ,
ドイツの作曲家。近代的交響曲や協奏曲の基礎を築きマンハイム楽派の創始者となった。代表曲は『シンフォニア』など。,ヨハン・ヴェンツェル・シュターミッツ,
ドイツの・ロマン派の音楽家。代表曲は『大学祝典序曲』『ハンガリー舞曲』など。,ヨハネス・ブラームス,
オペラ・セリアの様式を確立したイタリアの詩人。代表作は『見捨てられたディドーネ』や『ウーティカのカトー』など。,ピエトロ・メタスタージオ,
フランスの作曲家。ガムラン音楽や小鳥の声などを利用した作品を多く制作した。代表曲は『トゥランガリラ交響曲』など。,オリヴィエ・メシアン,
ピアノ曲『展覧会の絵』やオペラ『ボリス・ゴドゥノフ』などの作品で知られる。,モデスト・ペトローヴィチ・ムソルグスキー,
オーストリアの作曲家・指揮者。代表曲は交響曲第八番『千人の交響曲』や第一番『巨人』など。,グスタフ・マーラー,
ロシア五人組の一人に数えられる作曲家・化学者。リムスキー・コルサコフらによって補筆された未完のオペラ『イーゴリ公』などで知られる。,アレクサンドル・ボロディン,
イギリスの作曲家。組曲『惑星』がよく知られる。,グスタフ・ホルスト,
ドイツ生まれのイギリスの音楽家。バッハと同年の1685年に生まれた。代表曲は『水上の音楽』や『メサイア』など。,ゲオルク・フリードリヒ・ヘンデル,
イタリアの作曲家。オペラ・セリア『誇り高い囚人』の中で幕間劇『奥様になった女中』を上演して大成功を収め、パリでの上演ではブフォン論争を引き起こすきっかけとなった。,ジョヴァンニ・B・ペルゴレージ,
イタリアの出版業者。植字印刷方式の楽譜印刷を初めて成功させ、多声音楽の曲集を初めて出版した。,オッタヴィアーノ・ペトルッチ,
芸術家集団カメラータの一員として活動した、イタリアの音楽家。現存する世界最古のオペラ『エウリディーチェ』を作曲した。,ヤコボ・ペーリ,
ソ連の作曲家。物語『ピーターと狼』やバレエ音楽『ロミオとジュリエット』などで知られる。,セルゲイ・プロコフィエフ,
「ピアノの詩人」と呼ばれるポーランドの作曲家。代表曲は『革命のエチュード』や『幻想即興曲』、『別れの曲』など。その名を冠した国際ピアノコンクールはピアニストの登竜門として世界有数の権威を誇る。,フレデリック・ショパン,
ハンガリーのピアニスト。交響詩を確立した功績でも知られる。代表曲に『パガニーニによる大練習曲』や『ハンガリー狂詩曲』など。,フランツ・リスト,
オーリック、プーランク、タイユフェール、ミヨー、オネゲル、デュレによる作曲家グループ。ロシア五人組になぞられた。エリック・サティがその後見人を引き受けた。,フランス６人組,
イタリアの作曲家。代表作は『ラ・ボエーム』や『トスカ』、『蝶々夫人』など。,ジャコモ・プッチーニ,
ドイツの作曲家。代表曲は『ヴァイオリン協奏曲』や『夏の夜の夢』など。,フェリックス・メンデルスゾーン,
ロシアの作曲家。代表曲はバレエ音楽『白鳥の湖』『眠りの森の美女』『くるみ割り人形』など。その名を冠したコンクールはバイオリン、ピアノ、チェロ、声楽の4部門からなり、世界三大コンクールの一つに数えられる。,ピョートル・チャイコフスキー,
フランスの作曲家。代表作は『アルルの女』や『カルメン』など。,ジョルジュ・ビゼー,
ドイツの作曲家。その代表曲『わが心思い乱れ』がバッハの『マタイ受難曲』に転用されたことで知られる。,ハンス・レーオ・ハスラー,
ワーグナーの楽劇『ニュルンベルクのマイスタージンガー』のモデルになった、ドイツの詩人・音楽家。『ウィッテンベルクのナイチンゲール』などの詩で知られる。,ハンス・ザックス,
現代的ハンガリー音楽を確立した、ハンガリーの作曲家。代表曲は『青髭公の城』『ミクロコスモス』など。,バルトーク・ベーラ,
代表曲に『3つのヴァイオリンと通奏低音のためのカノンとジーグ ニ長調』がある、ドイツのオルガン奏者・作曲家は誰でしょう？,ヨハン・パッヘルベル,
「交響曲の父」と称される、オーストリア・古典派の音楽家。代表曲はオラトリオ『天地創造』や弦楽四重奏『皇帝』など。,フランツ・ヨーゼフ・ハイドン,
アメリカの音楽家・指揮者。ミュージカル『ウェストサイド物語』などの作品で知られる。,レナード・バーンスタイン,
イギリスの作曲家。イギリス人による初の本格的なオペラ『ディドとアエネアス』を制作し、イギリスのバロック音楽を創出した。,ヘンリー・パーセル,
イタリアのヴァイオリニスト。「悪魔的」と評されるほどの技巧で成功を収めた。,ニコロ・パガニーニ,
13世紀のイギリスで作曲されたとされる最古のカノン。原題は「Sumer is icumen in」。,夏はきたりぬ,
フランスの作曲家。代表曲は『ベルガマスク組曲』『亜麻色の髪の乙女』『子供の領分』など。,クロード・ドビュッシー,
19世紀イタリアのオペラ作曲家。代表作は『愛の妙薬』や『ランメルムーアのルチア』など。,ガエターノ・ドニゼッティ,
ヴァイオリンの近代的な運弓法を確立した、イタリアの音楽家。代表曲はソナタ『悪魔のトリル』など。,ジュゼッペ・タルティーニ,
イギリスの劇作家。イギリス最初のオペラとされる『ロードス島の包囲』を製作した。,ウィリアム・ダヴェナント,
「チェコ国民音楽の父」とも呼ばれる、チェコの作曲家。オペラ『売られた花嫁』や交響詩組曲『わが祖国』などで知られる。,ベドルジハ・スメタナ,
ロシア生まれの作曲家。三大バレエ作品『火の鳥』『ペトルーシュカ』『春の祭典』などの作品で知られる。,イーゴリ・ストラヴィンスキー,
「マーチ王」と称されたアメリカの作曲家。チューバを改良して新たな楽器を作ったことでも知られる。代表曲は『エル・カピタン』『ワシントン・ポスト』『星条旗よ永遠なれ』など。,ジョン・フィリップ・スーザ,
イギリスの讃美歌作家。『アメリジング・グレイス』の作詞を手掛けた。,ジョン・ニュートン,
カトリック最大の作曲家。代表曲は『スタバト・マーテル』や『教皇マルチェルスのミサ曲』など。,ジョバンニ・ダ・パレストリーナ,
ロシアの作曲家。多くの交響曲やオペラ『鼻』などを制作した。,ドミートリイ・ショスタコーヴィチ,
同一旋律の模倣を行う模倣対位法の完成者とされる、ルネサンス最大の音楽家。,ジョスカン・デ・プレ,
アメリカの作曲家。代表作は『ポーギーとベス』や『ラプソディ・イン・ブルー』など。兄のアイラとは337もの曲を共同制作していた。,ジョージ・ガーシュウィン,
イタリアの作曲家。代表曲は『トランペット協奏曲』や『合奏協奏曲』など。バイオリンを独奏楽器として用いたことから独奏協奏曲様式の創始者とされる。,ジュゼッペ・トレッリ,
オーストリアの作曲家。代表曲は『未完成交響曲』『野ばら』『魔王』など。その作品はドイッチュ番号によって整理される。,フランツ・シューベルト,
フランスのオペラを確立した、フランスの作曲家。代表作はオペラ『テセウス』やバレエ『町人貴族』など。,ジャン・バティスト・リュリ,
フランスの作曲家。シャンソン『マリニャーノの戦い』や『鳥のうた』などが知られる。,クレマン・ジャヌカン,
新ウィーン楽派を創始した、オーストリアの作曲家。「十二音技法」を生み出して後世の音楽に大きな影響を与えた。代表曲は『月に憑かれたピエロ』など。,アルノルト・シェーンベルク,
モーツァルトを毒殺したと噂された、イタリア出身の作曲家。チェルニーやシューベルト、ベートーベンの師であることも知られる。,アントニオ・サリエリ,
フランスの作曲家。ギネスによって「世界一長い曲」と認定された『ヴェクサシオン』や『ジュ・トゥ・ヴ』などの作品で知られる。,エリック・サティ,
生前はバッハ以上の人気を誇った、ドイツの作曲家。代表曲は『ターフェルムジーク』など。,ゲオルク・フィリップ・テレマン,
アメリカの作曲家。東洋思想を取り入れた『易の音楽』や無音の『4分33秒』などの作品を制作した。,ジョン・ケージ,
近代ピアノ奏法の確立に貢献したイタリアの作曲家。晩年に書かれたピアノ教則本『グラドゥス・アド・パルナッスム』がよく知られる。,ムツィオ・クレメンティ,
ワーグナー以前の最大のオペラ改革者とされる、ドイツの作曲家。代表作は『オルフェオとエウリディーチェ』など。,クリストフ・ヴィリバルト・グルック,
16世紀スイスの音楽理論家。著書『ドデカコルドン』の中で、従来よりも4つ多い12の教会旋法を主張した。,グラレアーヌス,
16世紀イタリアの作曲家。さまざまな楽器の合奏による伴奏やヴァイオリンのトレモロ、ピチカートを初めて行ったことで知られる。代表作はオペラ『オルフェウス』など。,クラウディオ・モンテヴェルディ,
フランスの作曲家。代表作はオペラ『ファウスト』『ロミオとジュリエット』やバチカン市国の国家『讃歌と教皇の行進曲』など。,シャルル・グノー,
フランスの音楽家。一人の作曲家による通作ミサ曲としては最古となる『ノートルダム・ミサ』を作曲した。,ギヨーム・ド・マショー,
15世紀ブルゴーニュ楽派の音楽家。代表曲はミサの『顔が青ざめているなら』など。イギリスのダンスタブルらとともに循環ミサ曲の形式を確立した。,ギヨーム・デュファイ,
ロシア五人組の一人に数えられる作曲家。5人の主張を代弁する音楽批評家として活躍した。,ツェーザリ・キュイ,
イタリア語で「同僚」という意味を持つ、モノディ様式の歌曲やオペラを確立した芸術家のグループ。ガリレイやカッチーニらをメンバーとした。,カメラータ,
近代フランス器楽の発展を目指して国民音楽協会を創設した、フランスの作曲家。代表作はオペラ『サムソンとデリラ』や組曲『動物の謝肉祭』など。,カミーユ・サン＝サーンス,
カメラータの一員であった、イタリアの作曲家。最初のオラトリオとされる『霊と肉の劇』を制作した。,エミリオ・デ・カヴァリエーリ,
「ハンブルクのバッハ」や「ベルリンのバッハ」とも呼ばれるJ.S.バッハの次男。ゲオルク・フィリップ・テレマンがその名付け親になった。,カール・フィリップ・エマヌエル・バッハ,
初期フランドル楽派の作曲家。現存する最古のポリフォニーによるレクイエムを作曲した。,ヨハネス・オケヘム,
イギリスの作曲家。代表曲は『愛のあいさつ』や『威風堂々』など。,エドワード・エルガー,
標題音楽の基礎を築きロマン主義音楽の発展を導いた、代表曲に『幻想交響曲』や『ローマの謝肉祭』などがある、フランスの作曲家は誰でしょう？,エクトル・ベルリオーズ,
オーストリア・古典派の音楽家。代表作は『きらきら星変奏曲』『アイネ・クライネ・ナハトムジーク』やオペラ『ドン・ジョバンニ』『フィガロの結婚』『魔笛』、ハイドンに捧げられた『ハイドン・セット』など。その妻コンスタンツェは世界三大悪妻の一人に数えられる。,ヴォルフガング・アマデウス・モーツァルト,
オーストリアのリート作曲家。代表曲は『メーリケ歌曲集』『イタリア風セレナード』など。,フーゴ・ヴォルフ,
イタリアのオペラ作曲家。代表曲は『椿姫』や『アイーダ』など。イタリア第二の国家ともされる『ナブッコ』を作曲しイタリア独立運動にも力を尽くした。,ジュゼッペ・ヴェルディ,
ドイツの作曲家・オルガン奏者。バッハの子の中では最も豊かな才能を示したが、その不安定な性格故に成功しなかった。J.S.バッハの『クラビア小曲集』は彼のために作曲されたとされる。,ヴィルヘルム・フリーデマン・バッハ,
現代アメリカ音楽の発展のために活動した、フランス生まれの作曲家。消防車用サイレンを用いた『電離』や『積分』、騒音主義の代表作とされる『イオニザシオン』などの作品が知られる。,エドガー・ヴァレーズ,
ワグネリアンとして知られた、オーストリアの作曲家。代表曲は交響曲第3番『ワーグナー』や4番『ロマンティック』など。,アントン・ブルックナー,
イタリア・バロックを代表する音楽家。その髪色から「赤毛の司祭」と呼ばれた。バイオリン協奏曲『和声と創意の試み』の第1~4曲『四季』がよく知られる。,アントニオ・ヴィヴァルディ,
スメタナと共にチェコの国民音楽を築き上げた作曲家。『スラヴ舞曲』や渡米した際に制作した交響曲『新世界より』などの作品で知られる。,アントニーン・ドヴォルザーク,
16世紀以降のイギリス国教会で礼拝式の際に用いられてきた合唱曲。合唱のみのフルやソロのパートがあるバースなどの種類がある。,アンセム,
スペインの作曲家。代表曲は『イベリア組曲』や「スペイン組曲』など。,イサーク・アルベニス,
オーストリア・新ウィーン楽派の作曲家。マーラーの未亡人アルマとグロピウスの娘の夭逝を悼んで作曲された『バイオリン協奏曲』や未完のオペラ『ルル』などの作品で知られる。,アルバン・ベルク,
17世紀イタリアの音楽家。代表曲は『クリスマス協奏曲』や『ラ・フォリア』など。トリオ・ソナタを確立した功績でも知られる。,アルカンジェロ・コレッリ,
「アメリカ近代音楽の父」とも称される作曲家。1947年に交響曲第3番『キャンプの集い』でピューリッツァー賞を受賞している。,チャールズ・アイヴス,
ロシア五人組の指導的役割を果たした作曲家。交響詩『ロシア』や『タマーラ』などの作品で知られる。,ミリイ・バラキレフ,
フランスの作曲家。オペラ『ウェルテル』や『タイス』などで知られる。パリ音楽院教授としてピエルネやシャルパンティエなど多くの作曲家を育成した。,ジュール・マスネ,
管弦楽曲『グリーンスリーヴズによる幻想曲』を作曲した、イギリスの音楽家。,ボーン・ウィリアムズ,
ベルギー出身の作曲家。代表曲は『天使の糧』『ヴァイオリンソナタ』『前奏曲、コラールとフーガ』など。,セザール・フランク,
フランスの作曲家。代表曲は『シシリエンヌ』『パヴァーヌ』『夢のあとに』など。,ガブリエル・フォーレ,
オーストリアの作曲家。代表作は『軽騎兵』『ボッカチオ』など。,フランツ・フォン・スッペ,
「近代ギター音楽の父」と呼ばれるスペインの音楽家。代表曲は『アルハンブラの思い出』など。,フランシスコ・タレガ,
スペインの作曲家・ヴァイオリン奏者。代表曲は『ツィゴイネルワイゼン』『カルメン幻想曲』など。,パブロ・デ・サラサーテ,
その作風から「ハイドンの妻」と呼ばれた、イタリアの作曲家。『メヌエット』などが有名。,ルイジ・ボッケリーニ,
アメリカのトロンボーン奏者。『口笛吹きと犬』が有名。,アーサー・プライアー,
ポーランド出身の作曲家。ピアノ曲『乙女の祈り』で知られる。,テクラ・バダジェフスカ,
ノルウェーの作曲家。『ペール・ギュント』『山の魔王の宮殿にて』などで知られる。,エドヴァルド・グリーグ,
「ラグタイムの王」と呼ばれるアメリカの作曲家。代表曲は『ジ・エンターテイナー』など。,スコット・ジョプリン,
アメリカの作曲家。行進曲『アメリカン・パトロール』で有名。,フランク・W・ミーチャム,
イタリアの作曲家。『チャルダッシュ』が有名。,ヴィットリーオ・モンティ,
ドイツの作曲家。『三文オペラ』を妻の主演で上演した。,クルト・ヴァイル,
オーストリアの作曲家。『モーツァルトの子守唄』の作曲で知られる。,ベルンハルト・フリース,
フランス・ロマン派の作曲家。代表作は『コッペリア』『ラクメ』など。,レオ・ドリーブ,
チェコの作曲家。『思い出』で知られる。,フランティシェク・ドルドラ,
イタリアのオペラ作曲家。オペラ『ジョコンダ』の『時の踊り』などで知られる。,アミルカレ・ポンキエッリ,
イタリアの作曲家。交響詩『ローマの泉（噴水）』『ローマの松』『ローマの祭』の「ローマ三部作」で有名。,オットリーノ・レスピーギ,
アメリカの作曲家。代表曲は『草競馬』『オールド・ブラック・ジョー』『おおスザンナ』など。,スティーブン・フォスター,
オーストリアの作曲家。軍隊行進曲『双頭の鷲の旗の下に』で知られる。,ヨーゼフ・フランツ・ワーグナー,
ドイツの作曲家。『クシコス・ポスト』で有名。,ヘルマン・ネッケ,
運動会の徒競走でよく使われる、ドミトリー・カバレフスキーによる管弦楽曲。,『道化師のギャロップ』,
アメリカの作曲家。『シンコペーテッド・クロック』『トランペット吹きの休日』『タイプライター』などの曲で知られる。,ルロイ・アンダーソン,
ケネス・アルフォードが作曲した行進曲。映画『戦場にかける橋』のテーマ音楽として採用された。,『ボギー大佐』,
アメリカの作曲家。『小象の行進』や『ひまわり』などの曲で知られる。映画音楽家としてグラミー賞やアカデミー作曲賞を幾度も受賞した。,ヘンリー・マンシーニ,
「ーぐ（つぐ）」「ー流（アリュウ）」,亜,
「ー吽（アウン）」「ー片窟（アヘンクツ）」「四ー（あずまや）」「ーる（おもねる）」,阿,
「ー然（アゼン）」「ー者（アシャ）」,唖,
「赭ー（シャアク）」,堊,
「ー娜（アダ）」「ーやか（たおやか）」,婀,
「三ー（みつまた）」,椏,
「旧ー（キュウア）」「宿ー（シュクア）」「ー（やまい）」,痾,
「ー（からす）」「ー鷺（アロ）」,鴉,
「ー（しころ）」,錏,
「ー（びた、しころ）」,鐚,
「ー狭（アイキョウ）」「窮ー（キュウヤク）」「ーがる（ふさがる）」,阨,
「宮ー（キュウアイ）」「ーしい（うつくしい）」,娃,
「ー（ほこり）」「「ー氛（アイフン）」,埃,
「ー拶（アイサツ）」「ーす（おす）」,挨,
「ー乃（アイダイ）」,欸,
「ーい（せまい）」「ー路（アイロ）」,隘,
旧暦7月のこと。七夕の織姫と彦星が会うということから。,愛逢月,
「ー（くつ）」「草ー（ソウアイ、わらじ）」,鞋,
「ー気（アイキ）」「ー（おくび、ああ）」,噯、噫,
「ー昧（アイマイ）」「ーい（くらい）」,曖,
「和気ーー（ワキアイアイ）」「ーやか（おだやか）」「ーん（さかん）」,藹,
「ー（もや）」「ーー（アイアイ）」,靄,
「ー靆（アイタイ）」,靉,
「ー（あおさば、さば）」,魚＋惠,
何もかも無差別に平等にすること。,悪平等,
おりもの、とも。分娩が終わった後、子宮内面など排出されてくる血液の混じった分泌物。,悪露,
「ー怯れる（わるびれる）」「ー太郎（アクタロウ）」「ーむ（にくむ）」,悪,
「ー（とばり）」「帷ー（イアク）」,幄,
「ー恩（アクオン）」「ーい（あつい）」,渥,
「ー齪（アクセク、アクサク）」「ーく（こせつく）」,齷,
「ーし折る（へしおる）」「壓（旧字体）」,圧,
画像付き。中国にある世界文化遺産。,紅河ハニ棚田の文化的景観,images/bot/hani.jpg
画像付き。メキシコにある世界文化遺産。,リュウゼツラン景観と古代テキーラ産業施設群,images/bot/tequi.jpg
画像付き。コロンビアにある世界文化遺産。,コロンビアのコーヒー産地の文化的景観,images/bot/coffe.jpg
画像付き。イランにある世界文化遺産。家畜ではなく人間が異動する独自の生活様式を持つ。,メイマンドの文化的景観,images/bot/meiman.jpg
画像付き。スイスにある世界文化遺産。カトリックのベネディクト会とシトー会によってワイン生産が行われている。,ラヴォー地域のブドウ畑,images/bot/lavau.jpg
画像付き。パレスチナにある世界文化遺産・危機遺産。イスラエルがこの地に分断壁を建設しようとしていることを受け、緊急的登録推薦で世界遺産登録された。,オリーブとワインの地パレスチナ – エルサレム地方南部バティールの文化的景観,images/bot/batt.jpg
画像付き。キューバにある世界文化遺産。古くからキューバ特産の葉巻の原料となるタバコなどの栽培が行われてきた。,ビニャーレス渓谷,images/bot/vinal.jpg
画像付き。キルギスにある世界文化遺産。中央アジアにおいて崇拝の対象となってきた霊峰。民間信仰とイスラム教信仰が混在する。,聖山スレイマン・トー,images/bot/sulai.jpg
画像付き。ニュージーランドにある最古の国立公園・世界複合遺産。北島最高峰のルアペフ山も聳える。,トンガリロ国立公園,images/bot/tonga.jpg
画像付き。中国・浙江省にある世界文化遺産。,杭州西湖の文化的景観,images/bot/seiko.jpg
18世紀のイギリスで流行した、風景や景観に「絵画的美的価値」を持ち込んだ概念。,ピクチャレスク,
画像付き。イギリスにある世界文化遺産。『ピーター・ラビット』の舞台になったことでも知られる。,イングランドの湖水地方,images/bot/elake.jpg
画像付き。ブラジルにある世界文化遺産。コルコバードの丘にはブラジル独立100周年を記念してキリスト像が建設された。,リオデジャネイロ:山と海との間のカリオカの景観群,images/bot/rio.jpg
画像付き。ドイツとポーランドの国境にある世界文化遺産。元々は一つの公園だったが、第二次世界大戦後に国境によって分断された。,ムスカウ公園,images/bot/musk.jpg
画像付き。アメリカにある国立公園。初めて世界遺産登録された12のうちの1つ。先住民のアナサジ族が住んでいたとされる。,メサ・ヴェルデ国立公園,images/bot/mesav.jpg
画像付き。エチオピアにある世界文化遺産。初めて世界遺産登録された12のうちの1つ。12世紀末のザクウェ朝の国王が都を「第二のエルサレム」にしようとして造営したもの。,ラリベラの岩の聖堂群,images/bot/lali.jpg
画像付き。ドイツにある世界文化遺産。初めて世界遺産登録された12のうちの1つ。「皇帝の大聖堂」とも呼ばれ、フランク王国のカール大帝が埋葬されている。,アーヘン大聖堂,images/bot/aachen.jpg
画像付き。ポーランド王国の首都として栄えた地区。初めて世界遺産登録された12のうちの1つ。,クラクフの歴史地区,images/bot/krak.jpg
画像付き。イタチ科の動物。ヨーロッパケナガイタチを家畜化したもので、レオナルド・ダ・ヴィンチの『白貂を抱く貴婦人』に描かれている「白貂」の正体。,フェレット,images/bot/ferr.jpg
イギリスのロマン派詩人。コールリッジと共同で『抒情歌謡集』を発表した。,ウィリアム・ワーズワース,
話し手の性別や年齢・階層を表す際によく使われる、型にはまった言葉や話し方。老人の「わし」や「じゃ」など。,役割語,
最初に与えられた情報が印象に残って長期記憶に引き継がれやすいこと。,プライマシー（初頭、優位、卓越）効果,
明治中期ごろから女学生が使用しだして広まった話し方。現在の女性語の起源。,てよだわ言葉,
江戸時代に遊廓で遊女などが用いた特殊な語彙・語法。「ありんす」や「わちき」など。,廓詞（里ことば）,
長期記憶のうち、個人的経験に基づくもの。時間や場所、および感情を伴ったものとして記憶される。,エピソード記憶,
長期記憶のうち、特定の場所や時間に関係せず、物事の意味を表わす一般的な知識・情報についての記憶。,意味記憶,
長期記憶のうち、技能や一連の動作に関する記憶。自転車の乗り方や楽器の弾き方などの記憶を指す。,手続き記憶,
長期記憶のうち、イメージや言語として意識上に内容を想起でき、その内容を陳述できる記憶。エピソード記憶と意味記憶がこれに当たる。,陳述記憶,
ドイツの心理学者。「忘却曲線」の発見で有名。,ヘルマン・エビングハウス,
新生児に見られる種々の反射。通常、成長するにつれて消失する。歩行反射や乳探し反射、緊張性頸反射（仰向けで顎を横に向けると、顔の向いた側の手足が伸び、反対の手足が曲がる）など。,原始反射,
新生児に見られる原始反射の一。大きな物音など外部から刺激があったとき、両腕を急に伸ばして何かにしがみつくような動きを指す。,モロ反射・抱きつき反射,
新生児に見られる原始反射の一。手のひらに何かが触れると、握ろうとする現象を指す。,ダーウィン（把握）反射,
原始反射の一つ。足の裏の外側を強くこすると、足の親指が甲の側に屈曲する。,バビンスキー反射,
新生児に見られる原始反射の一。脊柱の脇をこすると、刺激を与えた側に腰を振る現象を指す。,ギャラン反射,
「先に行なったなんらかの処理が，次に行なう他の処理に促進的な効果を及ぼす」こと。,プライミング効果,
心理学用語。条件づけに際して、必ずしも反応ごとに強化を与えない、という手法。一般にこの強化によって条件づけられた反応は消去しがたい。,部分強化,
心理学用語。目標となる行動を強化するための報酬などの刺激（強化子）に、数をためると実際の報酬と交換できるトークン（引換券）を用いる技法。逆に行動を弱化したい場合にはレスポンスコスト法という。,トークン・エコノミー法,
アメリカの心理学者ソーンダイクが提唱した、一定の刺激に対し試行する反応のなかで、効果をあげたものが繰り返され、学習として定着されていくという法則。,効果の法則,
最も保持期間が短い記憶。各感覚器官に特有に存在し、瞬間的に保持されるのみで意識されない。このうち注意を向けられた情報だけが短期記憶として保持される。,感覚記憶,
中国・カザフスタン・キルギスにまたがる世界文化遺産。玄奘三蔵がインドから持ち帰った経典を収めたとされる大雁塔などから構成される。,シルクロード：長安−天山回廊の交易路網,
ヨーロッパの10カ国にまたがる世界文化遺産。ドイツ出身の天文学者が中心となって1816年から1855年にかけて設置した三角測量地点群で、地球の大きさ、形などを正確に測る上で多大な貢献を果たした。,シュトルーヴェの測地弧,
スペインとスロベニアにある世界最大の水銀鉱山。世界文化遺産にも指定されている。,アルマデンとイドリア－水銀鉱山の遺跡,
"画像付き。中国にある世界文化遺産。客家（ハッカ）という北方からの移民が住んだ集合住宅。
",福建土楼群,images/bot/fujia.jpg
インドにある世界文化遺産。世界最古の山岳鉄道であるダージリン・ヒマラヤ鉄道（トイ・トレイン）など3路線からなる。,インドの山岳鉄道群,
オランダ・デンマーク・ドイツにまたがる世界最大規模の干潟。。世界自然遺産にも登録されている。,ワッデン海,
「ー止（アッシ）」「ーめる（とどめる）」,遏,
「ー旋（アッセン）」「ーる（めぐる）」,斡,
「ー伽（アカ）」「ーぐ（ふさぐ）」,閼,
「ーく（こく、しごく）」,扱,
「ー（あっぱれ）」,遖,
「ー（あて、ずつ）」「ーも（あたかも）」「ーら（さながら）」,宛,
「ー針（アンジン）」「ーえる（おさえる）」,按,
「ー起（アンキ）」「ーい（おそい）」,晏,
「ー出（アンシュツ）」「ー（つくえ）」,案,
「ー室（アンシツ）」「ー（いおり）」,庵,
「ー剣殺（アンケンサツ）」「ーんじる（そらんじる）」,暗,
九星きゅうせいの方位の中で、最も凶とされる方位。これを犯すと剣難にあって、主人は使用人に、親は子に殺されることがあるという。,暗剣殺,
「ー法（アンポウ）」「ー（あみ）」,罨,
「ー転餅（アンころもち）」,餡,
「ー鱇（アンコウ）」,鮟,
「ー然（イゼン）」「ーに（すでに）「ーむ（やむ）」,已,
「木乃ー（みいら）」「ー（かれ、これ）」,伊,
「ー狄（イテキ）」「ー（えびす）」,夷,
「ーやす（いやす）」「醫（旧字体）,医,
「ーねる（ゆだねる）」「ーしい（くわしい）」「ーせる（まかせる）」,委,
「ー悦（イエツ）」「ーぶ（よろこぶ）」,怡,
「ー捨山（おばすてやま）」,姨,
「ー（はな、はなじる、なみだ）」,洟,
「ー藉（イシャ）」「ー信（イシン）」「ーる（よる）」,倚,
「慚ー（ザンイ）」,恚,
「ー駄天（イダテン）」「ー（なめしがわ）」,韋,
「大ー（タイイ）」「ー面（ジョウメン）」,尉,
「ー子（かたびら）」「ー（とばり、かたびら）」,帷,
原子が化学結合を作るときの電子対を引き付ける強さを表す尺度。ギリシャ文字のχで表される。フッ素が最も大きい値を取る。,電気陰性度,
原子内に同じエネルギーを持つ電子軌道が複数ある場合、まずは各軌道に同じ向きのスピンを持つ電子が一つずつ入るという規則。,フントの規則,
共有結合において、電子対が原子間の両側に存在する形式の結合のこと。電子対が結合軸を向いた原子軌道同士のσ結合に対していう。,π結合,
原子の最外殻電子の数が8個ある化合物やイオンは安定に存在するという経験則。,オクテット則,
単に「電子式」とも。原子の結合の様子を表すために最外殻電子を示す点を配置した式のこと。,ルイス構造式,
ベンゼンの構造式を表すときにも用いられる、分子の結合を線によって描く表記方法。,ケクレ構造,
ベンゼンなどに見られる、ある物質の分子構造がいくつかの結合構造の重ね合わせになっている状態。,共鳴,
化合物が芳香族性を示すための条件のこと。,ヒュッケル則,
分子内において電子が存在する軌道のうち、最もエネルギーの高いもののこと。「最高被占軌道」とも呼ばれる。,HOMO(highest occupied molecular orbital）⇔LOMO,
塩基性の試薬などが基質に電子を与えることによって起こるイオン反応。「アニオノイド反応」とも。,求核反応,
陽イオンなどが基質の不飽和結合や非共有電子対を攻撃することで起こるイオン反応。「カチオノイド反応」とも呼ばれる。,求電子反応,
分子内の置換基の電子効果がσ結合を通して伝達されること。,誘起（I)効果,
鏡像異性体を有する分子のように、重なり合わない関係のこと。ギリシャ語の「掌」という言葉に由来する形容詞。,キラル,
複数のキラル中心を持つ分子に多く見られる、立体異性体のうち鏡像異性体でないもの。,ジアステレオマー,
鏡像異性体が等量混合した物質。旋光性を持たないことを特徴とする。,ラセミ体,
分子内に複数のキラル中心を持つものの対称性があるために光学不活性になるような立体異性体。,メソ体,
化合物の命名法をまとめた勧告を出版している組織。正式名称は「国際純正・応用化学連合」。,IUPAC,
平安末期の天台宗学僧。悉曇の研究者で、現在の五十音の基礎を作った。,明覚,
中国で、各字の字音を表示するために漢字二字の字音を組み合わせて示す方法。,反切,
ラテン語で「一時的な、その場限り」の意。パソコンや携帯電話など、無線でネットワークに接続した端末だけで構成され、アクセスポイントや専用基地局を利用しないネットワークなども指す。,アドホック,
音楽で、掛け合い。メーンボーカルとコーラスの歌詞が呼応している形式のこと。また、コンサートなどで、演奏者の呼びかけに対して観客が応えること。,コール＆レスポンス,
アメリカの国民的愛唱歌。日本でも〈アルプス1万尺お山の上で〉という歌のメロディとして親しまれている。,ヤンキー･ドゥードル【Yankee Doodle】,
1840～80年頃アメリカで人気のあった演芸。顔を黒く塗った白人が，黒人の口調や動作をまねて歌ったり踊ったり，あるいは喜劇的な演技をする。ミュージカルの先行形態の一つ。,ミンストレル・ショー,
ブルースの音階上の特徴となっている音。3度と7度と5度を半音ずつ下げたもの。,ブルー・ノート,
アメリカのブルース・シンガー。「深夜の十字路で自分の魂を悪魔に売って」ギター・テクニックを得た、などの「クロスロード伝説」で知られる。妻を寝取られた嫉妬に狂った男によって毒殺され、27歳の生涯を閉じた。,ロバート・ジョンソン,
「キング・オブ・ブルース」と呼ばれた、アメリカのブルースギター奏者・歌手。「ザ・ビール・ストリート・ブルース・ボーイ」と聴取者に呼ばれたことからその名が付けられた。,B.B.キング,
カリブ海地域で，現地で生まれ育った者を，ヨーロッパやアフリカで生まれ育った者と区別して呼んだ呼称。,クレオール,
1910年代後半からアメリカ合衆国のシカゴやニューヨークで流行したジャズの一種。ニューオーリンズで発生した。,ディキシーランド・ジャズ,
二〇世紀前半のアメリカ合衆国で、黒人霊歌とブルースが融合して生まれた福音歌。また、福音そのもの。,ゴスペル,
『天使にラブ・ソングを…』に主演したアメリカの女優。EGOTの達成者。,ウーピー・ゴールドバーグ,
エミー賞、グラミー賞、アカデミー賞、トニー賞の全てを獲得した人物に与えられる称号。,EGOT,
音楽ジャンルの一つ。リズム・アンド・ブルースがゴスペル・ソングの影響を受けながら，より大衆化したもの。,ソウル・ミュージック,
1940年代から1960年代前半のアメリカ黒人のポピュラー音楽。リズムを強調したブルースという意味を持つ。ロックンロールの母体。,R＆B（リズム・アンド・ブルース）,
アメリカの黒人の間に生まれた歌曲。 19世紀なかばから末にかけての奴隷解放に伴ってアメリカ南部で歌われるようになった。悲しみや嘆きを歌ったものが多い。,ブルース,
アフリカ系アメリカ人が奴隷時代につくったキリスト教宗教歌。ブラック・スピリチュアルズ。,黒人霊歌,
仕事をしながら，その作業のリズムを保って能率をあげ，あるいは単調な作業から気をまぎらし士気を鼓舞するために歌う作業歌。特にアメリカの黒人が歌ったもの。,ワーク･ソング,
米国のブルース作曲家。ブルースを採譜し楽譜として出版したことから「ブルースの父」と呼ばれる。『セントルイス・ブルース』で有名。,ウィリアム・クリストファー・ハンディ,
クラシック音楽以外の大衆音楽の総称。,ポピュラーミュージック,
ジャズで、メロディーをくずして即興演奏すること。,フェイク,
音楽で、楽譜を離れて自由に演奏すること。ラテン語のアド・リビトゥムad libitum（思うままに，自由に）の略。,アドリブ,
ニューオーリンズのR&B特有のリズム。ニューオーリンズでは黒人の葬式の時、ブラス・バンドが演奏しながら歩き、その後から子供たちが踊りながらついて行く。,セカンド・ライン・ビート,
デザイナーが独自に企画した最初のブランドに対し，それとは違うコンセプトを打ち出したブランド。,セカンド・ライン,
アメリカのロックン・ロール・ミュージックをつくり上げた黒人シンガー、ギタリスト。ジョン・レノンは、「ロックン・ロールを別のことばでいおうとするなら、それはーだ」という有名な賛辞をおくっている。代表曲は『Johnny B.Goode』など。,チャック・ベリー,
《田舎者を軽蔑的によんだ語から》カントリー音楽、なかでも泥臭さのあるものをさす語。,ヒルビリー,
ロックンロールと米国南東部の民謡ヒルビリーとが融合して生まれたポピュラー音楽。1950年代後半に流行。,ロカビリー,
管楽器を主体にした15名以上のジャズのオーケストラのこと。,ビッグ・バンド,
米国のソウル歌手。男性ソロ・シンガーとしてはグラミー賞の受賞回数が最も多い。,スティーヴィー・ワンダー,
アメリカを代表するロックンロール歌手。「ロックの王者」と呼ばれた。,エルビス・プレスリー,
アメリカの民謡のスタイルによるポピュラー音楽。P.シーガーやB.ディランなど、時に強い社会性をもつ。,フォーク・ソング,
アメリカのジャズ・トランペット奏者、歌手。愛称の「サッチモ（鞄のような大口）」でも知られる。代表曲は『What a winderful world』など。,ルイ・アームストロング,
"アメリカのジャズ・クラリネット奏者，楽団指揮者。「キング・オブ・スイング」と呼ばれる。代表曲は『SING,SING,SING』など。",ベニー・グッドマン,
1920年代後期にシカゴで流行したピアノによるジャズのブルース演奏スタイル。,ブギウギ,
ジャズ史上最大の革新者。「ビ・パップ」創始者の一人。,チャーリー・パーカー,
アメリカのジャズ‐トランペット奏者。モダン・ジャズのスタイルを確立した。,マイルス・デイビス,
アメリカのシンガーソングライター。ベトナム戦争に対するプロテスト・ソング『風に吹かれて』などの作品で知られる。2016年にはノーベル文学賞を受賞した。,ボブ・ディラン,
イギリスのロックバンド。ボーカルのミック＝ジャガーや、キース＝リチャーズ・チャーリー＝ワッツなどからなり、ビートルズと人気を二分した。その名前はブルース歌手マディ・ウォーターの曲名に因む。,ローリングストーンズ,
アメリカのロック歌手、ギタリスト。『ヘイ・ジョー』『紫のけむり』などで知られる。その激しい演奏スタイルはロック界に大きな影響を残した。,ジミ・ヘンドリックス,
アメリカの女性ロック歌手。しゃがれ声を絞り出すような歌声が特徴。1970年にヘロインの過剰摂取で急死した。,ジャニス・ジョップリン,
アメリカのロック・グループ。ボーカルで作詞・作曲家のジム・モリソンが有名。代表曲は『ハートに火をつけて（Light My Fire）』など,ドアーズ,
既存の社会秩序，体制からドロップアウトする脱社会的な思想や行動に走り，あるいはそういうものを志向する者。1960年代後半，アメリカの若者たちの間に生間れた。,ヒッピー,
アメリカ合衆国、テネシー州中央部の都市。カントリーミュージックの町として発展した。また、その景観から「南部のアテネ」とも呼ばれる。,ナッシュビル,
アメリカのロックバンド。代表曲は『ホテル・カリフォルニア』など。,イーグルス,
アメリカの兄弟からポップス・デュオ。その名前は彼らのファミリーネームに由来する。代表曲は『遙かなる影』『トップ・オブ・ザ・ワールド』など。,カーペンターズ,
イギリスのロックバンド。ジミー・ページ、ロバート・プラント、ジョン・ポール・ジョーンズ、ジョン・ボーナムの4人からなる。『移民の歌』などが知られる。,レッド・ツェッペリン,
イギリスのロックバンド。『ハイウェイスター』『Burn』などが知られる。,ディープ・パープル,
1969年，米国のニューヨーク郊外の農場で開催されたロック・フェスティバル。ヒッピー・カルチャーが盛り上がる中で，30万人を超える聴衆が集まった。,ウッドストック・フェスティバル,
インドネシアの代表的な器楽合奏およびその音楽。,ガムラン,
19世紀後半に流行した2/4拍子の活発な舞曲。チェコ語で「ポーランドの娘」を意味する。,ポルカ,
生体の発達の比較的初期において，ある刺激 (経験) が与えられたとき，その効果が最もよく現れる時期のこと。,臨界期,
人が意思決定をしたり判断を下すときに、厳密な論理で一歩一歩答えに迫るのではなく、直感で素早く解に到達する方法のこと。リンダ問題によって考察される「代表性」や「利用可能性」などの種類がある。,ヒューリスティックス,
最初に印象に残った数字や物がその後の判断に影響を及ぼすこと。船が錨を降ろすと錨と船を結ぶともづなの範囲しか動けない比喩から。,アンカリング効果,
アメリカとイスラエルの二重国籍をもつ経済心理学・行動経済学者。2002年にノーベル経済学賞を受賞した。人間は現状からの「得」よりも「損」に大きく反応する「損失回避の現象」をとる、という「プロスペクト理論」で知られる。,ダニエル・カーネマン,
「今この瞬間」に起こっていることに注意を向けないで、目の前の課題とは全く関係のないことを考えて、さまよう状態のこと。,マインドワンダリング,
今この瞬間の自身の精神状態に深く意識を向けること。またそのために行われる瞑想。,マインドフルネス,
問題や質問の提示のされ方によって意思決定が異なること。例：「満足度87%　or　不満足13%」など。,フレーミング効果,
自分の願望や信念を裏付ける情報を重視・選択し、これに反証する情報を軽視・排除する心的傾向。4枚カード問題（ウェイソン選択課題）によるものが有名。,確証バイアス,
事前に知っている確率を無視して、後から出てくる確率にだけ注目してしまう心理的傾向。,事前確率の無視（基準率の無視）,
人種・宗教・性別などの違いによる偏見・差別を含まない、中立的な表現や用語を用いること。,ポリティカル‐コレクトネス,
外的な状況を無視して、人の内的な特性に原因を求める心理的傾向のこと。,対応バイアス,
他人の行動はその人の内的な特性に、自分の行動は外的な状況に原因を求める心理的傾向のこと。,行為者-観察者バイアス,
良い出来事は自分の内的な特性に、悪い出来事は外的な状況に原因を求める心理的傾向のこと。,自己奉仕バイアス,
乳幼児が不安や不快などストレスを感じている状況で、自分の親など周囲の養育者に対して泣いて訴える、あるいは接触を求めて甘えるなどして、親密なきずなを形成しようとする行動。,愛着（アタッチメント）,
愛着行動の一つで，生後半年ぐらいの乳児がある特定の状況において示すほほえみ。自分で動くことのできない乳児が微笑を示すことによって，親たちを自分の側へひきつける機能をもつ。,微笑反応,
オーストリアの動物学者。刷り込みや攻撃性などの概念の提唱により1973年にノーベル生理学医学賞を受賞した。動物行動学（エソロジー）を確立した。,コンラート・Z・ローレンツ,
他者の心を類推し、理解する能力。サリー・アン課題などによって確かめられる。,心の理論,
発声を伴わずに自分自身の心のなかで用いる言葉。,内言,
スイスの心理学者ジャン・ピアジェが提唱した概念。幼児に見られる、他者への伝達を目的としない非社会的言語活動のこと。他者の立場で考えることができない、幼児の心理的特徴が反映されており、これが社会的言語に発展していくとした。一方でソ連のレフ・ヴィゴツキーは、これは外言から内言が発達する過渡期に現れるもので、いわば不完全な内言にあたると考え、論争が起きた。,自己中心語,
主に子供に見られる、経験的な思い込みにより概念形成している考え方のこと。,素朴理論,
「芙蓉湖」とも呼ばれる長野県の湖。その湖底からは大量のナウマンゾウの化石が発掘されている。,野尻湖,
静岡県で発見された、更新世の化石人骨。同じく有名なものとして、沖縄県で発見された「港川人」がある。,浜北人,
日本で最初に発見されたとされる化石人類。アマチュア考古学者の直良信夫によってかつて日本に住んでいた原人であると主張されたが、戦災によって標本が焼失してしまった。,明石原人,
現在のところ世界最古とされる人類の祖先。その種小名はチャドで発見されたことから。,サヘラントロプス・チャデンシス,
サヘラントロプスの発見まで「最古の人類」とされていた猿人。全身骨格を復元した際に用いられた化石には「アルディ」の愛称がつけられた。,ラミダス猿人,
「南の猿」という意味を持つ猿人の一種。これの女性個体として知られる「ルーシー」は、発見者がお祝いパーティーをしていたときに、ラジカセからビートルズの「ルーシー・イン・ザ・スカイ・ウィズ・ダイアモンズ」が聞こえてきたことにその名を由来する。,アウストラロピテクス,
人類進化の二段階目に相当するヒト属。ホモ・エレクトゥスとも。,原人,
「能力ある人」という意味を持つ。最初期のヒト属とも、猿人に近いともされるが詳細は不明。,ホモ・ハビリス,
ホモ・エルガステルの少年個体に付けられた愛称。全身の60%の骨が残っており、本種の成長過程を明らかにする上で大きく役割を果たした。ナリオコトメ・ボーイとも。,トゥルカナ・ボーイ,
ネアンデルタール人と現生人類との分岐点とされる、化石人類の一種。,ハイデルベルク人,
身長が1mほどの小型人類。ジャワ原人がフローレス島に渡って島嶼化したものとされる。,ホモ・フローレシエンシス,
アメリカの心理学者アブラハム・マズローが提唱した。人間の欲求が、生理的欲求、安全・安定の欲求、愛情・所属の欲求、承認・自尊の欲求、自己実現の欲求の順で高次に移るとした。,欲求段階説,
自分がある状況において必要な行動をうまく遂行できると、自分の可能性を認知していること。,自己効力感,
報酬などの外発的動機づけ（誘因）によって、すでにあった内発的動機づけが低下すること。,アンダーマイニング効果,
「あなたはクラスで一番だ」などの言語的報酬によって発的動機づけが高まること。,エンハンシング効果,
欲求不満（フラストレーション）や葛藤から自己を守るために、抵抗しようとする心理メカニズム。ドイツの心理学者ジークムント・フロイトによって考え出され、その娘のアンナによって整理された。退行や抑圧、反動形成など多くの種類がある。,防衛機制,
心理学用語。燃料タンク内の現在の残量を示すメーターのように，自尊感情がその時々の社会適応度を刻刻と表わす指標として機能するという理論。,ソシオメーター理論,
心理学用語。他人の不幸や失敗を見て喜ぶ気持ちのこと。,シャーデンフロイデ,
精神分析の用語。フロイトが、人間の性本能の基底となるエネルギーとして規定した概念。,リビドー,
スイスの心理学者。人間の性格を内向型と外向型に分類した。また、この類型論（タイプ論）を発展させたMBTI（マイヤーズ・ブリッグスタイプ指標）が開発されている。,カール・グスタフ・ユング,
ドイツの精神医学者。特定の精神疾患と体格との間に相関関係があるとして，体格をおもに細長型，肥満型，闘士型の 3種に分類した。,エルンスト・クレッチマー,
アメリカの医学者，心理学者。身体の形態学･生理学的特質と行動心理との関係を、内胚葉型(内臓緊張性)，中胚葉型(身体緊張性)，外胚葉型(脳緊張性)に分類した。,ウィリアム・シェルドン,
ドイツの哲学者，心理学者，教育学者。人間の基本的な類型として，理論的人間，経済的人間，美的人間，社会的人間，権力的人間，宗教的人間の6つに区分した。,エドゥアルト・ジュプランガー,
ドイツ生まれのイギリスの心理学者。性格や人格（パーソナリティ）を、内向性-外向性と神経症傾向の2次元、もしくは精神病傾向を加えた3次元で表現しようとした。また、この考えからモーズレイ性格検査（MPI）が開発された。,ハンス・アイゼンク,
必要な資料を得るために、調査事項をあらかじめ質問の形で記載した用紙を調査対象に配布して、回答を集計・分析する方法。,質問紙法,
人の自我の状態をいろいろな側面に分けて分析し，どの部分が強く，どの部分が弱いかを調べグラフ状にしたもの。CP(批判的親)、NP(養育的親)、A(大人)、FC(自由な子供)、AC(順応した子供)の5つの状態からなる。,エゴグラム,
人間の性格特性が大きく五つの次元から成るという考え方。神経症傾向、外向性、開放性、調和性、誠実性の五つ。,ビッグファイブ理論,
将来に消費することよりも現在に消費することを好む程度。,時間選好率,
抵抗することも回避することも困難なストレスに長期間さらされ続けると、そうした不快な状況下から逃れようとする自発的な行動すら起こらなくなる現象。サーカスの象やカマス理論の例えでも知られる。,学習性無力感,
不安障害に用いられる行動療法の一種。不安や苦痛を克服するため、患者が恐怖を抱いている物や状況に対して、危険を伴うことなく直面させることを特徴とする。,暴露療法,
条件づけの理論に従って、不安、恐怖、強迫症状などを治療しようとする療法のこと。,行動療法,
バラス・スキナーによって開発された行動療法の一つ。目的とする行動の変化（増加・減少）にたどり着くために、その方向で少しやりやすい変化をもたらす所から始め、徐々に目的に近づけて行くやり方。,シェーピング法,
自己暗示の練習によって全身の緊張を除き、心と体の状態を自分でうまく調整できるようになることを目的とする段階的訓練法。,自律訓練法,
ストレスの基（ストレッサー）にうまく対処しようとすること。,ストレスコーピング,
心理学において、困難で脅威を与える状況にもかかわらず，うまく適応する過程や能力のこと。精神的回復力とも。,レジリエンス,
「悲しいから泣くのではなく，泣くから悲しいのだ」という説。,ジェームズ＝ランゲ説,
外的な変化に対し、人間の身体が次第に変化していく機能のこと。,アロスタシス,
遺伝子の配列が変化することなしに、遺伝子の働きが変化する現象、もしくはその学問領域。,エピジェネクティクス,
他者のある動作を見たとき、自分もその動作をしているかのように反応する神経細胞。,ミラーニューロン,
画像付き。大きさの錯視によるもの。,ミュラー・リヤー錯視,images/bot/myura.jpg
画像付き。大きさの錯視によるもの。,ポンゾ錯視,images/bot/ponzo.jpg
画像付き。方向の錯視によるもの。,ポゲンドルフ錯視,images/bot/pogen.jpg
画像付き。方向の錯視によるもの。,カフェウォール錯視,images/bot/cuffe.jpg
画像付き。大きさの錯視によるもの。,ジャストロー錯視,images/bot/jast.jpg
画像付き。大きさの錯視によるもの。,エビングハウス錯視,images/bot/ebi.jpg
画像付き。反転の錯視によるもの。,ネッカーの立方体,images/bot/neck.jpg
画像付き。不可能の錯視によるもの。,不可能の立方体,images/bot/huka.jpg
イギリスの数理物理学者、数学者。2020年、数学的に「一般相対性理論を基にブラック・ホールが形成されることを証明した」業績が評価され、ノーベル物理学賞を受賞した。また、錯視を用いた「三角形」や「階段」などのデザインを考案した。,ロジャー・ペンローズ,
画像付き。不可能の錯視によるもの。,ブリヴェット(悪魔のフォーク),images/bot/foke.jpg
画像付き。色・明るさの錯視によるもの。,チェッカーシャドウ錯視,images/bot/check.jpg
画像付き。運動の錯視によるもの。,蛇の回転,images/bot/hebi.jpg
画像付き。シルエット錯視によるもの。,スピニング・ダンサー,images/bot/spin.jpg
画像付き。湾曲の錯視によるもの。,ヘリング錯視,images/bot/hering.jpg
ドイツの高校教師がネアンデル谷（タールは谷の意）で発見した旧人。現生人類よりもがっしりした体格で、脳も同程度に大きかったが前頭葉の発達が悪く、抽象的な言語を操る能力は無かったとされる。また、現生人類と長い間併存していたと見られている。,ネアンデルタール人,
人類進化の最終段階で現生人類に相当する。現生化石人類ではクロマニョン人の他に周口店上洞人やグリマルディ人などが知られる。,新人,
凡人は大人物や大事業の一部分しかつかめず、大局からの見方はできないということ。,群盲 象を評す,
ある言語を母語とする人の認識・思考はその言語によって影響されるという説。,サピア＝ウォーフの仮説,
古典語とゲルマン語の間にみられる子音対応に関する規則。pの音がfになるなど。,グリムの法則,
聞き手や話題の中の人物に対して、話し手の尊敬や卑しめの気分を言い表す言語表現。,待遇表現,
日本語などが該当する、言語の構造類型の一つ。文中における単語間の文法的な関係を示すために、それぞれの単語にそれぞれ特有な意味や機能をもったことば（形態素）を結び付けていくタイプの言語。,膠着語,
中国語などが該当する、言語の構造類型の一つ。文中における単語間の文法的な関係が、語順や接続詞などによってしか表されず、いわゆる語形変化のまったくないとされる言語。,孤立語,
ラテン語系の言語などが該当する、言語の構造類型の一つ。文中における単語間の文法的な関係を示すために、単語の語幹に各種の文法範疇を表す語尾をつける言語。,屈折語,
比喩法の一。たとえだけを提示して、その本義を間接的に推察させる方法。「燕雀えんじゃく安いずくんぞ鴻鵠こうこくの志を知らんや」が、小人物に大人物の心はわからないの意をさとらせる類。,諷喩,
比喩法の一。全体と部分との関係に基づき、「花」（全体）で「桜」（部分）を、「小町」（部分）で「美人」（全体）を表現する類。,提喩,
比喩法の一。ある物を言い表わす場合に，その「青い目」で「西洋人」を、「鳥居」で「神社」を表す類。物の属性や，それに関連の深い物をもって言い換えて，その本体の物を表わす方法。,換喩,
修辞法の一。無生物を生き物（特に人間）であるかのように表現する方法。,活喩,
文の中で、叙述内容に関する話者の心的態度を表わす部分。「〜だろう」「〜方が良い」など。,モダリティ,
意味の違いに関わる最小の音声的な単位。,音素,
同一の形態素を重ねて用いた形式の複合語。「人々」「重ね重ね」など。,畳語,
意味をもつ最小の形式的単位を表す言語学の用語。「日本語」→「日本」「語」など。,形態素,
1946年から1981年まで用いられた、漢字制限を目的として，現代国語を書き表すために，日常使用する漢字の範囲を定めた当用漢字表にある1850の漢字。常用漢字に代わった。,当用漢字,
単語が結合した場合に、後項の語頭の清音が濁音化する事象。「青空」の類。,連濁,
中国語南方方言に基づくものとされる漢字音。仏教経典の読みなどに多く用いられる。境内の「内」や天女の「女」など。,呉音,
呉音に次いで，隋唐時代に遣唐使や留学僧などにより日本に伝えられた漢字音。内部の「内」や女性の「女」など。,漢音,
呉音，漢音に続いて，日本にもたらされた漢字音。「行灯」「暖簾」など。,唐音,
構造言語学の音韻論で、同一音素の変異形のうち、位置ないし条件によって変異するもの。例えば、英語で keep［kiːp］とcool［kuːl］の二つの［k］は調音点を少し異にする同一音素。,異音,
個人のなかに複数の外国語の能力がさまざまな形で存在していると考える立場。人はコミュニケーションをする際にその自分がもてる言語能力・知識を総動員して用いているとする。,複言語主義,
文脈に依存して指示対象が決まる表現の言語使用。「私」「上」「今日」など。,直示,
言語学習において、文法などの言語形式よりコミュニケーションを重視する考え方。逆に言語形式を重視する考え方は「フォーカス・オン・フォームズ」という。,フォーカス・オン・ミーニング（FonM）,
文中のある語を強調するために、特に強く発音すること。,プロミネンス,
ある概念領域を別の概念領域を通して理解するという認知の仕組み。通常の表現「大きな荷物を抱えて歩く」に対する「不安を抱える」の類。,概念メタファー,
1点のみ言語形式の違う2つの単語のことをいう。「枯れ木」と「瓦礫」など。,ミニマル・ペア,
過去の経験や外部の環境に関する構造化された知識の集合。,スキーマ,
バイリンガルの中でも、二言語ともに年相応のレベルまで達していない人、またはその状態。,ダブル・リミテッド,
言語のありのままの状態を記述するのではなく、正しい言語表現と考えられる言葉のきまりを述べた文法。,規範文法,
話し手から聞き手に伝達される情報のうち、言語以外の情報。話すときの声の強弱や高低、イントネーション、身振りなど。,パラ言語（ランゲージ）,
自動車を特徴のある形状（低い車高など）に改造した車両のこと。チカーノ発祥の文化。,ローライダー,
メキシコ系のアメリカ人。,チカーノ,
スペイン語を母国語とする中南米出身者やその子孫で、米国に居住する人々。アメリカ最大のマイノリティーで、一般にはヒスパニックと呼ばれる。,ラティーノ,
フランスの人類・民俗学者。「通過儀礼」の概念を提唱し、これを分離、過渡、統合の3段階に分割した。,アーノルド・ヴァン＝ジェネップ,
儀礼として男女性器の一部を切除または切開する宗教的習俗。ユダヤ教などに見られる。,割礼,
アボリジニーの民族楽器。木製の管楽器で、ユーカリの木にシロアリを入れ、芯を食べさせて作る。,ディジュリドゥー,
呼吸の間も絶え間なく口から空気を吐き出すことによって息継ぎの無音時間をなくす演奏技法。,循環呼吸,
先史美術および現存する部族社会の美術の総称。「ウィレンドルフのヴィーナス」やオセアニア美術など。,原始美術（プリミティブ・アート）,
「人間」を意味する、カナダ北西部準州（ヌナブトは彼らの言葉で「我が大地」の意）に住む狩猟民族の自称。旧来は「生肉を食べるもの」を意味するエスキモーと呼称された。氷で作ったイグルーに住む。,イヌイット,
ポリネシア語で「はっきり印をつけられた」を意味する言葉。J・クックによってイギリス社会に輸入された。何かしらの境界領域のものがタブーとして位置付けられることが多い。昼と夜の間である「逢魔時」や身体と外界の間である「排泄」「出血」など。,タブー,
奄美群島や沖縄を中心に見られる巫女。死者の口寄せなどを行う。公的巫女のノロに対して、民間の宗教的職能者としての立場を持つ。,ユタ,
巫女が神がかり状態となり，諸神霊との直接交通によって行う原始的・呪術的な宗教形態。ツングースにおける巫女「サマン」にその名を由来する。,シャーマニズム,
未開社会において、身近な具体的対象にさまざまな意味を記号的に持たせること。レヴィ＝ストロースが『野生の思考』の中で提唱した概念で、トーテミズムにおいて貴族階層と平民階層をタカとカラスの対比で表す類。本来は片手間に行う手仕事を意味する。,ブリコラージュ,
アメリカの女性人類学者ルース・ベネディクトの主著の一つ。第二次世界大戦下のアメリカの一連の戦時研究のなかから生まれた。直接現地調査ができなかったにもかかわらず、日本の文化を、内面に善悪の絶対の基準をもつ西洋の「罪の文化」とは対照的な、内面に確固たる基準を欠き、他者からの評価を基準として行動が律されている「恥の文化」として大胆に類型化した。,『菊と刀』,
ポーランド生れのイギリスの人類学者。著書『西太平洋の遠洋航海者』の中でクラ交易について考察し、フィールドワークの方法論を確立した。,ブロニスワフ・マリノフスキ,
都会の住民が農山村に滞在し，自然や文化を体験する旅行の形態。,グリーンツーリズム,
第2次世界大戦後の経済発展を背景に、それまで富裕層に限られていた観光旅行が、幅広く大衆にまで拡大した現象。,マスツーリズム,
障害者や高齢者など、移動やコミュニケーションにおける困難さに直面する人々のニーズに応えながら、誰もが旅を楽しめることを目指す取り組みのこと。,アクセシブル・ツーリズム,
団体旅行やツアーで使われることを前提に旅行代理店が航空会社から割安で仕入れたチケットの価格。包括運賃とも。,IT運賃,
航空事業やホテル事業などにおいてしばしばみられる、収益を増加させるための経営戦略の一つ。,イールド・マネジメント,
海外の航空機が自国に到着した後、さらに第三国へ運航ができる権利のこと。シカゴ条約に基づく「空の自由」に盛り込まれた。,以遠権,
企業や団体が自らの組織内に作った旅行会社のこと。旅行会社へ支払っていた出張旅費を内部に還流させ、社員のレジャー需要を取り込み、新たに雇用を確保することを目的に、主に1970年代後半から80年代にかけて作られた。,インハウス・エージェント,
販売コンテストやキャンペーンでの成績優秀な社員や販売店などを対象に、企業が報奨として行う旅行のこと。,インセンティブ旅行,
外国人が訪れてくる旅行のこと。これに対して、自国から海外に行くものは「アウトバウンド」とも呼ばれる。,インバウンド,
海外旅行販売に欠かせない旅行先の知識にたけた人材を育成する制度。日本人に人気のある旅行先が８つのエリアに分けられており、その中から受講したいエリアを選び、観光地理、歴史、文化、自然、飲食、ショッピング、ビジネスなどに関するエリア特性や国・地域ごとの知識を習得する。,エリア・スペシャリスト,
特定の観光地において、訪問客の著しい増加等が、地域住民の生活や自然環境、景観等に対して受忍限度を超える負の影響をもたらしたり、観光客の満足度を著しく低下させるような状況。,オーバーツーリズム,
旅行業界において中間程度の混み具合の時期のこと。通常よりはやや混んでいるけれど、ピークというほどではない、という時期。,ショルダーシーズン,
航空会社の路線や便数、乗り入れ企業、運賃など、航空協定で決める規制を撤廃（自由化）すること。自国の空港を広く開放することで、人・物の流通を促進し経済効果を高めようとする政策。,オープンスカイ,
旅行先で実施される小旅行のこと。,オプショナルツアー,
その土地に住んでいる、または移住した「定住人口」でなく、観光などで訪れた「交流人口」でもない、居住地と離れた地域を行き来して、地域の人々と多様に関わる人々のこと。,関係人口,
1国内の2地点間の旅客または貨物の運送のこと。外国船・旅客によるものは原則として禁止されているが、EU圏内では航空自由化が実施されている。,カボタージュ,
日本語が分からず困っている外国人に対し、自発的に通訳をかってでる個人のボランティア活動（善意通訳普及運動）のこと。,グッドウィルガイド,
高級かつ魅力的なキャンプの雰囲気を味わえる施設のこと。,グランピング,
ユダヤ教に則った食べ物に関する規定のこと。,コーシャ,
一つの航空便に複数の航空会社の便名をつけ運航すること。座席の販売は複数の航空会社がそれぞれの便で行う。,コードシェア,
スマートフォンやPCを使って個人の遊休資産の貸し出しを仲介するサービス。,シェアリングエコノミー,
中華圏における旧正月のこと。概ね1月下旬から2月上旬。,春節,
中華人民共和国の建国記念日。10月1日。毛沢東が天安門広場で人民政府の成立宣言をした日に当たる。,国慶節,
人口に対する海外旅行者数の割合。,出国率,
出発空港で最終目的地までの複数区間の搭乗手続きを一括して行うこと。航空機を乗り継いで目的地に行く場合に便利なサービス。,スルーチェックイン,
欧米諸国や日本などで、1990年代中盤から2000年代までに生まれた世代のこと。パソコンやインターネットの普及後に生まれたデジタルネイティブであることで知られる。,Z世代,
欧米諸国で、第二次大戦後のベビーブームの後に生まれた世代のこと。個人主義的傾向が強いといわれ、ミージェネレーションともよばれる。,X世代,
死・暴力・虐待などの悲劇にまつわる場所を訪問する観光のこと。,ダーク（ブラック、悲しみの）ツーリズム,
旅行者を受け入れる地域で作られる旅行商品のこと。,着地型商品,
日本の旅行会社の依頼を受け、海外旅行先のホテルやレストラン、ガイドやバス・鉄道などの予約手配を専門に行う会社のこと。,ツアー（ランド）オペレーター,
JATA（一般社団法人日本旅行業協会）が主催する業界人の人材育成および技能認定制度。販売・接客のプロである「トラベル・コーディネーター」、特定の国や地域に精通した「エリア・スペシャリスト」、旅の目的やテーマに詳しい「テーマ・スペシャリスト」の3つの資格からなる。,トラベル・カウンセラー制度,
観光などにおいて、拠点となる空港や鉄道の駅から観光地までの交通のこと。,二次交通,
通常のものの価格やサービス料金とは別建てで、原燃料価格の上昇などを理由に追加価格・料金を上乗せする制度。燃料費の高騰、為替レートの変動など船主、航空会社の営業努力によらない価格変動要因を運賃と別建てにすることで経営リスクを回避する手段として、導入された経緯がある。,サーチャージ,
航空会社が滑走路を利用して空港へ離発着できる機会のことで、スロットともいう。空港には離発着できる回数に限度があるため、スロットは国土交通省が航空会社に配分している。,発着枠,
イスラム教の教えに則って許されるもの。これに対し、禁じられているものはハラムという。,ハラル,
祝日の一部を月曜日に移動させ、土曜日、日曜日と合わせて3連休とする制度。,ハッピーマンデー,
旅行会社があらかじめ旅行目的地および日程、宿泊、交通、観光などのサービス内容ならびに料金を設定し参加者を募る旅行のこと。,パッケージツアー,
映画やテレビドラマ、CMなどのロケーションを誘致し、撮影がスムーズに進行するようサポートする非営利団体のこと。,フィルムコミッション,
業務での出張先で、滞在を延長するなどして、業務の後に旅行も楽しむこと。日本語では「出張休暇」とも。,ブレジャー,
あらゆる動物性食品を厳格に避けるベジタリアン。乳製品は摂るラクト・ベジタリアンや卵製品は摂るオボ・ベジタリアンなどと区別される。,ビーガン（ピュア・ベジタリアン）,
電車やバス、飛行機など複数の交通手段を乗り継いで移動する際、スマートフォン等からの経路検索から予約、支払までを一度に行えるように利便性を高めたり、公共交通機関の利用促進を図ったりすることにより、都市部での交通渋滞や環境汚染、地方での交通弱者対策などの問題の解決に役立てようとするサービスのこと。,MaaS（Mobility as a Service）,
新型コロナの流行をきっかけに感染防止の観点で広がった、自宅から1～2時間程度の移動圏内の「地元」で観光する近距離旅行の形態のこと。,マイクロツーリズム,
ヨーロッパ諸国以外の外国人に対し発行される一定期間鉄道乗り放題の周遊券。,ユーレイルパス,
旅行先の国で休暇を楽しみながら滞在資金を補うために就労が認められる、2国間の協定に基づく制度のこと。,ワーキングホリデー,
リゾート地や地方部など、普段の職場とは異なる場所で働きながら休暇取得を行うこと。,ワーケーション,
「ーう（おもう）「ー（ただ）」「ー神（かんながら）」,惟,
巨万の富をいうことば。また、大金持ちのこと。五匹の家畜から始めて、わずか一〇年で、王や貴族のような莫大な富を築いたという春秋時代の人物の名前から。,猗頓(イトン）の富,
「ーしい（あやしい）」「ー本（イホン）」「ー（こと）」,異,
「傷ー（ショウイ）」「ー（きず）」,痍,
「ーえる（なえる）」「ーれる（しおれる）」「ーびる（しなびる）」「ーむ（しぼむ）」,萎,
「ーてる（そばだてる）」「ーける（かたむける）」「ー歟(イヨ)」,欹,
「ー謀（イボウ）」「ーす（のこす）」,貽,
「語ー（ゴイ）」「ー（はりねずみ）」「ーめる（あつめる）」,彙,
異常事態に直面しても正常の範囲内であると判断し、平静を保とうとする人間の心理傾向のこと,正常性バイアス,
未知の対象についてことばが付与されたとき，語意学習中の子供はとりあえずそのことばを対象全体の名前なのだと想定する、というバイアス。,事物全体バイアス,
多人数の談笑している会合の中で，周辺の雑音レベルがかなり高いのにもかかわらず，自分の相手としている人の声はきちんと聞き取れる現象．,カクテルパーティー効果,
青年期の出来事が一番思い出しやすい、という現象。,レミニセンス・バンプ,
衝撃的な出来事に接したときにそのときの状況がフラッシュをたいた写真のように細部まで記憶され，時間を経ても鮮明に再生される現象。,フラッシュバルブ記憶,
経験していない出来事が，鮮明に想起される現象。実際には経験していない子どものころの出来事（例:駐車場で千円札を拾う）について，熟知した場所や人物を入れて，鮮明で詳細なイメージを思い浮かべさせる実験操作を行なうと，その後，実際には経験していないにもかかわらず，実際に起こったという判断を引き起こす。,偽りの記憶,
自分が生まれてから現在に至るまでに経験した出来事の記憶。エピソード記憶の一部。,自伝的記憶,
世論調査などで，+A593ひとたびある方向の意見が優勢だと報じられると，少数派であると認知した人たちの一部が優勢な意見に表面上同調し始め、それによってますます反対意見を述べられなくなり，多数派が見かけ上増加していく現象のこと。,沈黙の螺旋（理論）,
なんらかの認知課題を遂行中に一時的に必要となる記憶のこと。,ワーキングメモリ（作業記憶）,
たとえ失敗しても自尊心を保てるように、あらかじめ自分にはハンディキャップがあると主張したり、実際にハンディキャップを作り出してしまうことをいう。試験の前に、風邪で勉強が十分にできなかったと言い訳をして予防線を張ることなどがこれにあたる。自分自身が不利な状況にあると主張することを「主張的〜」、実際にハンディキャップをかけることを「獲得的〜」という。,セルフ‐ハンディキャッピング,
ある特定の項目や領域において、際立った評価や功績が他の評価や功績にも影響する効果.,ハロー効果,
経済学で、多くの人の利己的な行動によって共有資源が枯渇すること。各自が適量を採取すれば存続できる資源も、自己利益のために濫伐・乱獲する者が増えれば枯渇し、共有地全体の荒廃を招くことから。,共有地の悲劇,
教師が，児童・生徒の学業成績の達成についてある期待を抱き，その期待が実現するように行動することによって，実際に子どもの学業成績に向上が見られる現象。これに対して、否定的な教師期待効果はゴーレム効果という。,ピグマリオン（ローゼンタール）効果,
オーストリアの精神病学者，心理学者。初めウィーンでジグムント・フロイトに学んだが，その汎性欲説にあきたらず，個人心理学の学派を打ち立てた。彼の心理学は「勇気の心理学」とも呼ばれ、目的論的な思想でも知られる。,アルフレッド・アドラー,
オーストリアの精神分析学者。アウシュウィッツ収容所に送られた経験をもとに『夜と霧』を著し、実存分析を創始した。,ヴィクトール・フランクル,
個体がある事柄について矛盾した，相反する認知もしくは知識をもっている状態。普通、この不一致を低減させる行動を生じさせる。たとえば、「すっぱい葡萄」や、喫煙者がたばこを吸い続けるために自らの行為を正当化するなど。米心理学者レオン・フェスティンガーによって提唱された。,認知的不協和,
権威者の指示に従う人間の心理を検証した、アメリカの社会心理学者による実験。記憶力をテストする実験と偽って被験者を集め、彼らを「教師役」として、記憶違いをした「学習者」に対して身体的な罰を与えさせたもの。,アイヒマン実験（ミルグラム実験）,
人間関係のネットワークにおいて、知り合いを数人程度たどれば、世界の誰とでもつながりがあるという仮説。米国の社会心理学者ミルグラムが「六次の隔たり」を発表した。,スモールワールド現象,
緊急場面に居合わせた人の数が多くなるほど援助行動が抑制される現象。多元的無知が原因の一つになっていることでも知られる。,傍観者効果,
集団意思決定が非常に愚かな結論を生み出してしまう現象。ジョンソン大統領政権によるベトナム戦争を泥沼の長期戦に陥れた介入拡大決定などの類。,グループシンク,
集団成員の合議による決定が，成員個々の態度の平均よりも，挑戦的で過激なリスキーなものになること。成員によっては逆に慎重方向に結論が進み、いずれにせよより極端になる傾向がある。,リスキーシフト,
集団意思決定に創造性の活性化を期待するアプローチ。結論を下さない、よりたくさんのアイデアを歓迎する、などの特徴を持つ。社会的手抜きなどのメカニズムが働くため、その効果については疑問視されている。,ブレーンストーミング,
オーストリアの精神科医で、精神分析の創始者。無意識に注目し、自我、超自我、エス（イド）の概念を提唱した。,ジークムント・フロイト,
近代言語学の父とも呼ばれる、スイスの言語学者。共時性を重視し、言語学の方向性を決定づけた。著書『一般言語学講義』で知られる。,フェルディナン・ド・ソシュール,
画像付き。寺院群と5つの棚田で構成されるバリ島の世界文化遺産。寺院は水利システムのスパックを司っており、特有の宇宙観（トリ・ヒタ・カラナ）を反映した景観が特徴。,バリ州の文化的景観 : トリ・ヒタ・カラナの哲学を表現したスバック・システム,images/bot/bari.jpg
画像付き。マリ共和国に位置する世界文化遺産。ドゴン人によって建設された独特の景観で知られる。,バンディアガラの断崖,images/bot/bandi.jpg
アメリカ・ハワイ州にある世界複合遺産。全長約1900kmにもおよぶ世界最大級の海洋保護区の一つで、ハワイモンクアザラシの生息地ほか、アオウミガメの産卵地としても知られる。その名前は母なる神と父なる神を組み合わせた造語。,パパハナウモクアケア,
イスラエルにある世界文化遺産。ユダヤ戦争の最終期に、960人の熱心党員がたてこもって集団自殺を遂げたことから、ユダヤ人の結束のシンボルになっている。,マサダ国立公園,
画像付き。ウガンダにある世界文化遺産。ブガンダ王国の歴代の王墓が残るが、2010年に原因不明の火事が発生して大部分が消失し、現在は危機遺産リストに記載されている。,カスビのブガンダ王国歴代国王の墓,images/bot/tombs.jpg
画像付き。アイスランドに位置する世界自然遺産。930年には「世界最古の議会」と呼ばれるアルシングが開かれた。また、アフリカとここでしか見られないプレートの裂け目「ギャオ」や、英語の「geyser」の由来にもなったゲイシール（間欠泉）が見られる。,シングヴェトリル国立公園,images/bot/singv.jpg
画像付き。中国の世界文化遺産。12世紀末にナシ族によって築かれた都市で、世界で唯一の生きた象形文字とされる「トンパ文字」など、独自の文化が発展した。,麗江（リジャン、レイコウ）の旧市街,images/bot/lija.jpg
チリ・イースター島にある世界文化遺産。長耳族によって初めてモアイが制作され、16世紀ごろのフリ・モアイによって多数が倒されたが、現在でもその一部を見ることができる。モアイ制作のための石切場はラノララク（火山）が用いられた。その名前は現地の言葉で「輝ける偉大な島」の意。,ラパヌイ国立公園,
北端をハワイ諸島、南東端をイースター島、南西端をアオテアロア（ニュージーランド）の3点を結んで出来る三角形。,ポリネシアン・トライアングル,
イースター島にある最大のアフ（モアイを乗せる祭壇）。一部のモアイはその頭の上にプカオと呼ばれる帽子を被っている。冬至の日には、全てのモアイが日の入りに正対する。,アフ・トンガリキ,
物理学で粒子どうしが電磁力・核力・重力などの場を通じて作用するという考え。,場の理論,
土器を伴わない石器時代の文化で、縄文文化に先行する。「先縄文文化」とも。,先土器文化,
1949年に在野の相沢忠洋が発見した群馬県の遺跡。これの発見により日本に先土器文化、つまりは旧石器時代があったことが確認された。,岩宿遺跡,
大きく旧石器時代、中石器時代、新石器時代の3つに区分される。旧石器時代は打製石器が主で、新石器時代になってから磨製石器が作られ始めた。トムセンが提唱した三時代区分法の最初の時代にあたる。,石器時代,
新石器時代の始まった約1万2000年前から約2400年前までの時代。この時代の人々は狩猟や漁労などによって生活しており、中でも縄文土器や骨角器を用いたことがその特徴として挙げられる。また、アニミズムや抜歯、屈葬などの文化を持っていた。,縄文時代,
注口や火焔などの種類が知られる土器。時代によって草創期、早期、前期、中期、後期、晩期の6つに区分される。,縄文土器,
画像付き。縄文時代において盛んに作られた土人形。棚畑遺跡の「縄文のヴィーナス（下画像）」や亀ヶ岡遺跡の遮光器型のものがよく知られる。土偶ではないが男性器を象った石棒もこの時代に登場した。,土偶,images/bot/dogu.jpg
青森県にある日本最大級の集落遺跡。その発掘調査ではクリなどの植物栽培の痕跡や六本柱の建物跡などが発見され、それまでの「縄文時代」像を一変させた。世界遺産にも登録されている。,三内丸山遺跡,
縄文時代に続く3世紀ごろまでの時代。日本ではこの時代に中国から青銅器と鉄器がほぼ同時に伝わったことで、青銅器時代を飛ばして鉄器時代を迎え、また本州では水稲栽培を主体とする農耕が始まった。現在でも福岡県の板付遺跡や佐賀県の菜畑遺跡で水稲耕作の跡を見ることができる。,弥生時代,
原始社会において無生物に対してもその霊魂の存在を認める価値観。イギリスの人類学者エドワード・タイラーによって規定され、ラテン語で「霊魂」を意味する言葉から名付けられた。,アニミズム,
世界最古とも言われる縄文時代草創期の土器。長崎県の泉福寺洞穴から発掘された。,豆粒文土器,
縄文時代に形成された東京都品川区にある貝塚。アメリカの動物学者エドワード・モースが汽車の車窓から発見し、その後日本における最初の学術調査が行われた。,大森貝塚,
本州が水稲農耕社会に移行した一方で、縄文文化を色濃く残して発達した、北海道地方を中心とする文化。のちに擦文土器を特徴とする擦文文化に引き継がれ、アイヌ文化の基礎を成したと考えられている。,続縄文文化,
1884年に東京都本郷の向ヶ岡貝塚で発見された、古代において主に貯蔵や煮炊きのために用いられた素焼きの土器。,弥生土器,
石包丁で穂だけを摘み取る稲の刈り方。鉄鎌で根本から刈り取る根刈りに対して言う。,穂首刈り,
水田での作業において着用される履物の総称。田の代踏みに用いる大足もこれの一種である、,田下駄,
刈り取った稲などを積んで運ぶための水田用の小舟。弥生時代には丸木舟が用いられた。,田舟,
銅剣が358本も発掘されたことで話題となった、島根県にある弥生時代の遺跡。銅鐸が39個まとまって出土したことで知られる加茂岩倉遺跡から約2kmの距離に位置することでも知られる。,（神庭）荒神谷遺跡,
竪穴住居や高床倉庫が発掘された、静岡県に位置する弥生時代の集落遺跡。敗戦直後では異例の大規模調査が行われたことから日本考古学協会が結成されるきっかけとなった。,登呂遺跡,
画像付き。朝鮮や日本で見られる巨石墳墓の一種。画像はヨーロッパのドルメン。 ,支石墓,images/bot/dol.jpg
画像付き。吉野ヶ里遺跡や楯築遺跡などで見られる、土や石などを積み重ねて丘のようにした墳墓。長方形に区画された方形周溝墓よりもさらに古墳に近づいた形を持つ。,墳丘墓,images/bot/hun.jpg
福岡県の陸繋島。江戸時代に「漢委奴国王」と記された金印が発見された。,志賀島,
奴国の遺跡とも考えられている、青銅器や甕棺墓などが多く出土した福岡県の墳墓遺跡。,須玖遺跡,
日本史上初めて外国史書に名を残した倭国の王。『後漢書』では107年に160人の生口を連れて朝貢したとされている。個人名ではなく称号とする説もある。,帥升,
3世紀末に西晋の陳寿が編纂した日本などに関する中国側文献。正式名称を「『三国志』魏書東夷伝倭人条」という。邪馬台国までの道程などが記されている。,魏志倭人伝,
「鬼道に事（つか）え，能く衆を惑わ」したとされる邪馬台国の女王。狗奴国との戦争中に死亡した。,卑弥呼,
邪馬台国・卑弥呼の宗女。卑弥呼の死後、擁立されて倭王となった。,壹与（いよ、あるいは台与（とよ））,
奈良県にある日本最古級の前方後円墳。被葬者は倭迹迹日百襲姫命（やまとととひももそひめのみこと）で、これを卑弥呼に比定する説もある。,箸墓古墳,
初代天皇。瓊瓊杵尊の曾孫とされ、日向から熊野を経て大和に攻め入り、紀元前660年に橿原宮で即位した。その諡号は「はつくにしらす（初国治らす）」であり、この国を治めた最初の王であることを表しているが、神話的な色彩が濃い。,神武天皇,
記紀に系譜が記載されているものの具体的な事績が不明な、第2代綏靖天皇から第9代開化天皇までの8人のこと。彼らが在位していたとされるのは紀元前ということもあり、その実在可能性は極めて低い。,欠史八代,
第10代天皇。初代の神武天皇と同じく「はつくにしらす」の諡号を持つことから事実上の初代天皇とする説もある。四道将軍を遣わして国内を平定したらしい。,崇神天皇,
第12代景行天皇の皇子とされる伝説上の英雄。天皇の命により休む間も無く各地を平定して回ったとされ、その途中、敵が放火してきた際に天叢雲剣で草を薙ぎ払って難を逃れた、というエピソードは有名である。ここから草薙剣という別名や焼津という地名が生まれた。ヤマト政権発展期における数多の平定事業の集約的人物であると見られる。,日本武尊,
第15代天皇。応神天皇以後の古墳がそれまでの三輪ではなく河内に作られている、などの理由からこの時期に王朝の交代が起こったという説がある。その陵である誉田御廟山古墳は仁徳天皇陵に次ぐ大きさで、古市古墳群の一つとして世界遺産に登録されている。,応神天皇,
「宋書」などの中国側の資料に名を残す5人の王。中国に数回朝貢したことが伝えられている。5人の王である讃・珍・済・興・武のうち、済は第19代允恭天皇、興は第20代安康天皇、武は第21代雄略天皇であることがほぼ確実視されているものの、他の2人に関しては諸説ある。,倭の五王,
外部へ続く羨道と遺体を安置する玄室から成る石室のこと。竪穴式石室とは異なり、追葬や合葬ができるというメリットがある、,横穴式石室,
百舌鳥古墳群を構成する前方後円墳の1つ。第16代仁徳天皇のものとされる。その全長は486mと国内最大で世界遺産にも登録されている。,大仙陵古墳,
埼玉県にある前方後円墳。「獲加多支鹵大王」と刻まれた鉄剣が発見されたことで有名。この「獲加多支鹵大王」は第21代雄略天皇のことであると考えられており、この発見により熊本県江田船山古墳で既に発見されていた銘文も「獲加多支鹵大王」のことであると判明した。,稲荷山古墳,
古墳の装飾として墳丘上に置かれた素焼きの土製品。家や人馬などをかたどった形象や円筒などの種類がある。,埴輪,
画像付き。古墳時代から平安時代にかけて用いられた、弥生土器の系統を引く素焼きの土器。,土師器,images/bot/haj.jpg
画像付き。古墳時代に朝鮮半島から製作技術が伝わったとされ、平安時代まで広く生産された青灰色で硬質な陶器。古くは「祝部土器」とも呼ばれた。,須恵器,images/bot/sue.jpg
平安時代などに神祇官が行っていた五穀豊穣を祈る祭儀。,祈年祭,
雄鹿の肩甲骨を焼いてその割れ目の模様から吉凶を判断する古代の卜占の一種。,太占,
熱湯の中に入れた小石を拾わせ、そのときの火傷の有無によって正邪を判定する、古代の神判。第19代允恭天皇の時代などに広く行われたとされる。,盟神探湯,
百済から渡海し、のちの有力民族である秦氏の祖となったとされる伝説的な渡来人。,弓月君,
『千字文』や『論語』を日本に伝えた渡来人。阿知使主とともに出納の事務を取り扱っていたとされる。,王仁,
百済の第26代王。日本による武力援助の見返りとして、仏像や経典を初めて日本に伝えたことで知られる。,聖明王,
布都御魂大神(ふつのみたまのおおかみ)を祀る奈良県の神社。日本最古級の銘文を持つ七支刀など多くの文化財が収められている。,石上神宮,
天皇の名やその家系などが記されていたと考えられている書物。旧辞とともに古事記や日本書紀の原史料となったが、散逸してしまった。,帝紀,
「神宿る島」として宗像大社とともに世界遺産に登録された福岡県の島。古代の文化財が豊富にあることから「海の正倉院」とも呼ばれる。,沖ノ島,
第33代推古天皇が即位した592年から710年の平城京遷都までを指す時代区分。本来は美術史上の時代区分だったが転用された。日本最古の仏教文化が発展したことで知られる。考古学的には古墳時代後期にあたる。,飛鳥時代,
大友氏の最盛期を築いた飛鳥時代の豪族。第25代武烈天皇や次の継体天皇を擁立したが、最後は朝鮮政策の失敗を物部尾輿らに非難されて失脚した。,大伴金村,
527年に起こった、朝鮮に出征しようとした近江毛野の軍勢を筑紫の国造が妨害した事件。物部麁鹿火によって鎮圧された。,磐井の乱,
蘇我氏繁栄の礎を築いたこと飛鳥時代の豪族。用明、崇峻、推古天皇の外祖父として実権を握り、廃仏派の物部尾輿らと深く対立していた。,蘇我稲目,
蘇我氏の最盛期を築いた、飛鳥時代の豪族。蘇我稲目の子として、敏達、用明、崇峻、推古天皇を擁立したほか、外交問題に関連してかねてから対立していた廃仏派の物部守屋を滅ぼした。さらに崇峻天皇と意見が対立し始めると部下に命じてこれを暗殺させた。,蘇我馬子,
日本初の女帝。第30代敏達天皇の皇后となるも死別し、その後蘇我馬子に擁立され第33代天皇として即位した。,推古天皇,
聖徳太子が著した経典注釈書。『法華(ほっけ)義疏』『勝鬘(しょうまん)経義疏』『維摩(ゆいま)経義疏』の3巻からなり、日本仏教の独自性を生み出した根源とされる。,三経義疏（さんぎょうぎしょ）,
聖徳太子の子。政治的に対立していた蘇我入鹿に襲われるも、「一身のために百姓万民を労するに忍びず」として再挙を諦め斑鳩寺で自殺した。,山背大兄王,
蘇我蝦夷の子。第35代皇極天皇の時代には自ら国政をとり、果てには対立していた山背大兄王を暗殺したとされる。645年の乙巳の変により殺害された。,蘇我入鹿,
第35代天皇。弟の孝徳天皇の没後に第37代斉明天皇として重祚した。第34代舒明天皇の皇后としても知られる。阿倍比羅夫を派遣して蝦夷を征伐した。,皇極（斉明）天皇,
645年に起こった事件。中大兄皇子や中臣鎌足らが蘇我入鹿らを暗殺して蘇我氏を滅亡させた。,乙巳の変,
前天皇の死後にその皇后や皇太子などが臨時的に政治を行うこと。中大兄皇子や持統天皇によるものがよく知られる。,称制,
日本最初の法典ともされる令。天智天皇の命によって藤原鎌足らが編纂した。,近江令,
670年に天智天皇が制定した日本最初の全国的戸籍。,庚午年籍,
672年、皇位継承問題をめぐって大友皇子と大海人皇子が争った内乱。,壬申の乱,
蘇我入鹿の甥。大化の改新では中大兄皇子側に加わるも、弟の讒言により中大兄暗殺の嫌疑をかけられて自害した。,蘇我倉山田石川麻呂,
福岡県などに存在する山城の一種。山の峰を取り巻くようにして切石が配置された。白村江の戦いでの敗戦を機に作られたと考えられている。,神籠石（こうごいし）,
663年、朝鮮の錦江下流で行われた、唐・新羅軍と百済再興をめざす日本軍との海戦。,白村江の戦い,
684年に天武天皇が再編した姓制度。大化の改新などによって混乱した姓の序列を整理するために制定された。,八色の姓,
近江令を除くと日本最古となる法典。681年に天武天皇の命によって編纂され、689年に持統天皇が施行した、,飛鳥浄御原令,
天武天皇の皇后としても知られる第41代天皇。息子である草壁皇子を即位させるため腹違いの大津皇子を処刑したが、草壁皇子の病死により自ら即位することになった。その後は孫の文武天皇に譲位した。,持統天皇,
持統天皇が飛鳥浄御原宮から移し、元明天皇が平城京に遷都するまでのあいだ栄えた古代の都。大和三山に囲まれた中央の低地に造営された。,藤原京,
日本最古のものと考えられている古代の銅銭。流通していなかった可能性もある。,富本銭,
最初の遣隋使として知られる人物。煬帝からの国書が思うような内容ではなかったためにわざと破棄し、天皇には百済人に奪われたとして献上しなかった。,小野妹子,
飛鳥時代の遣隋留学生。大化の改新においては旻らとともに国博士に任ぜられブレーンとして活躍したが、645年に遣唐使として長安に行きその地で病死した。,高向玄理（たかむくのくろまろ）,
小野妹子らとともに隋に渡って留学した僧侶。中大兄皇子と中臣鎌足は彼から儒教を学び、その往復の途中に蘇我氏打倒の計画を立てたという。,南淵請安,
平安時代などに一族の繁栄を祈って建立された寺院。蘇我氏の向原寺や藤原氏の興福寺などが知られる。,氏寺,
日本最初の本格的寺院とされる、奈良県明日香村にある真言宗の寺。蘇我馬子が自宅を改修して建立した。,飛鳥寺,
奈良時代に仏教の中心となった、奈良にある7つの寺のこと。法隆寺、興福寺、元興寺、大安寺、薬師寺、西大寺、東大寺の7つ。,南都七大寺,
仏寺における諸堂の配置。日本では飛鳥寺式や四天王寺式などが知られる。,伽藍配置,
世界最古の木造建築として世界文化遺産に登録されている、聖徳太子が建立した寺院。八角円堂の正堂・夢殿も有名。,法隆寺（斑鳩寺）,
台の上に座って右足を左足の膝の上に乗せ、右手を頬につけた形の仏像。中宮寺の観音像や広隆寺の弥勒菩薩像などが有名。,半跏思惟像,
日本最初の本格的仏師。法隆寺金堂の釈迦三尊像を制作したことで有名。祖父は仏教の普及に貢献した渡来人の司馬達等。,鞍作止利,
全体の2割程度の高額所得者が社会全体の所得の約8割を占めるという法則。,パレートの法則,
「ーう（おもう）」「ー（こころ）」「ー到筆随（イトウヒツズイ）」,意,
「ー（ひこばえ）」「ーう（ならう）」「教ー（キョウイ）」,肄,
「ーぐ（つなぐ）」「ー納（ウィーン）」,維,
「ー（ひのし、のし）」「ーす（のす）」,熨,
「ー（はりねずみ）」「ー集（イシュウ）」,蝟,
「ー（おとがい、あご）」「ー使（イシ）」,頤,
「ーれる（くびれる）」「ー殺（イサツ）」,縊,
「ーれ（いわれ）」「ー（いい）」,謂,
「ー（まぐろ、しび）」,鮪,
「ー器（イキ）」「ー倫（イリン）」,彝,
「ー（かいらぎ）」,鰄,
「ーえる（すえる）」,饐,
「ー旨（イシ）」「ーしい（うるわしい）」「ーい（よい）」,懿,
「ー（いかる、いかるが）」,鵤,
「ー下（イキカ）」「ー（しきい）」,閾,
「ーしい（かぐわしい）」「ーー（イクイク）」,郁,
「ー門（マカオ）」「ー（おき、くま）」,澳,
「ーかい（あたたかい）」「ー（おき）」,燠,
「ーぐ（ひさぐ）」「衒ー（ゲンイク）」,鬻,
「ー（いさざ）」,魚偏に尓,
「ー（いすか）」,鶍,
「ー（ふで）」「ー修（イッシュウ）」,聿,
「ー文（イツブン）」「ー遊（イツユウ）」「ーむ（たのしむ）」,佚,
「ー早く（いちはやく）」「ーれる（それる、はぐれる）」「ーる（はしる、はやる）」「散ー（サンイツ）」,逸,
「ー事（イツジ）」「ーぎる（すぎる）」,軼,
「ー蚊（あぶれか）」「ーれる（あふれる、こぼれる）」「ーちる（みちる）」,溢,
「ー取（かぎとり）」「ー役（かぎやく）」,鎰,
「ー（しぎ）」「ー蚌(イツボウ)」,鷸,
「ー棘（シキョク）」「ー（いばら）」,茨,
「ー（いり）」,圦,
「ー（いわし）」,鰯、鰮,
「ー（いわな）」,鮇,
「ー許（インキョ）」「ーに（まことに）」,允,
「関ー（カンイン）」「令ー（レイイン）」,尹,
日本初の僧正に任ぜられた百済の僧侶。602年に来日して陰陽道や天文、暦法などを伝えたとされる。,観勒,
大化の改新から平城京遷都までのあいだに栄えた、唐の影響を受けた文化。薬師寺の東塔や法隆寺の五重塔などが有名。,白鳳文化,
奈良県明日香村にある装飾古墳。1972年に星座や青龍などの極彩色の壁画が発見されて話題を呼んだ。,高松塚古墳,
山部赤人とともに歌聖と仰がれた歌人。小倉百人一首に収められた和歌「あしびきの山鳥の尾のしだり尾のながながし夜をひとりかも寝む」を詠んだ。,柿本人麻呂,
第43代天皇。草壁皇子に嫁いで文武天皇を産むもその病死を受けて即位し、平城京遷都などを行った。,元明天皇,
東西・南北に走る大路によって街を碁盤目状に区画する制度。藤原京や平城京などに見られる。,条坊制,
平城京・平安京において朱雀大路の南端に設けられた正門。北端の朱雀門と相対する。,羅城門,
平城京において東に張り出した部分のこと。春日山麓の高台にあり興福寺や元興寺などが建てられた。,外京（げきょう）,
和銅元年に発行され畿内で流通した、皇朝十二銭最古の銭貨。,和同開珎,
蓄えた銭貨に応じて位階をを昇叙することを定めた法令。711年に、和同開珎を流通させるため施行された。,蓄銭叙位令,
藤原鎌足の次男。娘の宮子と光明子を文武・聖武天皇に嫁がせて藤原氏発展の礎を築いた。刑部親王とともに大宝律令を編纂したことでも知られる。,藤原不比等,
718年に制定された、藤原不比等らが大宝律令を修正編纂して作った法典。,養老律令,
大化の改新後に東北開拓の根拠地として築かれた宮城県の城柵。日本で初めて漆紙文書が発見された。秋田城の前身となった出羽柵もよく知られる。,多賀城,
仏教に深く帰依し大仏造立を発願した第45代天皇。わずか5年のうちに恭仁京や難波宮、紫香楽宮へと遷都を繰り返したことでも知られる。,聖武天皇,
722年、口分田の不足を補うために政府が策定した、10日を限度に人夫を徴発して開墾にあたらせた計画をなんというでしょう？,百万町歩開墾計画,
723年に発せられた開墾奨励の法。「養老七年の格」とも。のちに「天平十五年の格」ともよばれる墾田永年私財法に取って代わられた。,三世一身法,
天武天皇の孫。藤原不比等の没後に左大臣となって政界を主動したが、藤原氏の陰謀によって謀反を疑われ妻の吉備内親王らとともに自殺した,長屋王,
藤原不比等の4人の子が立てた家系。南家の武智麻呂、北家の房前、式家の宇合、京家の麻呂。南家は恵美押勝の乱などによって権力を失い、最終的には北家から摂政などが多く出て、道長の時代に全盛を極めた。,藤原四家,
奈良時代の公卿。天然痘によって藤原不比等の4子が死没した後に実権を握り、唐から帰国した玄昉や吉備真備らを重用して政治にあたった。,橘諸兄,
式家・藤原宇合の子。橘諸兄らと対立して太宰府に左遷された後、740年に吉備真備や玄昉の排除を目指して反乱を起こした。また、これにより恭仁京遷都が行われた。,藤原広嗣,
聖武天皇の后。皇族以外で初めて皇后となった人物としても知られる。仏教の広布に貢献したほか、施薬院や悲田院を設置し多くの救済事業を行った。,光明皇后,
日本初となる大僧正に任ぜられた、奈良時代の僧。百姓をまどわすとして布教活動が一時弾圧されたが、その勢力を無視できなくなった朝廷によって東大寺大仏造営の勧進に起用された。,行基,
日本律宗の開祖。6度目の渡航に成功して日本に訪れ、東大寺に戒壇院を設立して聖武天皇らに授戒した。また、淡海三船によってその伝記が著された。,鑑真,
第46・48代天皇。道鏡を寵愛したことで次の淳仁天皇と対立し、これを廃して重祚した。また、在位中に東大寺大仏の開眼会を挙行した。,孝謙（称徳）天皇,
橘諸兄の子。東大寺の造営が人民を苦しめているとして政治を批判した。藤原仲麻呂を殺害して新帝を立てようとするも、密告によって発覚し獄死した。,橘奈良麻呂,
南家・藤原武智麻呂の次男。淳仁天皇を擁立して政治を行い、橘奈良麻呂の反乱を鎮圧した。最期は、道鏡を排除しようとして起こした謀反が失敗に終わり敗死した。,藤原仲麻呂（恵美押勝）,
孝謙上皇の傷を癒やして看病したことから寵愛を受け、法王の座についたほか宇佐八幡宮神託事件では皇位をも狙った、奈良時代の僧は誰でしょう？,道鏡,
奈良時代の公卿。宇佐八幡宮神託事件において道鏡の即位を阻止した。,和気清麻呂,
第49代天皇。藤原百川らによって擁立されて即位し、配流されていた和気清麻呂を呼び戻して道鏡を下野に追放するなど、内部改革をはかった。,光仁天皇,
蝦夷の首長。780年に、道嶋大楯に侮蔑されたことを理由に、道嶋や按察使の紀広純を殺害したほか、多賀城を攻め落とすなど蝦夷経営始まって以来の大反乱を起こした。,伊治呰麻呂（いじのあざまろ）,
日本の律令制における最高官。適任者のいない場合には欠員とされ「則闕（そっけつ）の官」と呼ばれた。,太政大臣,
室町時代に九州探題が置かれるまで存続した、現在の福岡県にあった役所。西海道の統轄や外交の任が与えられ、「遠の朝廷」とも呼ばれた。,太宰府,
現代の迎賓館に当たる、律令時代の施設。外国使節の宿泊や接待などのために大宰府や都などに置かれた。,鴻臚館,
律令制下における、位階に応じて官職を定める制度。,官位相当制,
律令制において父祖の位階に応じて自動的に位階を与える制度のこと。,蔭位の制,
律令制下の日本で採用されていた刑罰のこと。笞（ち）、杖、徒（ず）、流（る）、死。,五刑,
大宝律令などで規定された大罪のこと。不義、不孝、大不敬、不道、悪逆、謀叛、謀大逆、謀反の8つが挙げられた。,八虐,
古代の律令制下の課役の一種。賦役令によれば毎年 60日を限度とし，国司の必要に応じて課せられた。地方的な土木工事などへの労役提供のこと。,雑徭,
律令時代に行われた、春に稲を貸し与えて収穫時に利子を付けて回収する貸付け制度。本来は貧民を救済するためのものだったが、奈良時代以降は一種の税として諸国の財源となった。,出挙（すいこ）,
律令時代において禁止された行為で、本籍地から不法に離れて他所へ行くこと。本籍地から不法に離れて行方不明になることは「逃亡」と呼んで区別した。,浮浪,
律令時代において、課役などを逃れるために官の許可を得ずに出家した僧尼のこと。,私度僧,
古代の日本において租庸調などの貢納物を京まで運んだ人夫。往復の食料は自己負担だったため、帰国の途中で餓死する者もいた。,運脚,
律令制において、皇居や都などの警備を担当した兵士のこと。九州などの辺境整備にあたった兵士のことは「防人」と呼ぶ。,衛士（えじ）,
上代に都防衛のために設けられた3つの関所。伊勢の鈴鹿の関、美濃の不破の関、越前の愛発関。,三関,
奈良時代の外交官。矢田部某とともに最後の遣隋使を務めたほか、最初の遣唐使にもなった。,犬上御田鍬,
小倉百人一首に収められた和歌「天の原ふりさけみれば春日なる三笠の山に出でし月かも」を詠んだことでも知られる、遣唐使として玄宗皇帝に仕えるも、ついに帰国することなく客死した奈良時代の官僚は誰でしょう？,阿倍仲麻呂,
夫婦が結婚後も別居し、夫が妻の家を訪れることにより関係が維持される婚姻様式。鎌倉時代に入るまでは主流だった。,妻問婚,
聖武天皇の時代に貴族を中心として栄えた、『万葉集』や正倉院の宝物などに代表される仏教的な文化。,天平文化,
恵美押勝の乱後に称徳天皇が納めさせた三重の小塔。その陀羅尼は世界最古の印刷物とされる。,百万塔,
世界最大級の木造建築。日本三戒壇の一つにも数えられる華厳宗の総本山で、毎年3月に行われるお水取りでよく知られる。,東大寺,
奈良時代に盛行した、粘土を用いて作る彫像のこと。漆を用いて作るものは「乾漆造」と呼んで区別した。,塑像,
奈良時代末期に石上宅嗣が作った日本最初の公開図書館。,芸亭,
神代から推古天皇の治世までが記されている、日本最古の歴史書。稗田阿礼が諳誦した帝紀と旧辞を太安万侶が記録して作られた。,古事記,
古代において作られた歴史書『日本書紀』『続日本紀』『日本後紀』『続日本後紀』『日本文徳天皇実録』『日本三代実録』の総称。,六国史,
713年に元明天皇の命を受けて諸国が作成した、その地方の文化などを記した書物。常陸、出雲、播磨、豊後、肥前の5つが現存する。,風土記,
瀬戸内海などに多く分布するカニ。甲の人面模様が亡霊によるという伝説から名前がつけられた。,ヘイケガニ,
万葉集の編纂に携わったことでも知られる三十六歌仙の一人。小倉百人一首に収められた和歌「鵲の渡せる橋におく霜の白きを見れば夜ぞ更けにける」を詠んだ。没後に藤原種継の暗殺事件に連座して追罰されるなど、政治面では不遇だった。,大伴家持,
貧乏生活の苦しさを歌った「貧窮問答歌」で有名な万葉歌人。大宰府において大伴旅人らとともに筑紫歌壇を形成した。,山上憶良,
柿本人麻呂とともに歌聖と仰がれた三十六歌仙。小倉百人一首に収められた和歌「田子の浦にうち出でてみれば白妙の冨士の高嶺に雪は降りつつ」を詠んだ。「山柿の門」の山が差している人物とされる。,山部赤人,
奈良時代から平安時代にかけて北海道などで作られた土器。続縄文土器と土師器が接触して生じたものと考えられている。,擦文土器,
第50代天皇。長岡京遷都の後、794年に平安京へ遷都した。また、勘解由使を設置したり坂上田村麻呂を東北地方に派遣したりするなど、律令国家の強化をはかった。,桓武天皇,
878年、朝廷に帰属していた俘囚らが地方官の強圧政策に対して起こした大規模反乱。「俘囚の乱」とも。,元慶の乱,
桓武天皇によって設置された令外官。国司などの新任者が無事に事務を引き継いだことを証明する解由状の審査を行った。,勘解由使,
桓武天皇の弟。藤原種継とともに長岡京造営にあたったが次第に険悪になり、親王の役所に仕える者らが種継を暗殺したため、それに連座して死去した。怨霊を恐れた桓武天皇によって崇道天皇の号がおくられた。,早良親王,
生前帝位につかなかったもののその死後に天皇の号を贈られた皇親のこと。春日宮天皇や崇道天皇（桓武天皇の弟）など。春日宮天皇は光仁天皇の父で、草壁皇子らとの融和を誓っていた。,追尊天皇,
征夷大将軍に任命された初めての人物、副将の坂上田村麻呂らとともに蝦夷征伐を成功させた。,大伴弟麻呂,
平安時代の征夷大将軍。鎮守府を多賀城から胆沢城に移し阿弖流為らを降伏させるなど、蝦夷平定に大きな功績を残した。,坂上田村麻呂,
式家・藤原百川の長男。桓武天皇の面前で菅原道真と徳政相論を行い、平安京の造営と蝦夷征討の中止を進言した。,藤原緒嗣,
第51代天皇。上皇となって平城の旧宮に移った後も藤原仲成らの意見を取り入れて政治に介入し、「二所朝廷」と呼ばれる事態を引き起こした。,平城天皇,
第52代天皇。平城還都の議を起こした兄の平城天皇を制圧した。その後は淳和天皇に譲位するも、次の仁明天皇の時代まで上皇として権威を振るい、政治的安定期をもたらした。弘仁格式の編纂を再開させたことでも知られ、「三筆」の一人に数えられる。,嵯峨天皇,
都市中の巡検や無法者の逮捕などを行った令外官。薬子の変以後に治安維持の必要から設置された。のちに弾正台や刑部省などの仕事も吸収して強大な権力を持った。,検非違使,
天皇に近侍して機密文書の保管などを行った令外官。薬子の変に際して設置された。,蔵人,
平安時代の公卿。「内裏式」や「弘仁格式」を編纂したほか、娘の順子を仁明天皇と結婚させるなど藤原北家興隆の基礎を築いた。勧学院を創立したことや初代蔵人頭に任命されていたことでも知られる。,藤原冬嗣,
藤原種継の娘。平城上皇の寵愛を受けて尚侍となり、兄の仲成とともに上皇の重祚をはかるも嵯峨天皇の軍に鎮圧されて自殺した。,藤原薬子,
平安時代の公卿。薬子の変では上皇側に仕えていたために捕らえられたが、坂上田村麻呂の献言によって許され、翌年に征夷大将軍となって蝦夷の平定を完了した。,文室綿麻呂,
792年に制定された、軍団をほとんど廃止して新たに郡司や富裕者らの子弟を兵士として採用する制度。,健児（こんでい）の制,
平安時代に編集された3つの格式。弘仁格式、貞観格式、延喜格式。それぞれの格をまとめて再編集したものを「類聚三代格」という。,三大格式,
養老令の公的解釈を示した注釈書。淳和天皇の命により清原夏野らによって作成された。私撰の注釈書は「令集解」と呼ばれる。,令義解,
日本で初めて大師号を贈られたことでも知られる、天台宗の開祖。著書に大乗戒壇の設置を訴えた『顕戒論』がある。,最澄（伝教大師）,
真言宗の開祖。儒教や道教よりも仏教が優れていると論じた『三教指帰（さんごうしいき）』などの著書や、最澄にあてた『風信帖』で知られる。,空海（弘法大師）,
天台宗の密教のこと。真言宗の密教は東密と呼ばれる。,台密,
山門（延暦寺）派の祖として知られる、最澄の弟子。最後の遣唐使に加わって唐に渡り『入唐求法巡礼行記』を著し、868年には最澄と同じく初めて大師号を贈られている。,円仁（慈覚大師）,
円仁らと対立して下山し、園城寺を興して寺門派の祖となった僧。諡号で智証大師とも。,円珍,
お寺の中でも特に神社の中に設置されたもののこと。神仏習合を背景に奈良時代以降に見られるようになった。,神宮寺（宮寺）,
密教と山岳信仰が結びついて生まれた、役小角（えんのおづの）を開祖とする宗教。その行者は山伏とも呼ばれる。,修験道,
画像付き。イタリアの世界文化遺産。13~14世紀に全盛を誇った町。世界で最も美しい広場といわれるカンポ広場を中心に、シエナ大聖堂、ロマネスク様式・ゴシック様式のプッブリコ宮などが立ち並んでいる。,シエナの歴史地区,images/bot/siena.jpg
ハンガリーにある世界文化遺産。建国1000年を記念して1896年に建設されたヨーロッパ最初の地下鉄が走っている。「ドナウの真珠」とも呼ばれる町の美しさや、東西ヨーロッパの狭間で翻弄された栄光と苦難の歴史を刻む建造物の文化的価値が評価されて、世界遺産に登録された。,ブダペストのドナウ河岸とブダ城地区およびアンドラーシ通り,
ルーマニアの世界文化遺産。12世紀末に、ゲルマン系のザクセン人の職人や商人によって建設され、数世紀にわたって繁栄した。吸血鬼「ドラキュラ」のモデルとなった「ヴラド3世」の生家が残されている。,シギショアラの歴史地区,
ポルトガルの世界文化遺産。同国第2の都市で、18世紀にポルト港からイギリスに向けて盛んに特産ワインが輸出され、「ポートワイン」と呼ばれて有名になった。,ポルト歴史地区,
ラトビアの世界文化遺産。ロマネスク、ゴシック、バロックなど、さまざまな建築様式が見られる。,リガの歴史地区,
クロアチアの世界文化遺産。アドリア海に面した港町で、その町並みの美しさから「アドリア海の真珠」と形容されている。,ドゥブロヴニクの旧市街,
ロシアの世界文化遺産。イワン大帝が市街地を広場として整理させたのが起源といわれている。以後、モスクワ大公国からロシア帝国、ソビエト連邦、そして今日のロシアまで、重要な国家行事を行う広場として使われている。ロシア革命を主導したレーニンの遺体が安置されたレーニン廟がある。,モスクワのクレムリンと赤の広場,
中国の世界文化遺産。福建省廈門（アモイ）市沖に浮かぶ島で、コロンス島とも呼ばれる。アヘン戦争後に締結された南京条約で開港されると、外国人居留地として発展した。,鼓浪嶼（コロンショ）：歴史的共同租界,
画像付き。マリ共和国の世界文化遺産。14～16世紀に栄えたマリ帝国、ソンガイ帝国がイスラム商人との交易を行う拠点として発展した。,ジェンネ旧市街,images/bot/djen.jpg
「ー喉（インコウ）」「ー下（エンゲ、エンカ）」「ーむ（のむ）」「ー（のど）」,咽,
「ー戚（インセキ）」「婚（コンイン）」,姻,
「ー（たね）」「ー裔（インエイ）」,胤,
「ー蓐（インジョク）」「ー（しとね）」,茵,
「ー（かず）」「ー数（インズウ）」,員,
「ーん（さかん）」「ー賑（インシン）」,殷,
「ー（みみず）」「蚯ー（キュウイン）」,蚓（音読みがインなら螾）,
「ーら（みだら）」「ー乱（）」「ー雨（インウ）」,淫（前二つは婬でも可）,
「ーぐ（ふさぐ）」「ー滅（インメツ）」「ーむ（しずむ）」,湮（前二つは堙でも可）,
複素数を拡張したもので四つの単位１，i，j，kをもち，a，b，c，dを実数としてa＋bi＋cj＋dkの形で表される。i^2＝j^2＝k^2＝−１，ij＝−ji＝k，jk＝−kj＝i，ki＝−ik＝jが成り立つ。アイルランドの数学者ハミルトンによって発見された。,四元数,
動きのある物体に関するデータを取り込んで、デジタル化するための手法や装置のこと。,モーションキャプチャー,
抽象代数学の概念の一つ。次の四つの性質を持つ。(1) 積もまた集合の要素になっている (2) 結合法則が成り立つ (3) 単位元が存在する(4) 逆元が存在する。,群,
数学で、交換法則を満たす群のこと。,アーベル（可換）群,
偶然によるものではない誤差のこと。測定器の補正不足や目盛りの読み方による差異など。,系統誤差,
旧来は偶然誤差と呼ばれた概念。最も信用できる推定値の存在する範囲を表す。,計測の不確かさ,
真の値に対する誤差の割合。誤差の絶対値を測定値で割って得られる。,相対誤差,
母集団から無作為にn個の標本を抽出することで得られる標本平均の分布は、nが大きくなるにしたがって、正規分布に近づくという定理。すなわち、母集団の確率分布によらず、同じ平均と分散で表される正規分布で近似できることを示す。,中心極限定理,
対象に数値を対応させる規則およびその規則によって与えられる数値。性別などの名義、好みの順番などの順序、気温などの間隔、身長などの比率の4水準がある。,尺度,
度数分布表やヒストグラムを作成するときに階級の数を決定する目安を得られる公式。nをサンプルサイズ、kを階級数とすると、k=log2(N)+1 で表される。,スタージェスの公式,
組のデータの、中心的な分布傾向を表す直線のこと。散布図に引いて、将来的な値の予測に利用する。最小二乗法によって求められる。,回帰直線,
回帰分析において、複数の変数の相関関係を表す回帰式が、実測値をどの程度よく説明できているかを示す指標。重相関係数の2乗に等しい。(回帰直線による残差平方和)/(最単純モデルによる残差平方和)を1から引くことによって求められる。0から1までの値をとり、1に近いほど精度が高い,決定係数,
所得分布の不平等度を示すものとされる曲線。社会がn人で構成されるとし、それぞれの所得を低いほうから高いほうへ順に並べる。図の横軸に低所得者のほうから順に累積人員比率をとり、縦軸に対応する所得額の累積比率をとって、両者の対応点を順次に結んでいくと、nが大となるにつれて図のような弓型の曲線が描かれる。,ローレンツ曲線,
所得や資産の不平等あるいは格差をはかるための尺度の一つ。ローレンツ曲線と45°線に囲まれた部分の面積の、45°線と軸からなる三角形に占める割合に相当する。0以上1以下の値を取り、値が大きいほど不平等であることを示す。,ジニ係数,
消費者物価指数や企業物価指数などの算出に用いられる指数。基準時に購入したのと同じ数量を調査時に購入した場合の価格の変化を比較する。また、地方公務員と国家公務員の給料水準を表す際にも用いられる。,ラスパイレス指数,
統計の手法の一。一定期間の間隔を定め、その間隔内の平均値を連続して計算することによって趨勢すうせい的な動向を知ろうとするもの。変動の激しい株価や季節的な変動のみられるデパートの売上高の動きなどをみるのに利用される。,移動平均,
ある変数の系列中において、個々の変数値が一定間隔を置いて相互に関連をもつこと。今年のグラフと去年のグラフを比較する際などに参考にする。,自己相関,
自己相関係数の値を棒グラフによって示したもの。,コレログラム,
n 個の確率変数 (X1，X2，…，Xn) を別個独立にでなく，ベクトルとして考えるとき，このベクトルが有する確率分布のこと。,同時確率分布,
サイコロを振るような独立な試行をn回繰り返すこと。,ベルヌーイ試行,
確率密度分布の一つで，交通事故のように1人あたりとしてはきわめてまれな現象を，比較的広い範囲で長い時間にわたって観測するときに見られるもの。イベントが起きる回数Xを確率変数としたとき、λをその平均値として、Pr(X)＝e^(-λ)・λ^k/k!　(X＝k＝0，1，2，…) の形で表される。二項分布の試行回数を無限に飛ばすことで導出できる。,ポアソン分布,
ベルヌーイ試行を繰り返して初めて成功させるまでの試行回数 X の分布。その期待値は成功確率の逆数になる。,幾何分布,
平均値がμ、標準偏差がσの正規分布に従う確率変数Xに対して、Z=(X-μ)/σのスケール変換を行うこと。平均値が0、標準偏差が1になるので便利。,正規分布の標準化,
ある事象 A の起る確率 p が，毎回の試行で一定値を示す場合，独立試行の回数 n を十分大きくすると，事象 A の起る回数 r と n との比，すなわち n 回の独立試行で A が起きた相対度数 r/n は，確率 p にほぼ等しくなる、という法則。,大数の法則,
正の値のみをとる数値の集団について，標準偏差を平均値で割った値のこと。平均値に対するデータとばらつきの関係を相対的に評価するための値。,変動係数,
放射状に数値軸を配し、各項目の数量の値を線で結んだ多角形のグラフ。,レーダーチャート,
データの値そのものを用いて作成するヒストグラムに似た図のこと。二桁の数字からなるデータの集合について、十の位ごとにデータを分類し、その右に一の位のみを示した数字を羅列して表にまとめるような類。,幹葉表示,
正三角形の垂線を利用して、項目の重要度や使用頻度などを表すグラフ。,三角グラフ,
確率論における重要定理の一つ。条件付き確率P(B|A)からP(A|B)を求めたいとき（病気の検査精度）などに用いる。P(A|B)=(P(Ai)*P(B|Ai))/ΣP(Ai)*P(B|Ai),ベイズの定理,
連続型確率分布において、確率変数Xが区間 [a，b] 内の値をとる確率を Pr(a＜X＜b) とするとき，これが，ある関数 f(x) の区間［ a ，b ］での定積分で表わされる場合の、関数f(x)のこと。,確率密度関数,
離散的 (型) 確率分布の一つ。N個からなる集団が2つの性質をもつときに、各集団がM個、N－M個であるとする。ここからn個を取り出すときに、M個の中からm個が取り出される場合の、確率分布のこと。,超幾何分布,
ランダムなイベントの発生間隔を表す分布。その確率密度変数は、イベントが次に起こるまでの発生間隔Xを確率変数、μをその平均値としたとき、f(x)=exp(-x/μ)/μと表される。,指数分布,
統計調査にあたり、対象とする集団に含まれる個々の単位を一つ残らず調べる調査方法。,全数調査,
曝露された環境の違いのために，二世代またはそれ以上の世代の間に，ある疾患の出現率に差異が認められる現象。,コホート効果,
対象とする疾病の人とそうでない人を比較研究すること．結果の有無つまり対象となる集団を患者･正常者にわけて，患者群で原因が多量または頻繁に関与しているかどうかを調べる方法である。,後ろ向き（患者対照）研究,
疫学で使われる調査の方法の一つ．被験者を暴露がある集団と暴露がない集団に分けて，調査開始時点から時間の経過とともにデータを集める方法。,前向き研究,
母集団の分散を推定するために、標本分散の分母をNからN-1に補正した値。,不偏分散,
標本平均の分布の標準偏差。通常と同じように計算した標準偏差をデータ数の平方根で割ることで算出される。平均値のばらつきを表す。,標準誤差,
二つの正反対の意味を生む言葉のことで、ローマ神話の神ヤヌスが正反対を向く二つの顔を持っていることからJanus-faced wordとも言われる。例としては見えると見えないの意味のout。Stars are out tonight.とThe lights in that house are always out.の文中で、太陽、月、星が出ている(out)時には見えると言う意味と、明かりが消える(out)と見えないという意味を持つ。,コントロニム,
母集団の従う分布が正規分布であると仮定できるときに、標本から得られた値を使ってある区間でもって母平均などの母数を推定する方法。標準正規分布表において、母平均の95%信頼区間は-1.96以上1.96以下。,区間推定,
母集団の分散が未知の場合に，標本平均から母平均を推定するために用いられる分布。スチューデント分布とも。標本平均をx、母平均をμ、不偏分散をs、サンプル数をnとしたとき、（x-μ)/sqrt(s/n)の分布になる。,t分布,
ある行列に対して、行の基本変形を繰り返し行い、階段行列に変形する際に利用する一連の操作のこと。,掃き出し法（ガウスの消去法）,
連立一次方程式の解の公式。その係数から作られる正方行列の行列式を使って求める。,クラメルの公式,
3次の行列式の展開式を求める方法。各要素に斜線を引く。,サラスの方法,
"n次の正方行列のi行目とj列目を取っ払って,残った部分を詰めて作ったn-1次の正方行列の行列式に、(-1)^(i+j)をかけた値。これにi行j列の要素をかけたものを足し合わせると、元の行列の行列式を求めることができる。どこかの要素が0になっている場合などに有用で、上三角行列の場合には対角成分をかけ合わせるだけで行列式が求まる。",余因子,
行列を与えたとき、それによって定まる空間から空間への写像のこと。,一次（線形）変換,
n 次の正方行列 A＝(aij) において，主対角線上の要素がすべて 1で，その他はすべて 0であるもの。,単位行列,
数学で、逆行列をもつ行列。 行列式の値が零ではない正方行列を指す。,正則行列,
m 行 n 列の行列 A＝(aij)(i＝1，2，…，m;j＝1，2，…，n) に対して，bji＝aij であるような n 行 m 列 ( A の行と列を入替えた) の行列 B＝(bji) のこと。,転置行列,
行列Aについて、Aの列ベクトルもしくは行ベクトルの線形独立な最大個数。全空間を何次元の空間へと変換することになる行列であるかを表す。,ランク（階数）,
直交座標を含む斜交座標。交わる二つの数直線上の数で、平面上の一点の位置を表す。特に直交座標を指す。,デカルト座標,
行列 A による一次写像 y＝AX により，0でないあるベクトル X が単に そのλ 倍として作用するときの、このλ のこと。,固有値,
"与えられた正方行列Aに対して、その固有ベクトルを並べた正則行列Pを使って,P^-1APを行うことで、固有値を並べた対角行列を作ること。",対角化,
対角化できない正方行列Aを対角化しようとしたときにできる、対角行列に似た形の行列のこと。対角行列を含む場合もある。,ジョルダン標準形,
"二次式で表されるf(x,y)などについて、xyの項がなくなるように標準化すること。直交行列を用いて、その係数からなる行列を対角化するとできる。",主軸変換,
正方行列Pについて、その転置が自身と等しいもののこと。,対称行列,
"与えられた一次独立なベクトルa1,a2,a3……から、正規直交系e1,e2,e3……を作る方法。",グラム・シュミットの直交化法,
集合に関して　2つの集合 A ，B に対して，a∈A ，b∈B であるあらゆる a ，b の組 (a，b) によってつくられる集合。,直積,
W1∩W2={0}であるときの和空間W1+W2のこと。,直和,
集合Ｍから集合Ｎへの写像で、値域が集合Ｎと一致し、かつ、集合Ｍの異なる二つの要素に集合Ｎの異なる要素が対応するもの。,全単射,
線形写像fによって相手の集合の零元（ゼロベクトル）へと飛んでしまうような元の集まり。,核,
行列Aについて、それを転置してさらに複素共役を取った行列Bのこと。物理ではエルミート演算子などによって表現される。また、AとBが等しい場合、これをエルミート行列と呼ぶ。,随伴行列,
"量子力学でよく用いられる記法の一つ。二つのベクトルx,yを〈x|と|y〉（その内積である〈x|y〉=tx*yを分割している）として表すもの。",ブラケット記法,
"「互いに直交するような,長さが 1 の複素ベクトル」を縦ベクトルとして並べて作った行列。ある行列Uについて、tU*=U-1が成り立つときにいう。",ユニタリ行列,
ある行列Aの随伴行列をA*としたとき、AA*=A*Aが成り立つようなAのこと。,正規行列,
フランスの世界文化遺産。シテ島のノートルダム大聖堂やルーブル美術館、オルセー美術館、エッフェル塔などが含まれる。,パリのセーヌ河岸,
スイスの世界文化遺産。17世紀頃から現在まで繁栄を続けている時計産業の中心地で、ジラール・ペルゴ、タグ・ホイヤーなどの本社のほか、世界最大といわれる国際時計博物館があり、近代建築の父といわれるル・コルビュジエの故郷としても知られる。,ラ-ショー-ド-フォン／ル-ロクル、時計製造の町,
フランスの世界文化遺産。第二次世界大戦においてヨーロッパで最大級の被害を受けた都市。終戦後、「コンクリートの父」とも呼ばれる建築家オーギュスト・ペレによって近代都市に生まれ変わった。,ルアーブル、オーギュスト＝ペレによる再建都市,
「ー石（インセキ）」「ーちる（おちる）」,隕,
「ー懃（インギン）」,慇,
「ーぬ（しぬ）」「ーちる（おちる）」,殞,
「均整がとれて美しいさま」を表す、音読みが「イン」の漢字。,贇,
「ー（ひびき）」「ー致（インチ）」,韻,
「ーに（ここに）」「ー役（ウエキ）」,于,
「ー遠（ウエン）」「ー闊（ウカツ）」,迂,
「ー蘭盆（うらぼん）」「ー（はち）」,盂,
「ー行舜趨（ウコウシュンスウ）」「舜ー（シュンウ）」,禹,
「ー余曲折（ウヨキョクセツ）」「ーがる（まがる）」,紆,
「ーむ（かがむ）」「ー僂（ウル、ウロウ、せむし）」,傴,
「ー（むしば）」「ー蝕症（ウショクショウ）」,齲,
「ー香（ウイキョウ）」,茴,
「ー（あさり、うぐい）」,鯏（「うぐい」だけなら鯎）,
「ー（あさり）」「蛤ー（コウリ）」,蜊,
独立に標準正規分布に従うk個の確率変数Xkの二乗和に従う分布のこと。自由度はk。母分散の区間推定などに用いられる。,カイ二乗分布,
仮説検定でその当否を検定しようとする仮説。否定されることを期待する形で提出されるところからいう。これに対して、示したい仮説のことは対立仮説と呼ぶ。これを棄却するための基準となる確率は有意水準。,帰無仮説,
統計的仮説検定において，仮説が真であるのに，これを偽りであるとして棄却し，対立する仮説をとってしまうという誤り。偽陽性とも。,第1種の過誤,
二つの変量に影響を及ぼす第3の変量ｚが存在する場合の，二つの変量の両方からｚの影響を取り除いた後の相関係数のこと。,偏相関係数,
関心の対象となっている変数群を，説明や予測をするための説明変数と，その基準となる従属変数に分け，両者の間に統計モデルを設定し，その間の関係を推論する手法。,回帰分析,
定性的，属性的なデータを数値データに変換した変数。通常は0か1の値をとり、重回帰分析などで用いられる。,ダミー変数,
"三次元空間における座標系の一種で、平面上の極座標とその平面の法線方向の座標とを組み合わせたもの。x=rcosθ,y=rsinθ,z=zで各成分を表す。",円柱（円筒）座標,
関数行列式とも。δyi/δxjをij成分とする行列の行列式。変換の拡大率を表し、その絶対値は重積分の変数変換で用いられる。,ヤコビアン,
zを変数とする冪級数について、|z|<|z0|である全てのzで収束するときの|z0|の上界のこと。ダランベールの判定法などによって求める。,収束半径,
 数学で、各項の逆数が等差数列をなすような級数。,調和級数,
「π/4=1-1/3+1/5-1/7……」の形で表される交項級数。,グレゴリーの級数,
無限級数について、級数の項の順序を変えると，収束しなくなったり，和が変わったりすること。各項の絶対値を取っても収束する絶対収束などについて言う。,条件収束,
"ベクトル解析において、スカラーを返すU(x,y,z)をx,y,zでそれぞれ偏微分したものを並べたベクトルのこと。∇で表されることが多い。これとベクトルAとの内積は湧き出し（発散、div）に、外積は回転（rot）になる。",勾配（グラーディエント）,
スペインの世界文化遺産。11~12世紀のロマネスク様式の聖堂で、「栄光の門」と呼ばれる正面門が有名。バチカン、エルサレムと並んでキリスト教三大巡礼地の一つにも数えられる。その名前は聖ヤコブ（スペイン名サンティアゴ）の墓地であるところから。これに至る巡礼路も、フランスのものとスペインのものでそれぞれ世界遺産に登録されている。,サンティアゴデコンポステーラ,
国全体が世界文化遺産に登録されている唯一の国。ペテロの墓所に立つサン・ピエトロ大聖堂をはじめとして、カトリック教会の総本山として有名。,バチカン市国,
パレスチナ第一号になった世界文化遺産。イエス・キリストが生まれたという洞窟（馬小屋として使われた）の上に築かれた教会をその起源とする。,イエス生誕の地 : ベツレヘムの聖誕教会と巡礼路,
イタリアの世界文化遺産。15世紀半ばに建設されたドミニコ会の修道院で、その食堂壁面には、レオナルド・ダ・ヴィンチ唯一の壁画作品が残されている。,ミラノのサンタ・マリア・デッレ・グラツィエ教会とレオナルド・ダ・ヴィンチの『最後の晩餐』,
フランスの世界文化遺産。「聖ミカエルの山」として崇められる、ベネディクト会の修道院。フランス革命後は監獄に転用されて「海のバスティーユ」と恐れられた。,モン・サン・ミシェルとその湾,
画像付き。ギリシャの世界複合遺産。林立する尖塔状の岩塊の上に建てられた修道院。ギリシア語で「中空に浮いた」という意味の名前を持つ。,メテオラの修道院群,images/bot/meteora.jpg