愛多ければ「」至る,愛多ければ憎しみ至る,特別に可愛がられることが多ければ、それを妬み憎む者が必ずいるということ。
「」に鍔,匕首に鍔,釣りあわない物、ふさわしくない物のたとえ。「匕首」は鍔のない短刀のこと。「鍔」は刀の柄と刀身の間にあり拳を防御する金具。匕首に鍔をつけても不似合いなことから。
「」井目,相碁井目,実力には人それぞれ差があり、何をするにも差ができることを囲碁の腕前にたとえたもの。
「」は時の氏神,挨拶は時の氏神,争いごとの仲裁をしてくれる人は氏神様のようにありがたいものなので、その仲裁に従うのがよいということ。 「挨拶」は仲裁の意味。 
愛してその「」を知り、憎みてその善を知る,愛してその悪を知り、憎みてその善を知る,愛や憎しみのために理性を曇らせず、物事の善悪を冷静に判断すること。
「」も小想も尽き果てる,愛想も小想も尽き果てる,愛情や好意がすっかりなくなり、いやになってしまうこと。
「」の切れ目が縁の切れ目,金の切れ目が縁の切れ目,金がある時はちやほやされるが、金がなくなると相手にされず関係が切れるということ。
相手のさする「」,相手のさする功名,相手の力が弱かったり、やり方が劣っていたために、思わぬ手柄を立てることのたとえ。
相手のない「」はできぬ,相手のない喧嘩はできぬ,受けて立つ者がいなければ喧嘩は成り立たないから、喧嘩を売られても相手にするなというおしえ。
「」は小出しにせよ,愛は小出しにせよ,人を愛する時は、少しずつ長く続けるのがよいということ。
愛は「」の始め,愛は憎しみの始め,愛と憎しみは紙一重で、一歩間違えば愛情は憎悪に変わってしまう。愛情にも節度が必要だということ。
「」離苦,愛別離苦,仏教の八苦の一つで、親子や兄弟、夫婦などの愛する人との生別または死別することの悲しみや苦しみのこと。
逢い戻りは「」の味,逢い戻りは鴨の味,一度別れた男女の仲が元に戻ると、その仲は前にもましてむつまじくなるということ。
敢えて主とならず「」となる,敢えて主とならず客となる,自分が中心にならずに受身でいるほうが無難だということ。
会えば「」の損がゆく,会えば五厘の損がゆく,人との交際は何かと出費があり損をするということ。
仰いで「」に愧じず,仰いで天に愧じず,天を仰ぎ見ても恥ずかしくないほど、心も行いも何らやましいことがないこと。
青柿が「」弔う,青柿が熟柿弔う,人間はいつか必ず死ぬのだから、弔う者も弔われる者も大差ないというたとえ。まだ青い柿が、熟して地面に落ちた柿を弔うが、青柿もやがては熟柿になることから。
青田と「」はほめられぬ,青田と赤子はほめられぬ,まだ実らないうちの稲のできばえはあてにならない。 同じように、人間も子供の頃の才能は成長しなければわからないということ。
「」は目の薬,青葉は目の薬,青葉のみずみずしい緑色を見ると目の疲れが癒されるということ。
「」を叩いた者にはかなわぬ,青表紙を叩いた者にはかなわぬ,きちんと学問に励んだ者にはかなわないというたとえ。「青表紙」は青い表紙を多く用いた四書五経などの経書のこと。
「」が狐を追う,赤犬が狐を追う,追うものと追われるものとの区別がつかない。優劣や善悪など、判然と区別しにくいものにたとえる。
赤子のうちは「」に似る,赤子のうちは七国七里の者に似る,赤ん坊ははっきりした特長がないので、似てると思って見ればあちこちの誰にでも似て見えるということ。「七国七里」は諸所方々のこと。
赤子を「」にしたよう,赤子を裸にしたよう,無力で弱い者をさらに頼りなくしたようす。
「」知らずの宵枕,暁知らずの宵枕,宵は早くから床につき、麻は遅くまで寝ていること。
「」で死んだ者はない,垢で死んだ者はない,風呂に入らなければ垢がたまって不潔だがそれが原因で死んだ人はいない。風呂嫌いの言い訳、または風呂嫌いに対する皮肉の言葉として使われる。
明るけりゃ「」だと思う,明るけりゃ月夜だと思う,考え方が単純で現実を知らないことのたとえ。外が明るいとすべて月夜だと思う意から。
毛を吹いて「」を求む,毛を吹いて疵を求む,毛を吹き分けて隠れた疵を探し出すように、人の欠点をむりに探し出すことをいう。
秋荒れ「」,秋荒れ半作,秋に天候が荒れると、作物の収穫は半減するということ。
「」は音が高い,空樽は音が高い,中身のない人間ほど得意そうにしゃべりたてるというたとえ。空の樽は叩くと高い音が出ることから。
商いは牛の「」,商いは牛の涎,商売のこつは牛のよだれのように細く長く切れ目なく、気長に辛抱して続けることだということ。
商いは「」でこなせ,商いは数でこなせ,商売のこつは薄利多売だということ。
秋の入り日と「」はだんだん落ち目が早くなる,秋の入り日と年寄りはだんだん落ち目が早くなる,年を取れば取るほど衰えるのが早くなる。
「」の扇,秋の扇,男性の愛を失った女性のたとえ。夏に重宝された扇も秋には必要なくなることから。
秋の鹿は「」に寄る,秋の鹿は笛に寄る,恋のために身を滅ぼすことのたとえ。また、弱みにつけこまれて危険な目に遭うことのたとえ。秋の発情期、雌鹿の鳴き声に似た笛に雄鹿がおびき寄せられて、人間に捕らえられることから。
秋の日と「」はくれぬようでくれる,秋の日と娘の子はくれぬようでくれる,秋の日は暮れないようでいて急に暮れるように、大事にされてきた娘も、嫁にくれないように見えて案外簡単にくれるものだということ。
秋の日は「」落とし,秋の日は釣瓶落とし,秋の日が急速に暮れていくようす。秋の日が、井戸の中へ釣瓶が垂直に速く落ちるように暮れていく意から。
「」山から火事,秋葉山から火事,人を戒める指導的立場の者が、自ら過ちを犯してしまうたとえ。「秋葉山」は火災除けの神を祭る静岡県の秋葉神社のこと。
「」で声嗄らす,空き家で声嗄らす,努力しても報われないことのたとえ。空き家で大声で案内を求めても返事がないことから。
「」は心の養生,諦めは心の養生,失敗や不運をくよくよ考えるより、きっぱり諦めたほうが精神的に良いということ。
空き家の「」,空き家の雪隠,返事がない、応答がないことのたとえ。「雪隠」は便所のことで、空き家では使う人がないから「肥えなし」でそれを「声なし」にかけたしゃれ。
「」と屏風は直ぐには立たぬ,商人と屏風は直ぐには立たぬ,屏風をまっ直ぐに立てようとすれば倒れてしまう。商人も自分の感情を抑え、客の意向を迎えねば世渡りはできないというたとえ。
「」の空誓文,商人の空誓文,商人の言動には駆け引きが多くて信用しがたいことをいう。
商人は木の葉も「」に飾る,商人は木の葉も錦に飾る,一見してつまらなそうな品物でも、あたかも高価な品であるかのように見せて、商人は売りつけようとする。これも商人の腕しだいというたとえ。
「」悪果,悪因悪果,悪いことをすると必ず悪い報いがある。
「」契り深し,悪縁契り深し,悪い縁ほど結びつきが強く断ち切りにくいということ。
「」は百年の不作,悪妻は百年の不作,悪い妻は夫を一生不幸にするということ。 
「」の気よし,悪性の気よし,浮気や道楽をする者には気の良い者が多い。
「」の深情け,悪女の深情け,器量の悪い女性ほど愛情や嫉妬心が強いということ。「悪女」は心の悪い女の意ではなく不器量な女のこと。 
悪女は「」を疎む,悪女は鏡を疎む,器量の悪い女性が鏡に向かうのを嫌がるように、人間は自分の欠点に触れるのを嫌がるということ。「悪女」は不器量な女のこと。
「」に従うは崩るるが如し,悪に従うは崩るるが如し,悪を行うのは、ものが崩れ落ちるようにたやすいことであるということ。
悪の「」は善,悪の裏は善,悪いことのあとにはいいことが起きるということ。善と悪とは表と裏で、悪いことばかりも続かないし、いいことばかりも続かないということ。一の裏は六。
悪の報いは「」,悪の報いは針の先,悪事の報いは、針の先を回るほど早くやってくるということ。
「」吐哺,握髪吐哺,熱心にすぐれた人材を探し求めることのたとえ。 「握髪」は髪を握ること。 「吐哺」は食べ物を吐き出すこと。 春秋時代、周公旦は食事中でも食べ物を吐き出し、入浴中でも濡れた髪を握って、面接を求める人にはすぐに面会して、すぐれた人材の登用に努めたという故事から。 
「」は延べよ,悪は延べよ,悪事をはたらかなければならないなら、できるだけ延期したほうがよい。その間に事情が変わって実行しないですむかもしれないということ。
「」盗泉,悪木盗泉,困窮したとしても人としての道理を外れた行いはしないこと。または、悪事に近づかないこと。「悪木」はとげやにおいがあり人を困らせる悪い木、「盗泉」は泉の名前で、孔子が名前を嫌い喉が渇いていても水を飲まなかった泉。
「」据え膳,上げ膳据え膳,自分では何もしないで、すべて人にしてもらうことのたとえ。「上げ膳」は食事が済んで膳を下げること。「据え膳」は食膳を人の前に整えること。
「」が干上がる,顎が干上がる,収入がなくなり生活に困るようす。
「」が浦に引く網,阿漕が浦に引く網,人に隠れて行う事も、度重なると人に知られてしまうということのたとえ。 「阿漕が浦」は三重県津市東部の海岸で、伊勢神宮に奉納する魚を捕るため一般人は禁猟区であったが、ある漁夫がたびたび密漁を行い捕らえられたということから。
「」振り三年,顎振り三年,技量を身に付けるまでには長い年月がかかるということ。尺八は、顎を振って微妙な音を出すこつを会得するまでに三年かかることから。
朝雨は「」の腕まくり,朝雨は女の腕まくり,女が腕まくりしていくら力んで見せても、すぐにへたばってしまう。同じように、朝降る雨は、じきに上がるから恐れるに足りないことをいう。
「」の花一時,朝顔の花一時,物事の盛りが短く、はかないことのたとえ。朝咲いた朝顔の花が昼を待たずにしぼんでしまうことから。
「」に目鼻をつけたよう,麻殻に目鼻をつけたよう,とても痩せた男性の形容。 長くて折れやすい麻殻に目鼻をつけたような男性のことから。
朝酒は「」を売っても飲め,朝酒は門田を売っても飲め,朝酒は格別おいしいので、少々無理をしてでも飲むべきだということ。「門田」は家の門前にある田の意。
「」に徒波,浅瀬に徒波,思慮の浅い人間ほど、おしゃべりで些細なことで騒ぎ立てるということ。「徒波」は「仇波」とも書き、浅瀬が徒にさざ波を立てる意から。
朝題目に宵「」,朝題目に宵念仏,しっかりとした考えをもたないことのたとえ。 朝は日蓮宗の南無妙法蓮華経の題目を唱え、夕方は浄土宗の南無阿弥陀仏の念仏を唱えることから。 
朝の果物は「」,朝の果物は金,朝食べる果物は、胃腸の働きをよくし、体の目覚めを促すため、健康によいということ。
朝のぴっかり「」の笑い,朝のぴっかり姑の笑い,当てにならないことのたとえ。 朝さんさんと日がさすよい天気と姑の笑顔は、変わりやすく当てにはできないという意味から。
「」の花も一盛り,薊の花も一盛り,誰でも年ごろになると、それなりの魅力が出てくるということ。 あまり好まれない薊の花も、美しい時期があることから。
「」の番,海驢の番,交代で寝て、不寝番を置くことのたとえ。海驢は用心深く、陸に上がって寝る時も必ず見張り役を置くことから。
朝に「」ありて夕べに白骨となる,朝に紅顔ありて夕べに白骨となる,無常のこの世では、人の生死は予測できないということ。 朝血色のよい顔をしていた人が、夕方には死んで白骨となるという意味から。
朝に「」を聞かば夕べに死すとも可なり,朝に道を聞かば夕べに死すとも可なり,朝に人の生きるべき道を悟ることができれば、その夕方に死んだとしてもかまわないということ。
朝に「」を謀らず,朝に夕べを謀らず,事態が切迫していて、余裕がないことのたとえ。 朝にその日の夕方のことを考えるゆとりがないという意味から。
足下から「」が立つ,足下から鳥が立つ,身近なところで、突然思いもかけないことが起きることのたとえ。また、急に思い立って物事を始めるようす。
足下に「」が付く,足下に火が付く,危険が身辺に近づいているたとえ。
明日ありと思う心の「」,明日ありと思う心の仇桜,いつ何が起こるかわからない、人生や世の中の無常をいった言葉。 桜の花が、明日も咲いているだろうと安心していると、夜中の嵐で散ってしまうかもしれないとの意から。 
「」の淵瀬,飛鳥川の淵瀬,世の中は激しく移り変わり、定まりがたいことのたとえ。 奈良県を流れている飛鳥川は、氾濫しやすく淵と瀬が絶えず移り変わるとの意から。 
明日知らぬ「」,明日知らぬ世,今日は無事に過ごせたとしても、明日のことはわからない。永久不変のものなど無いという、この世の無常をいうことば。
「」はまだ手つかず,明日はまだ手つかず,時間はじゅうぶんにあるから、慌てる事は無いということ。
あずり貧乏「」,あずり貧乏人宝,いくらあくせく働いても貧乏から抜け出すことができず、自分の稼ぎが他人の利益に貢献するだけであること。
遊びに「」なし,遊びに師なし,遊び事は、誰に教えられるでもなく自然に覚えてしまうものだということ。
「」に実は生らぬ,徒花に実は生らぬ,どんなに見かけがよくても、実質が伴わなくてはよい成果を上げることはできないということ。 「徒花」は、咲いても実を結ばずに散る花。 
頭押さえりゃ「」上がる,頭押さえりゃ尻上がる,両方うまくはいかないということ。頭を押さえれば尻が持ち上げるように、一方がうまくいけば、もう片方がうまくいかなくなるということから。
頭が動けば「」も動く,頭が動けば尾も動く,上に立つ者が行動すれば、下の者は自然と従うということ。 動物の頭と尾は一体で、頭が動けば当然尾も動くという意味から。
頭の上の「」を追え,頭の上の蠅を追え,他人のことをとやかく言ったり世話を焼いたりする前に、まずは自分自身のことを始末しなさい、という教え。
頭禿げても「」はやまぬ,頭禿げても浮気はやまぬ,年をとっても色気がなくならず、浮気心はおさまらないということ。
「」も情けも我が身より出る,仇も情けも我が身より出る,人から憎まれたり愛されたりするのは、自分の心がけや行いによるということ。
当たらぬ「」には刺されぬ,当たらぬ蜂には刺されぬ,自分から進んで危険なことやわざわいに近づいたりしなければ、無事であることのたとえ。
あって地獄、なくて「」,あって地獄、なくて極楽,金と子どもは、あれば苦労が絶えないので、むしろないほうが気が楽だということ。
熱火「」に払う,熱火子に払う,緊急事態には、利己心が醜く現れるというたとえ。 炎が自分に迫ってきた時は、炎を我が子の方へ払いのけてでも助かろうとするとの意から。 
当て事と「」は向こうから外れる,当て事と越中褌は向こうから外れる,当てにしていた事は相手の都合で外れることが多いことのたとえ。 
後の「」、先でする,後の喧嘩、先でする,あとからもめ事が起こらないように、事前によく話し合いをしておくべきだということ。 
侮る「」に倒さる,侮る葛に倒さる,相手を馬鹿にして、かえって思わぬ不覚をとることをいう。牝牛に腹突かる。
「」は身代の薬,姉女房は身代の薬,"意味	夫より年上の妻は家計のやりくりもうまく、夫に尽くすので、家庭が円満であるということ。"
姉は菅笠、妹とは「」,姉は菅笠、妹とは日傘,女性は嫁ぎ先しだいで、境遇に大きな差が出てくるということ。「菅笠」は農作業でかぶる笠。「日傘」は盛装などの時にさす日除けの傘。同じ家で育った姉妹でも、嫁ぎ先によって、菅笠をかぶってあくせく働いたり、日傘をさして優雅に出掛けたりと、違う境遇になるということから。
あの世の「」、この世の一日,あの世の千日、この世の一日,あの世の極楽で千日暮らすより、この世で一日でも楽しむほうがよいということ。
「」も靨,痘痕も靨,ひいき目で見ると、相手の欠点も長所に見えるということのたとえ。恋する者にとっては、相手のあばたも、かわいいえくぼに見えるというということから。
家鴨も「」の気位,家鴨も鴨の気位,"それほどでもない者が、高い気位を持っていることのたとえ。 
姿のよくない家鴨が、鴨の気位を持つことから。"
「」も一度は渡れ,危ない橋も一度は渡れ,安全な方策ばかりとっていたのでは、成功することはできない。時には危険を冒してやってみるのも必要だということ。
「」に水を注ぐよう,油紙に水を注ぐよう,他人の言うことを聞き入れず、取り合わないことのたとえ。
甘い物に「」がつく,甘い物に蟻がつく,"意味	甘い物に蟻が集まるように、利益にありつけそうなところには人が人が群がるということ。"
「」日柿,雨栗日柿,雨に恵まれた年は栗の出来がよく、日照りの多い年は柿がよく実るということ。
雨垂れは「」,雨垂れは三途の川,家から一歩出れば、どんな災難や危険が待ちかまえているかわからないということ。軒下から落ちる雨だれが、三途の川のように、あの世とこの世の堺だから、家から出たら十分注意せよという戒めのことば。
雨夜の「」,雨夜の月,想像するだけで、現実には見ることのできないもののたとえ。雨夜にも月はあるはずだが、目には見えないことから。
あまり「」はまろびやすし,あまり円きはまろびやすし,人柄があまり温和すぎるのもよしあしで、少しくらい角がないと人につけ込まれやすいということ。「まろぶ」は転ぶの意。
網、「」の魚を漏らす,網、呑舟の魚を漏らす,法の規制が及ばず、大悪人を取り逃がしてしまうことのたとえ。 網の目が粗いために、舟を呑み込むほどの大魚を逃がしてしまうことから。
網なくて「」を覗くな,網なくて淵を覗くな,十分な用意なしでは物事はうまくいかないというたとえ。また、努力もしないで人を妬んではいけないということ。網を持たずに淵を覗き込んでも、魚は捕れるわけがないという意味から。
網にかかるは「」ばかり,網にかかるは雑魚ばかり,悪事をはたらいても捕まるのは小物ばかりで、大物は巧みに逃げてなかなか捕まらないということ。
「」蝉噪,蛙鳴蝉噪,うるさいだけで役に立たない議論や、余計な表現が多い稚拙な文章のこと。 
吹く風「」を鳴らさず,吹く風枝を鳴らさず,世の中がよく治まり平和なようすのたとえ。
過ちて改めざる是を「」と謂う,過ちて改めざる是を過ちと謂う,人は過ちを犯したらすぐに反省して改めるべきであり、過ちを犯して改めようとしないことが本当の過ちであるということ。過ちては則ち改むるに憚ること勿れ。 
「」を文る,過ちを文る,過ちを取り繕うために、あれこれ言い訳をしてごまかそうとすること。「文る」は飾るで、取り繕うという意。
「」追従,阿諛追従,相手に気に入られるために、お世辞を言ったり相手の言うことに従ったりして機嫌を取ること。
待てば「」の日和あり,待てば海路の日和あり,今は思うようにいかなくても、じっと待てばそのうちにチャンスがめぐってくる。
ありそうでないのが「」,ありそうでないのが金,人の内情は外見からではわからない。ありそうに見えても、意外にないのが金だということ。
在りての厭い、亡くての「」,在りての厭い、亡くての偲び,生きている間は悪いところばかり目について疎ましかった人が、いざ亡くなってみると今度は良いところばかり思い出されて、恋しくなるということ。
「」の熊野参り,蟻の熊野参り,多くの人が、ひっきりなしにぞろぞろ列を作って行くこと。
ある時は「」の飯,ある時は米の飯,あとで困ると思いながらも、余裕のある時は贅沢や浪費をしてしまうということ。米の飯が貴重だった昔、特別な日に腹いっぱい米の飯を食べつくしてしまうことから。
あるは「」なり思うは成らず,あるは厭なり思うは成らず,ものごとが思うようにいかないこと。 自分を好きになってくれる相手は好きになれず、自分が思う相手はふりむいてくれないという意味から。
阿波に吹く風は「」にも吹く,阿波に吹く風は讃岐にも吹く,ある土地の風習は、他の土地にも移る。上の人の行いは、下の者も真似るようになるということ。また、どこの土地でも人情は変わらないということ。
「」辛苦,粒々辛苦,農夫が米を作るには、一粒一粒にも大変な苦労がかけられて、その後にできるということ。 転じて、こつこつと綿密に、ある仕事の成就に努力すること。
「」の待ち食い,鮟鱇の待ち食い,働かずにじっと機会を待って、利益を得ようとすることのたとえ。鮟鱇は大口を開けて、小魚が口に入ってくるのを待ち受けていることから。
「」蒲輪,安車蒲輪,老人をいたわり、丁重にもてなすこと。「安車」は老人や妊婦が座れるように仕立てられた小車のこと。「蒲輪」は蒲の穂で車輪を包み、振動を抑えて乗り心地をよくしたもの。
案じるより「」,案じるより団子汁,あれこれ心配しても仕方ないから、団子汁でも食べて気を紛らわしたほうがよいという助言。 団子汁は餡汁に団子を入れたもの。ただの餡汁よりいいというしゃれでもある。
「」立命,安心立命,どんなに困難な場面に遭遇しても心を安らかな状態に保ち、どんな時にも惑わされずに天命をまっとうすること。 
「」正路,安宅正路,仁と義のたとえ。「安宅」は住み心地の良い家のことで、安らかな身の置き場の意から、仁のたとえ。「正路」は人の歩むべき正しい道という意から、義のたとえ。
安に居て「」を思う,安に居て危を思う,平和の時でも、常に災難・危機に対する備えを忘れないようにすること。
「」あって猛からず,威あって猛からず,威厳があり、しかも温厚で荒々しくないようす。孔子の人柄を弟子が評したことばで、君子の理想的な人柄をいうことば。
いい「」は悪い,いい後は悪い,いい事があった後は、とかく悪いことが起こりがちであるから、調子に乗ってはいけないということ。
言い勝ち「」,言い勝ち功名,多少筋が通らない意見でも、たくさんしゃべる人の意見に賛同する人が増え、結局は支持されるようになるということ。つまり、黙っていては、どんな良い意見も人には伝わらないということ。
異域の「」となる,異域の鬼となる,外国で死ぬこと。
言いたいことは「」言え,言いたいことは明日言え,言いたいことがあっても、すぐ口に出すのではなく、じっくりと考えてから言うほうが失言しないということ。
家柄より「」,家柄より芋茎,良い家柄より、食べられる芋がらの方が値打ちがあるということ。落ちぶれた名家をあざける言葉。
家に「」、国に盗人,家に鼠、国に盗人,規模の違いはあるが、どんな所にも悪いことをする者がいるということ。
「」も内から割れる,毬栗も内から割れる,誰でも年ごろになると自然と色気が出てくるということのたとえ。特に女性についていう。 鋭いとげのある毬栗でも熟せば自然にはじけて実が飛び出すとの意から。
怒りは「」と思え,怒りは敵と思え,怒りは慎むべきであるという戒めの言葉。 徳川家康の遺訓のひとつ。
怒りを「」さず,怒りを遷さず,腹が立つことがあっても、他人に当り散らしてはいけないということ。
怒れる拳、「」に当たらず,怒れる拳、笑顔に当たらず,怒って強い態度で向かってきた者に対しても、優しい態度で接するほうが効果的であるということ。
意気「」,意気軒昂,気力があふれていて、奮い立つ様子。 
「」の臭きは主知らず,息の臭きは主知らず,自分の欠点は自分では気づかないということ。
衣錦の「」,衣錦の栄,成功して錦の衣服を着て故郷に帰る名誉のこと。
「」を見て矢を矧ぐ,戦を見て矢を矧ぐ,物事が起こってから、慌てて準備にとりかかる愚かさをいう言葉。 
生簀の「」,生簀の鯉,自由を束縛されていることのたとえ。また、死が待ち受けている運命のたとえ。
意見と「」はつくほど練れる,意見と餅はつくほど練れる,餅は、つけばつくほど練れて粘りのあるおいしい餅になる。他人の意見も、つき従うようにすればするほど、よい結果が得られるということ。
「」を箸に刺す,石臼を箸に刺す,無理難題を言うこと。 
石が流れて「」が沈む,石が流れて木の葉が沈む,物事の道理が逆であることのたとえ。
石に漱ぎ、「」に枕す,石に漱ぎ、流れに枕す,負け惜しみが強いことのたとえ。また、屁理屈をつけて自説を正当化することのたとえ。漱石枕流。
石に立つ「」,石に立つ矢,一念を込めて事を行えば、できないことはないというたとえ。漢の李広が石を虎と見誤り、一心に集中して矢を射たところ、矢が石に刺さったという故事から。
「」の物言う世の中,石の物言う世の中,秘密や隠し事が漏れやすいことのたとえ。 
石部金吉「」,石部金吉鉄兜,非常に物堅く生真面目な人のこと。また、融通のきかない人のこと。
医者が取るか「」が取るか,医者が取るか坊主が取るか,生死の境にいるような重病人のこと。
医者寒からず「」寒し,医者寒からず儒者寒し,医者はおおむね裕福で、学者はたいてい貧乏だということ。
医者の薬も「」,医者の薬も匙加減,何事も加減が大事だというたとえ。 
医者の「」効き目なし,医者の自脈効き目なし,たとえ専門分野のことでも、自分のことになると適切な処理ができないということ。
「」の不養生,医者の不養生,口では立派なことを言いながら、自分では実行していないことのたとえ。
「」江雲,渭樹江雲,遠くにいる友人を気遣うこと。「渭樹」は長安郊外を流れる川、渭水のほとりの樹木。「江雲」は長江の空に浮かぶ雲。渭水の北の地にいる杜甫が、長江にいる李白を思って詩を作ったということから。
石を抱きて「」に入る,石を抱きて淵に入る,自分から進んで災難や危険を招くようなことをするたとえ。
交喙の「」,交喙の嘴,物事が食い違って思いどおりにならないことのたとえ。 
伊勢へ七度、「」へ三度,伊勢へ七度、熊野へ三度,信仰心が深いことのたとえ。 
「」の文は静かに書け,急ぎの文は静かに書け,急ぎの手紙ほど大事な用件が多く、あせって早く書こうとすると間違うことが多いので、落ち着いてゆっくり書いとほうがいいということ。
磯際で「」を破る,磯際で船を破る,物事が達成する直前で失敗してしまうこと。 港の近くまできた船が難破してしまうとの意から。
痛い上の「」,痛い上の針,不運や災難にさらなる不運や災難が重なることのたとえ。 
「」一枚下は地獄,板子一枚下は地獄,船乗りという仕事の危険なことのたとえ。
「」痒し,痛し痒し,二つのうち、どちらをとっても具合が悪く、どうしたらよいか判断に迷う様子。 
「」の道切り,鼬の道切り,交際や音信が途絶えることのたとえ。 鼬は一度通った道は二度と通らないといわれることから。 
「」帯水,一衣帯水,海や川が間にあって遮られているが、非常に距離が近いこと。または、互いの関係が非常に深いこと。
一「」、二金、三男,一押し、二金、三男,女性をくどくには、第一が押しの強さ、二番目が金の力、男ぶりのよさは三番目だということ。
一「」、二化粧、三衣装,一髪、二化粧、三衣装,女性を美しく見せるのは、第一は髪かたちの美しさ、二番目は化粧、三番目が衣装だということ。
一芸は「」に通ずる,一芸は道に通ずる,一芸を極めた人は、他のどんな分野においても人にぬきんでることができるということ。
「」居士,一言居士,何かあるたびに自分の思っていることを逐一言わないと気がすまない人のこと。
一字「」,一字千金,筆跡や詩文がすぐれていることのたとえ。
「」三秋,一日三秋,相手を恋しく思う気持ちが深いこと。または、とても待ち遠しいこと。
一日再び「」なり難し,一日再び晨なり難し,一日に二度朝が来ることがない。だから時間を大切にして勉学に励めという戒めのことば。
「」の春夢,一場の春夢,人生の栄光や繁栄は、きわめて儚いということ。 「一場」は、ほんの短い間。 
一諾「」,一諾千金,決して裏切らない、一度約束したことは守らなければならないというたとえ。一度引き受けた約束には、千金同様の重みがあるということ。
一度はままよ二度は「」,一度はままよ二度はよし,悪事を行うとき、最初は良心がとがめながら、なるようになれという気で行うが、二度目からはなんとも思わなくなり平気でのめりこんでいくということ。
一度焼けた「」は二度は焼けぬ,一度焼けた山は二度は焼けぬ,一度災いに遭うと二度と同じ災いに遭うことはないと、災難に遭った人を慰めて言うことば。
「」に帰するが如し,市に帰するが如し,多くの人が市場に集まるように、人徳のある人のところへ人々が慕って集まるということ。
一日一字を学べば「」,一日一字を学べば三百六十字,毎日少しずつでも怠らずに勉強を続ければ、積もり積もって大きな成果が得られるというたとえ。
一に褒められ二に憎まれ三に惚れられ四に「」,一に褒められ二に憎まれ三に惚れられ四に風邪ひく,くしゃみについてのことわざ。一回なら誰かに褒められているし、二回は憎まれていて、三回は惚れられているが、四回は風邪をひく前兆である。
一番風呂は「」が入る,一番風呂は馬鹿が入る,沸かしたてのお湯はきめが粗くて刺激が強く体によくないということ。
一「」、二才、三学問,一引き、二才、三学問,出世の条件は、第一に上のひとの引き立て、二番目は才能、三番目が学問であるということ。
「」息災,一病息災,一つくらい持病があったほうが、健康な人よりも体を気遣うようになり長生きできるということ。
一望「」,一望千里,"広い範囲を遠くまで見渡すことができること。
または、広々としていて遠くまで見通せる美しい景色のたとえ。"
一枚の紙にも「」,一枚の紙にも裏表,紙にも裏表があるように何事にも裏表があるということ。
一文惜しみの「」知らず,一文惜しみの百知らず,目先の損得にとらわれて、あとで大損することに気づかない愚かさを嘲笑するたとえ。
「」落ちて天下の秋を知る,一葉落ちて天下の秋を知る,わずかな前兆を見て、その後の大事を予知するたとえ。
「」来復,一陽来復,悪い傾向にあった物事がよい傾向に向かうこと。 または、冬が終わって春が来ること。または、冬至のこと。 
「」万倍,一粒万倍,ほんの少しのものから大きな利益をあげることのたとえ。
一家を「」す,一家を機杼す,機を織っていろいろな模様を織り出すように、独自の言論や文章を作り出して一派を立てること。 
「」呵成,一気呵成,途中で休むことなく、一気に文章を書き上げること。または、休まず一気に物事を仕上げること。
一簣の「」,一簣の功,仕事を完遂する間際の、最後のひと踏ん張りのこと。 または、仕事を完成させるために積み重ねる一つ一つの努力と、その大切さのこと。 
「」杳然,一結杳然,文章の後に残っている風情。
一犬影に吠ゆれば百犬「」に吠ゆ,一犬影に吠ゆれば百犬声に吠ゆ,一人がいいかげんなこと言い出すと、世間の多くの人がそれを真実として広めてしまうことのたとえ。 一匹の犬が何かの影を見て吠え出すと、辺りの百匹の犬がそれにつられて吠え出すとの意から。 
「」両舌,一口両舌,前に話した内容と、後で話した内容とが食い違っていること。以前に言ったことと違うことを、平気で言う人のこと。
一壺「」,一壺千金,価値がないと思えるものでも、時と場合によっては非常に役に立つこと。普段は価値のないひょうたんも、溺れそうになったときには浮き袋の代わりとなり、はかれないほどの大きな価値になるということから。
「」同仁,一視同仁,差別することなく、全ての人を平等に慈しむこと。 
一瀉「」,一瀉千里,文章や言葉が、止まることなくすらすらと出てくることのたとえ。または、物事が順調にどんどん進むこと。
一将功成りて「」枯る,一将功成りて万骨枯る,輝かしい功績をあげた人の陰には、多くの人の努力や苦労があるというたとえ。 指導者だけが功名を得ることを嘆く言葉。 
一生添うとは男の「」,一生添うとは男の習い,一生君を愛して離さない、というのは男が女を口説くときの決まり文句であるということ。
一升「」こけても三分,一升徳利こけても三分,元手が多ければ、多少損をしても平気だというたとえ。 一升徳利が倒れて中身がこぼれても、三分（三合）くらいは残っているとの意から。
一升「」に二升は入らぬ,一升徳利に二升は入らぬ,ものには限界があり、それ以上を望んでも無理だということ。 
一寸の「」軽んずべからず,一寸の光陰軽んずべからず,ほんのわずかな時間でも無駄にしてはいけないということ。
一寸延びれば「」延びる,一寸延びれば尋延びる,目の前の困難を切り抜ければ、先々楽になるということのたとえ。 「一寸」は約３センチ、「一尋」は約１８０センチ。 
一寸の虫にも「」の魂,一寸の虫にも五分の魂,どんなに小さくて弱いものにも、それ相応の意地や考えがあるので侮ってはいけないということ。 
「」多生,一殺多生,一人の人を犠牲にして、たくさんの人が助かること。
「」の食、一瓢の飲,一箪の食、一瓢の飲,わずかな飲食物のこと。また、きわめて貧しい生活のたとえ。 
「」半解,一知半解,知ってはいるが、完璧には理解していないこと。
「」を輸する,一籌を輸する,わずかに負ける。ちょっと劣る。 
一朝の「」にその身を忘る,一朝の怒りにその身を忘る,"一時的な怒りのために我を忘れて行動すること。 
また、そのような行動は身を滅ぼすことになるという戒め。 "
「」乾坤を賭す,一擲乾坤を賭す,運命を賭けて大勝負に出ること。 
一擲「」,一擲千金,惜しむことなく豪快に大金を使うこと。 または、思い切りよく行動すること。 
「」一失,一得一失,利益を一つ得ると、別の部分では一つ損失があること。 
「」、地に塗れる,一敗、地に塗れる,二度と立ち上がることができないほど大敗してしまうこと。 
一髪、「」を引く,一髪、千鈞を引く,非常に危険なことのたとえ。 「千鈞」は約6.7kgで非常に重い物こと。 一本の髪の毛で、千鈞の重さがある物ものを引っ張ることから。
一斑を見て「」を卜す,一斑を見て全豹を卜す,物事の一部分だけを見て、全体を推し量る愚かさをいう言葉。 
「」が狂えば千匹の馬も狂う,一匹の馬が狂えば千匹の馬も狂う,一人の行いが他の大勢を駆り立ててしまうことのたとえ。群集が他人の言動に同調しやすいことのたとえ。 
溢美の「」,溢美の言,ほめ過ぎのことば。 
いつまでもあると思うな「」と金,いつまでもあると思うな親と金,独立と倹約を心がけよという戒めのことば。 
いつも月夜に「」,いつも月夜に米の飯,飽きることのない気楽な生活のたとえ。また、現実はなかなかそうはいかないということ。 
乙夜の「」,乙夜の覧,天子が読書すること。 書物を読むことの大切さをいう言葉。 
居ない者「」,居ない者貧乏,その場に居合わせない者は、分け前をもらえなかったり、自分のうわさ話をされたりして、いろいろと損をするということ。
田舎の学問より京の「」,田舎の学問より京の昼寝,田舎で勉強するより、たとえ昼寝をしながらのんびり過ごしたとしても、都会に身を置いたほうがさまざまな人や物に接するため、多くのことを学ぶということ。
「」の前の昼盗人,稲荷の前の昼盗人,神をも恐れない図々しい人のたとえ。 
犬が西向きゃ「」は東,犬が西向きゃ尾は東,当たり前のことのたとえ。雨の降る日は天気が悪い。
犬は人につき猫は「」につく,犬は人につき猫は家につく,引っ越す時、犬は飼い主について行くが猫は家から離れようとしないということ。
犬は三日飼えば三年「」を忘れぬ,犬は三日飼えば三年恩を忘れぬ,犬は三日間餌をやってかわいがれば三年間恩を忘れない。犬でさえそうなのだから、人間は受けた恩を忘れてはいけないという戒めの言葉。
犬骨折って「」の餌食,犬骨折って鷹の餌食,苦労して手に入れかけたものを、横からかすめ取られてしまうことのたとえ。 鷹狩りで、犬が苦労して草むらから追い出した獲物を、鷹が取ることから。
犬も朋輩、「」も朋輩,犬も朋輩、鷹も朋輩,役目や地位が違っても、同じ職場で働けばみな同僚であることには変わりないので、仲良くすべきであるということ。 鷹狩りにおいて、犬と鷹は役目が違うが、同じ主人に仕える仲間であるとの意から。
命長ければ「」多し,命長ければ恥多し,長く生きていれば、それだけ恥をかく事も多くなるということ。 
命に過ぎたる「」なし,命に過ぎたる宝なし,命以上に大切なものはこの世にないということ。
命は「」より軽し,命は鴻毛より軽し,命は尊いものだが、正義のためなら捨てても少しも惜しくはないということ。
祈るより「」,祈るより稼げ,困難に直面した時は、神仏に祈るより、自力で働いて解決しろということ。
「」心猿,意馬心猿,煩悩や情欲などの欲望に、心を乱されて落ち着かないこと。 または、そのような欲望を抑えることができないことのたとえ。
「」三度絶つ,韋編三度絶つ,繰り返して書を読むこと。 
移木の「」,移木の信,約束を確実に実行すること。
「」が立ち仏を使う,居仏が立ち仏を使う,座っている者が、立っている者に用事を頼むたとえ。
今鳴いた「」がもう笑う,今鳴いた烏がもう笑う,今まで泣いていた子どもが、すぐに機嫌を直して笑うこと。
今の「」は後の仇,今の情けは後の仇,一時の安易な同情による手助けは、かえって相手のためにならず、あとになって害になることがあるということ。
「」の念仏誰も唱える,今際の念仏誰も唱える,不信心な人でも、死に際には念仏を唱えて仏にすがるということ。
「」でも頭は頭,芋頭でも頭は頭,どんなに小さな集団の長でも、長にかわりはないということ。
「」の煮えたも御存じない,芋の煮えたも御存じない,芋が煮えたかどうかの判断もできないこと。世間知らずな者を馬鹿にしていう言葉。
倚門の「」,倚門の望,母親が子どもの帰りを待ちわびること。また、そういう母親の愛情のこと。
いやいや「」,いやいや三杯,口先だけの遠慮のこと。 
いらぬお世話の「」,いらぬお世話の蒲焼,余計なおせっかいだということ。
いらぬ物も「」立てば用に立つ,いらぬ物も三年立てば用に立つ,今は必要ない物でも、役に立つことがあるかもしれないので、むやみに捨てるものではないということ。 
「」あれば出船あり,入り船あれば出船あり,港に入ってくる船もあれば出て行く船があるように、世の中のことはさまざまであるということ。
炒り豆に「」が咲く,炒り豆に花が咲く,衰えていたものが、再び栄えることのたとえ。また、ありえないことが実現することのたとえ。 
色気と「」の気のない者はない,色気と痔の気のない者はない,人は誰でも似たり寄ったりだということ。痔で悩む人が多いことから、色気と痔の気の語呂を合わせて生まれたことわざ。
色気より「」,色気より食い気,色欲より食欲が上だということ。また、外観より内容を取ることにもいう。
色の「」は七難隠す,色の白いは七難隠す,色が白ければ、顔かたちに多少の欠点があっても気にならないということ。
恋は「」の外,恋は思案の外,恋愛は理性を失わせため、常識や理屈で理解できるものではないということ。 
「」で精進落ち,鰯で精進落ち,せっかくの努力がつまらないことで報われなくなることのたとえ。また、長い間の努力が十分に報われないことのたとえ。 
言わぬが「」,言わぬが花,はっきりと口に出していうより、黙っていたほうが趣があるということ。
「」は聞こえぬ,言わぬことは聞こえぬ,口に出して言わなければ、相手に伝わらず理解させることができないということ。
「」鑑遠からず,殷鑑遠からず,戒めとなる失敗の例は、すぐ身近にあるというたとえ。 
韻鏡「」,韻鏡十年,理解することが極めて難しいこと。「韻鏡」は中国の唐の時代の書物で、漢字の音韻を図示した書物。
陰徳あれば必ず「」あり,陰徳あれば必ず陽報あり,人知れず善い行いをする者には、必ず善い報いがあるということ。
「」は世の習い,有為転変は世の習い,この世の一切の事物は因縁によって生じ、常に変化し続けていくはかないものであるということ。
飢えたる犬は「」を恐れず,飢えたる犬は棒を恐れず,生活に困った人間は、危険な事や悪い事をするのを恐れないことのたとえ。 
飢えては「」を択ばず,飢えては食を択ばず,飢えているときには、食べ物を選り好む余裕などないため、何でも食べるということ。
上見ぬ「」,上見ぬ鷲,何者もおそれずゆったりと落ち着いている様子。また、他をはばからず傲慢にふるまうことのたとえ。
魚を得て「」を忘る,魚を得て筌を忘る,目的を達成してしまうと、それに貢献したものの功労は忘れてしまうというたとえ。 
うかうか三十「」四十,うかうか三十きょろきょろ四十,歳月の過ぎるのが早く、人生が無為に過ぎることのたとえ。 
「」登仙,羽化登仙,酒に酔うなどして天に昇天するような心地良さになることのたとえ。
浮き沈み「」,浮き沈み七度,長い人生には良いときもあれば悪いときもあり、それを何度も繰り返すということ。
憂き身を「」,憂き身をやつす,"苦労や辛さなどを意に介さずに物事に熱中すること。 
また、無意味なことに夢中になること。"
「」は衣装七分,浮世は衣装七分,とかく世間では外見を重んじ、うわべで内容を判断しがちだということ。
「」は回り持ち,浮世は回り持ち,幸不幸、貧富、栄枯盛衰などは絶えず人から人へと回っていき、一ヶ所にとどまらないということ。
浮世渡らば「」で渡れ,浮世渡らば豆腐で渡れ,世渡りは、内面にやさしさと柔軟性をもち、物事のけじめはきっちりとつけよというたとえ。
「」鳴かせたこともある,鶯鳴かせたこともある,若いころは魅力的で異性にもてはやされたこともあったと、老女が昔を自慢していうことば。女性の美しさを梅、男性を鶯にたとえて枝にとまらせて鳴かせたという意味。
有卦に「」,有卦に入る,運が向いてきて、すべてがうまくいくこと。
「」左眄,右顧左眄,右を見たり左を見たりして周りの様子をうかがうだけで、すぐに結論を出せないこと。または周りが気になって、決断力が鈍ってしまうこと。 
兎を見て「」を呼ぶ,兎を見て犬を呼ぶ,"事を見極めてから対策をしても遅くないということ。 
また、一見手遅れに見えても、対策次第で間に合うこともあるので、あきらめてはいけないということ。 "
「」なくして玉の輿,氏なくして玉の輿,女性は家柄や身分が低くても、富貴の人と結婚すれば高位に上がることができるということ。
牛に引かれて「」参り,牛に引かれて善光寺参り,人に連れられてある場所へ出かけて行くこと。また、自分の意思ではなく他人の誘いによって、よい方向に導かれることのたとえ。 
「」は牛連れ,牛は牛連れ,同類は同類同士で集まりやすく、その仲間同士で物事を行えばうまくいくということ。
烏鵲の「」,烏鵲の智,遠い先のことばかり心配して、すぐそばに危険が迫っていることに気がつかない愚かさのたとえ。 
「」より育ち,氏より育ち,人格形成に大事なのは、家系や血統より育った環境であるということ。
後ろ千両前「」,後ろ千両前一文,後ろ姿はとても美しいのに、前から見ると全然美しくないこと。
後ろに「」なし,後ろに目なし,背後にあるものが見えないように、誰にでも気がつかないことがあるということ。
牛を「」に乗り換える,牛を馬に乗り換える,不利な方から有利な方へ乗りかえることのたとえ。 
「」から杵,臼から杵,女性から男性に言い寄ることのたとえ。物事が逆であることのたとえ。 
打たねば「」,打たねば鳴らぬ,何もしなければ何も生まれない。何事も行動しなければ成果はでないということ。
「」は世につれ世は歌につれ,歌は世につれ世は歌につれ,歌は世相の変化に伴って変わっていき、世相も歌の流行に影響されるということ。
打たれても「」の杖,打たれても親の杖,親が子を杖で打つ叱り方も、慈愛がこもっているので子は感謝すべきだということ。
「」を見透かす,内兜を見透かす,相手の内情や弱点を掴むたとえ。
内で掃除せぬ「」は外で毛を振る,内で掃除せぬ馬は外で毛を振る,家庭のしつけが悪い子どもは、外に出るとすぐにわかるということのたとえ。 飼い主の手入れの悪い馬は、外に出た時に毛を振って汚れを落とそうとするので、すぐにわかるとの意から。
家の前の「」,家の前の痩せ犬,後ろ盾がある時はいばり、ない時は意気地がない人のたとえ。
「」でも外錦,内裸でも外錦,"どんなに苦しくても世間体を繕わなければ世の中をうまく渡っていくことはできないというたとえ。 
貧しくて家の中では裸同然の暮らしをしていても、外に出る時はきちんとした身なりをしなければならないとの意から。"
「」膏薬,内股膏薬,自分の意見を持たず、その時によって都合のいいほうについていくこと。または、そのような人のこと。 
打つも撫でるも「」の恩,打つも撫でるも親の恩,子を叱ってぶつのも、ほめて撫でるのも、すべて親の愛情のあらわれだということ。
移れば変わる「」の習い,移れば変わる世の習い,時代が移り変われば世の中も変わっていくのが当然だということ。 
「」匆匆,烏兎匆匆,歳月が慌しく過ぎていくことのたとえ。 
「」の真似をする烏,鵜の真似をする烏,自分の能力をわきまえず、人の真似をして失敗することのたとえ。 
「」は二度考えよ,旨い事は二度考えよ,うまい話には裏があったり危険が伴うことがあるので、すぐに飛びつかずにじっくり考えるのがよいという戒めの言葉。
「」は小人数,旨い物は小人数,旨い物を食べる時は小人数の方がたくさん食べられるということ。また、儲け話も小人数でやる方が、分け前が多くなってよいということ。
馬に乗るまでは「」に乗れ,馬に乗るまでは牛に乗れ,高い地位につくためには、まず低い地位で力をつけよということ。また、最善の策がとれない時は、次善の策をとれということ。 
馬には乗ってみよ「」には添うてみよ,馬には乗ってみよ人には添うてみよ,何事も経験してみなければわからないということ。 
「」に馬貸すな,馬持たずに馬貸すな,物の扱い方を知らない人に、物を貸してはいけないということ。 
生まれたあとの「」,生まれたあとの早め薬,時機に間に合わず、何の役にも立たないことのたとえ。 赤ん坊が生まれた後で、出産を促す薬を飲むとの意から。
生まれながらの「」なし,生まれながらの長老なし,生まれながらにすぐれた人間などいるはずもなく、みんな長い間の修養や経験をつんで立派な人間になるということ。
生まれる前の「」定め,生まれる前の襁褓定め,物事の手回しがよすぎて大げさなことのたとえ。 
「」を水辺につれていけても水を飲ませることはできない,馬を水辺につれていけても水を飲ませることはできない,その気のない人間は、周囲がいくら心配したり気をもんだりしても無駄であるというたとえ。
「」相通じる,有無相通じる,互いに足りないものを交換し融通し合うこと。
埋もれ木に「」,埋もれ木に花咲く,長い間不運だった人に意外な幸運が訪れることのたとえ。また、世間から忘れ去られていた人が再び脚光を浴びて世に出ることのたとえ。 
烏有に「」,烏有に帰す,すっかりなくなってしまうこと。特に火事ですべてを無くしてしまうことをいう。
恨み「」に徹す,恨み骨髄に徹す,相手を激しく恨む様子。
怨みほど「」を思え,怨みほど恩を思え,人は怨みという感情はなかなか忘れないが、恩義を受けたことは忘れがちである。怨みを忘れないのと同じように、恩を忘れてはいけないということ。
売られた「」は買わねばならぬ,売られた喧嘩は買わねばならぬ,自分の身に危険が迫ってくれば、それを防がなければならないというたとえ。
「」と唐様で書く三代目,売家と唐様で書く三代目,初代が苦労して残した財産も、三代目にもなると没落し、家を売りに出すような羽目になるが、その「売家」と書いた札の文字は唐様（中国風）でしゃれている。仕事をしないで道楽三昧をする人を皮肉ったもの。
「」に茄子は生らぬ,瓜の蔓に茄子は生らぬ,一つの原因からは、それ相応の結果しか生まれないということ。また、平凡な親からは、非凡な子どもは生まれないということのたとえ。
売り物には「」を飾れ,売り物には花を飾れ,商品は中身の良さだけでなく、見た目もきれいに飾って売るのが商売のこつだということ。
「」は剝げても生地は剝げぬ,漆は剝げても生地は剝げぬ,人の持って生まれた素質は変わることはないというたとえ。 
烏鷺の「」,烏鷺の争い,碁を打つこと。
「」と乞食はやめられぬ,浮気と乞食はやめられぬ,悪い習慣はあらためにくいということ。 
「」過眼,雲烟過眼,雲や煙が留まることなく目の前を過ぎ去っていくように、物事に過剰に執着することがないこと。または、物事にとらわれすぎずさっぱりしていること。
運根「」,運根鈍,人生で成功するためには、運がよいこと、根気があること、物事にこだわらないことの三つが必要だということ。
蘊蓄を「」,蘊蓄を傾ける,自分の持っている知識・技能のすべてを発揮すること。
「」天賦,運否天賦,幸運と不運は天に決められているということ。または、運を天の意志にまかせること。
「」の妙は一心に存す,運用の妙は一心に存す,何事もその機能をうまく活用するためには、それを用いる人の心ひとつにかかるということ。
運を待つは「」を待つに等し,運を待つは死を待つに等し,努力せずに、ただ幸運を待っているのは、自らの死を待つように愚かなことだということ。
「」燕説,郢書燕説,"関連のない物事を無理に関連付けて説明すること。「郢」は楚の国の郡の名前。「燕」は国の名前。
郢の人が燕の大臣に手紙を書いたときに、周りが暗かったので「燭を挙げよ」と言うと、その言葉を書記がそのまま手紙に書いてしまった。
これを読んだ燕の大臣が「賢人を登用せよ」という意味だと無理矢理解釈して王に進言して実行すると国がよく治まったという故事から。"
易者、「」知らず,易者、身の上知らず,他人のことについてはいろいろと言えても、自分のことはよくわからないことのたとえ。 
「」定離,会者定離,出会った人とは必ず離れる運命にあるということ。会うは別れの始め。 
「」の刀弄り,えせ侍の刀弄り,実力の乏しい者ほど外見をとりつくろうことのたとえ。 
「」の空笑い,えせ者の空笑い,軽薄な者や、したたかな者が真実をかくすため、おかしくもないのに追従笑いなどをすること。
枝を伐って「」を枯らす,枝を伐って根を枯らす,手近なところから処理していき、順次に根本まで始末することのたとえ。 
「」を矯めて花を散らす,枝を矯めて花を散らす,小さな欠点にこだわって、かえって大事な部分をなくしてしまうことのたとえ。
「」に鼻つく,得手に鼻つく,得意なことだと、つい気が緩んで失敗するというたとえ。
「」に帆を揚げる,得手に帆を揚げる,絶好の機会に恵まれ、得意になって事を行うこと。 
「」は五月の鯉の吹き流し,江戸っ子は五月の鯉の吹き流し,江戸っ子は口は悪いが気性はさっぱりとしていて、物事にこだわらないということ。また、口先ばかり威勢がよくて意気地がないということ。
江戸は八百八町、大坂は八百八「」,江戸は八百八町、大坂は八百八橋,江戸は町の数が多く、大阪には橋が多くて、どちらも町並みが広くにぎわっているということ。
「」のない所に柄をすげる,柄のない所に柄をすげる,無理やり理屈をこじつけること。 
「」の実は生らば生れ木は椋の木,榎の実は生らば生れ木は椋の木,道理にかなっていなくても主張を曲げないこと、また強情で人の意見に従わないことのたとえ。 榎の木を椋の木と誤り、榎の実が生った後も椋の木だと言い張ることから。 
「」に餅の皮を剝く,栄耀に餅の皮を剝く,度を越したぜいたくをするたとえ。
選んで「」を摑む,選んで粕を摑む,えり好みをし過ぎたために、かえってつまらないものを掴んでしまうたとえ。
「」の痼疾,煙霞の痼疾,自然の風景を愛する気持ちが非常に強いこと。または、隠居して自然と親しみながら暮らすこと。 
「」が月を取る,猿猴が月を取る,自分の能力をわきまえず、欲張ったまねをして失敗することのたとえ。 猿が水に映った月を取ろうとしたとき、枝が折れ水に落ちて溺れ死んだという故事から。 
「」近攻,遠交近攻,遠くの国と親しくして、近くの国を攻める策略。
円石を「」の山に転ず,円石を千仞の山に転ず,非常に勢いが激しく、抑えようがないことのたとえ。 
「」滑脱,円転滑脱,角を立てることなく、物事を順調に処理すること。 
縁なき「」は度し難し,縁なき衆生は度し難し,人の忠告を聞き入れようとしない者は、救いようがないということ。 
縁は「」なもの、味なもの,縁は異なもの、味なもの,男女の縁というものは、どこでどう結ばれるかわからず、予測のつかない不思議でおもしろいものだということ。合縁奇縁。
「」警枕,円木警枕,苦労しながらも力を尽くして勉学に励むこと。
遠慮なければ「」あり,遠慮なければ近憂あり,遠い将来を見越した考えを持っていないと、必ず急な憂い事が起こるということ。 
「」は曲がらぬ,老い木は曲がらぬ,老人の頑固さのたとえ。 また、欠点は若いうちになおさないと年をとってからでは手遅れであるということ。
老いては「」に従え,老いては子に従え,年をとったら出しゃばらずに、何事も子どもに任せて従っていくほうがいいということ。
「」の一徹,老いの一徹,自分の意見や意向を押し通そうとする、老人の頑固な気質のこと。
王侯将相寧んぞ「」あらんや,王侯将相寧んぞ種あらんや,王や諸侯、将軍、大臣になるには家柄や血統など関係なく、必要なのはその人の才能や努力だということ。
往時「」としてすべて夢に似たり,往時渺茫としてすべて夢に似たり,過ぎ去った昔の事はもうはるかかなたの事で、とりとめがなく、まるで夢のように思えるということ。
「」に暇あらず,応接に暇あらず,人の相手をするのに追われて休む暇もないようす。また、ものごとが次から次へと起こって多忙なようす。
負うた子に教えられて「」を渡る,負うた子に教えられて浅瀬を渡る,人は時には自分より経験の浅い年下の者から物事を教わることもあるというたとえ。
負うた子より「」,負うた子より抱いた子,身近なことを優先したり、大事にするのが人情だというたとえ。背中に負ぶった子より前に抱いている子を先に面倒見てしまう意から。
「」を三年探す,負うた子を三年探す,手近にあることに気づかず、長い間あちこちを探し回るたとえ。 
大嘘はつくとも「」はつくな,大嘘はつくとも小嘘はつくな,誰も信用しなような大きな嘘はついても害が少ないが、小さな嘘は真偽がわかりにくく、人が信じ込む恐れがあるので、ついてはいけないということ。
大男総身に「」が回りかね,大男総身に知恵が回りかね,からだばかり大きくて愚かな男をあざけっていう言葉。
「」に衣,狼に衣,まるで僧衣をまとった狼のように、慈悲深い善人のようにみせかけて内面は恐ろしいことのたとえ。 
「」を手で堰く,大河を手で堰く,無謀で不可能なことをするたとえ。
大きい「」は沸きが遅い,大きい薬缶は沸きが遅い,大人物は大成するのに時間がかかるというたとえ。
大きな家には大きな「」,大きな家には大きな風,人にはそれぞれの境遇に合った悩みがあるということ。 金持ちは何の心配もないように見えるが、家が大きければ、それなりに風当たりが強く、金持ちなりの悩みがあるとの意から。
「」より小遣い,大遣いより小遣い,大きくまとまった一度の出費よりも、日常のこまごました出費のほうが、かえって大きい金額になりやすいというたとえ。
「」の犬になるとも小所の犬になるな,大所の犬になるとも小所の犬になるな,どうせ人に仕えるなら、勢力・権力のある相手の下につけというたとえ。
「」より小取り,大取りより小取り,一度に大儲けしようとするより、少しずつ確実に儲けていくほうが堅実だということ。
大鍋の底は撫でても「」,大鍋の底は撫でても三杯,規模が大きいものは、何から何まで大きくてたいしたものだということ。 大きな鍋は底に残ったものを集めても碗に三杯分はあるという意味から。
大風呂敷を「」,大風呂敷を広げる,大げさなことを言うこと。また、ほらを吹くこと。
大「」に飲み水なし,大水に飲み水なし,大勢の人がいても、本当に役に立つ人は少ないということ。 洪水の水はたくさんあっても、飲み水としては使えないとの意から。 
陸に上がった「」,陸に上がった河童,自分の能力やわざを発揮できる環境から離れて、力が出せず無力になるたとえ。
置かぬ棚をも「」,置かぬ棚をも探せ,念には念を入れて探せということ。 絶対に置いたはずのない棚でも念のために探してみるべきとの意から。
起きて働く「」,起きて働く果報者,健康で働けることは、何よりも幸せだということ。
起きて「」、寝て一畳,起きて半畳、寝て一畳,人間は必要以上の豊かさをもとめても仕方ないということ。
屋烏の「」,屋烏の愛,人を愛すると、その人に関する全てのものが愛しくなるということのたとえ。
「」に愧じず,屋漏に愧じず,たとえ人が見ていない場所でも、人に知られて恥じるような行いはしないということ。
「」は心常に貧し,奢る者は心常に貧し,贅沢な生活を好む者は、満足することを知らず、満たされずに常に不平不満の気持ちを持ち続け、その心は貧しいということ。
教うるは「」の半ば,教うるは学ぶの半ば,人に教えるということは、自分の知識をより深めなければならないから、半分は自分の勉強になるということ。
おじが「」の草を刈る,おじが甥の草を刈る,目上の者が目下の者のために奔走させられることのたとえ。
煽てと「」には乗りたくない,煽てと畚には乗りたくない,おだてには乗りたくない、ということを強調した言葉。「畚」は、棒で担いで土や石を運ぶ道具。江戸時代、畚は死刑囚を運ぶのにも使われたことから、他人の煽てにも畚にも乗りたくないといったもの。
「」は薄の穂にも怖ず,落ち武者は薄の穂にも怖ず,怖いと思えば、なんでもないものまで怖く感じることのたとえ。戦に負けて逃げる落ち武者は、揺れるすすきの穂まで怖がるということから。
「」で蠅を追う,顎で蠅を追う,やせ衰えて元気がないようす。蠅を手で追い払う元気もなく顎を動かして追い払う意から。 
男は「」に余れ,男は辞儀に余れ,男は謙遜しすぎるくらいでちょうどよいということ。 
男は度胸、女は「」,男は度胸、女は愛嬌,男にとって大切なものは、物事に動じない強い度胸で、女にとって大切なものは、にこやかでかわいらしい魅力だということ。
「」は裸百貫,男は裸百貫,男は無一文でも、働いて財産や地位を築くことができるので、裸でも百貫の値打ちがあるということ。
男鰥に「」が湧き、女寡に花が咲く,男鰥に蛆が湧き、女寡に花が咲く,妻のいない男は身の回りの世話をしてくれる人がいなくなり不潔な生活になりがちなのに対し、未亡人は、夫にわずらわされることがなくなり、自分の身を美しく清潔に出来るので、世間の男にもてはやされ華やかだということ。
「」は拾い徳,落とした物は拾い徳,落し物は不注意な落とし主の責任だから、拾った人の物にしてもかまわないということ。
「」が住むか蛇が住むか,鬼が住むか蛇が住むか,世の中にはどんな恐ろしいものが住んでいるかわからないということ。 また、人の心の中にはどんな考えが潜んでいるかわからないということ。
鬼瓦にも「」,鬼瓦にも化粧,鬼瓦のように器量のよくない女性も、化粧ひとつでそれなりにきれいに見えるというたとえ。
「」にもなれば仏にもなる,鬼にもなれば仏にもなる,相手次第、出方次第で、鬼のようにこわい存在にもなれば、仏のようにやさしい存在にもなるということ。
「」の念仏,鬼の念仏,鬼のように冷酷な心を持った者が、うわべだけ情け深い様子を見せること。
「」の目にも見残し,鬼の目にも見残し,鬼のようにくまなく目を光らせている人でも、時には見落としや不注意があるというたとえ。
鬼も「」、番茶も出花,鬼も十八、番茶も出花,器量が悪くても、年ごろになれば誰でも娘らしい魅力が出てくるということ。 
己に如かざる者を「」とするなかれ,己に如かざる者を友とするなかれ,自分をより向上させるためには、自分より劣った者を友として交際すべきではないという教え。
己を以て「」を量る,己を以て人を量る,人はとかく自分を基準にして、他人のことを判断しがちだということ。
「」を掲げて淵に入る,斧を掲げて淵に入る,物の用途を誤ること。また、適時適所でないこと。
「」打ち枯らす,尾羽打ち枯らす,落ちぶれて、みすぼらしい姿になることのたとえ。 
「」に短し、襷に長し,帯に短し、襷に長し,中途半端で役に立たない物事のたとえ。 
「」より米の飯,思し召しより米の飯,思いやりのある言葉よりも実際に役に立つものをもらうほうが有り難いということ。 
お前百までわしゃ「」まで,お前百までわしゃ九十九まで,夫婦がともに元気で仲睦まじく長生きしたいと願う言葉。
「」上がらぬ神はない,御神酒上がらぬ神はない,神様でさえお酒を召し上がるのだから、人間が酒を飲むのは当たり前だということ。 
思い内にあれば「」外に現る,思い内にあれば色外に現る,心の中で思っていることは、自然と言動や態度にあらわれるということ。
思う事一つ叶えばまた「」,思う事一つ叶えばまた一つ,欲望には限りがないということ。
「」に小づけ,重荷に小づけ,重い負担がある上に、さらに負担が加わること。 「小づけ」は、大きな荷物の上に乗せる小さな荷物のこと。 
親思う心にまさる「」,親思う心にまさる親心,子どもが親を思う気持ちよりも、親の子どもに対する愛情のほうがより深いというたとえ。
親が死んでも「」,親が死んでも食休み,どんなに忙しくても食後の休憩は大切だということ。
「」思いの主倒し,親方思いの主倒し,主人のためを思ってしたことが、逆に主人に不利益をもたらすこと。
「」日の丸,親方日の丸,国家が後ろ盾になっている官庁や公営企業などは、倒産の心配もなく利益を図る必要もないだろうと、公務員の気楽さを皮肉っていうことば。
親子は一世、夫婦は二世、「」は三世,親子は一世、夫婦は二世、主従は三世,親子の関係は現世だけのものであり、夫婦は前世と現世または現世と来世の二世に渡る。
親ずれより「」,親ずれより友ずれ,子どもにとっては、親から受ける影響よりも友達から受ける影響のほうが大きいということ。
親の意見と「」の花は千に一つも無駄はない,親の意見と茄子の花は千に一つも無駄はない,茄子の花に無駄花がないように、親が子どもにいう意見も一つも無駄がなく、すべて子どもの役に立つことばかりであるということ。
親の意見と「」は後で利く,親の意見と冷や酒は後で利く,親の意見は聞き流してしまいがちだが、後になると納得できて、ありがたいと思うようになるということ。
親の「」が子に報う,親の因果が子に報う,親の悪行の結果、罪のない子どもが災いを受けること。
親の恩は「」で送る,親の恩は子で送る,わが子をりっぱに育てることで、親から受けた恩を返すということ。
親の「」、子は知らぬ,親の十七、子は知らぬ,親は自分が未熟だった若い頃の失敗談などをしないから、子どもにはわからない。完全なふりをして子どもに意見する親を皮肉っていう言葉。
「」馬鹿子馬鹿,親馬鹿子馬鹿,わが子かわいさのあまり、親は子の愚かさを見抜けず、子は親の愛情に甘えて愚かなまねをするということ。
親は木綿着る、子は「」着る,親は木綿着る、子は錦着る,親は一生懸命働き質素に暮らして財産を築き、子はその苦労を知らずにぜいたくをして、親の財産を浪費するというたとえ。
親を睨む「」になる,親を睨むと鮃になる,親に反抗したりおろそかに扱ったりしてはいけないという戒めの言葉。 
及ばぬ「」の滝登り,及ばぬ鯉の滝登り,どんなに頑張ってもとうてい不可能なことのたとえ。また、いくら望んでも見込みのない恋のたとえ。
愚か者に「」あり,愚か者に福あり,愚か者は欲も野心もないので、人に恨まれたり憎まれたりすることもなく、平穏無事で幸福な人生を送ることができるということ。
尾を振る「」は叩かれず,尾を振る犬は叩かれず,従順な人は誰からも害を加えられることはないというたとえ。
「」分明,恩讎分明,恩とあだをはっきりと区別し、それぞれに必ず報いること。
「」定省,温凊定省,親に誠意をもって尽くし、大切にすること。親孝行すること。 冬には温かく、夏には涼しくして快適に暮らせるようにし、夜には寝具を整えて朝にはご機嫌をうかがうという意味で、子が親に尽くすべき心がけを説いたもの。 
女の一念、「」をも徹す,女の一念、岩をも徹す,女が執念深いことのたとえ。
女の髪の毛には「」も繋がる,女の髪の毛には大象も繋がる,女の魅力には、男の心を引きつける強い力があるというたとえ。
「」日傘,乳母日傘,子供が豊かな環境で大切に育てられること。または、必要以上に保護された環境で育てられること。
「」を以て怨みに報ず,恩を以て怨みに報ず,恨みのある者に対して、復讐するのではなく、逆に恩徳を施すような広い心で接すること。
「」外柔,内剛外柔,外見は穏やかでやさしそうに見えるが、心の中には何事にも左右されない強い意志や信念をもっていること。 
海賊が「」の罪をあげる,海賊が山賊の罪をあげる,自分の悪行は棚に上げて他人の悪行を非難するたとえ。また、同類であっても利害が共通しない者は敵対するということ。 
書いた物が「」を言う,書いた物が物を言う,口約束はあてにならないが、紙に書いた物は証拠になるということ。
「」舂雨,磑風舂雨,物事の起こる前触れ。「磑風」は石臼を回すように、羽虫などの虫が回るように飛び回れば風が吹くという言い伝えのこと。「舂雨」はきねでつくように、羽虫などの虫が上下に飛び回ると雨がふるという言い伝えのこと。
「」は貰うに勝る,買うは貰うに勝る,人から物を貰えば得したような気がするが、気持ちの負担になるし相手に借りができてしまったりする。物はもらうよりも自分で買うほうがよいということ。
河海は「」を択ばず,河海は細流を択ばず,度量の広い大人物は、どんな人でも受け入れるというたとえ。
屈み女に「」,屈み女に反り男,女は少しうつむき加減にしている姿が良く、男は少し胸を張った反り加減の姿が良いということ。
懸かるも引くも「」による,懸かるも引くも折による,事を始めるのも終わらせるのも時機が大事だというたとえ。
垣堅くして「」入らず,垣堅くして犬入らず,家庭内が健全であれば外部からこれを乱すような者が入ってくることはないということ。
「」の断食,餓鬼の断食,あたりまえのことなのに、特別なことをするかのように言い、うわべを繕うことのたとえ。
「」も人数,餓鬼も人数,力の弱い者でも多数集まればあなどりがたい力になるということ。
「」、角上の争い,蝸牛、角上の争い,狭い世界でのつまらない争いのこと。 
隠すより「」,隠すより現る,隠し事は隠そうとすればするほど目立って、人に知られやすくなるということ。
楽屋から「」を出す,楽屋から火を出す,自ら災いや騒ぎを引き起こしてしまうたとえ。
隠れての信は顕われての「」,隠れての信は顕われての徳,心中に秘めている誠実さは、いつか自然に外にあらわれて自分自身の利得になるということ。 
陰では「」の事も言う,陰では殿の事も言う,誰であろうと陰口を言われない者はいないということ。 
「」の形に随うが如し,影の形に随うが如し,いつもいっしょにいて離れないこと。 
陽炎稲妻「」の月,陽炎稲妻水の月,捕らえがたいもの、実体のないもののたとえ。 
「」を畏れ迹を悪む,影を畏れ迹を悪む,自分で勝手に悩みを作り、心を平静に保つことができないことのたとえ。 
「」ありと雖も食らわずんばその旨きを知らず,嘉肴ありと雖も食らわずんばその旨きを知らず,何事も自分で体験してみなければ、その価値やすばらしさがわからないということ。
「」と提灯は戻らぬつもりで貸せ,傘と提灯は戻らぬつもりで貸せ,傘と提灯は、必要な時以外は忘れがちな物だから、貸す時は返してもらえないつもりで貸せということ。
火事あとの「」拾い,火事あとの釘拾い,大損や浪費の後に、少しの節約をしたところで何の足しにもならないということ。 
貸し借りは「」,貸し借りは他人,金銭の貸し借りについては、親子の間でも他人と同じようにけじめをつけるべきだということ。
火事と「」は江戸の花,火事と喧嘩は江戸の花,火事と喧嘩は江戸の名物である。
鎹「」,鎹思案,二つの事をどちらも成功させようとする考え。 
百年「」を俟つ,百年河清を俟つ,いつまで待っても実現する見込みがないことのたとえ。また、どんなに待っても無駄なことのたとえ。 
稼ぐに追い付く「」無し,稼ぐに追い付く貧乏無し,一生懸命働けば、貧乏に苦しむことはないというたとえ。⇔稼ぐに追い抜く貧乏神 
風は吹けども「」は動せず,風は吹けども山は動せず,周囲の騒ぎの中で、少しも動じないで悠然としていることのたとえ。 
堅い「」は折れる,堅い木は折れる,ふだんは強情な人が、何か問題にぶつかると以外にもろく、くじけやすいことのたとえ。また、頑丈な人が急に大病で倒れることのたとえ。
敵の家でも「」を濡らせ,敵の家でも口を濡らせ,たとえ敵の家でも出された食べ物には口をつけるのが礼儀だということ。つまり、いかなる場合も礼儀を守らなければならないということ。
敵の前より「」の前,敵の前より借金の前,敵の前では平然とできても、借金をしている相手の前では頭が上がらないということ。
片口聞いて「」を分くるな,片口聞いて公事を分くるな,訴訟の裁きは、一方の言い分だけを聞いて判定してはいけないということ。
片手で「」は揉まれぬ,片手で錐は揉まれぬ,物事を成し遂げるためには、力を合わせることが大事だということ。 
「」連衡,合従連衡,その時の利益と損害などの状況に合わせて、国や組織などが手を組んだり、離れたりすること。
勝った自慢は負けての「」,勝った自慢は負けての後悔,勝負に勝った時に自慢しすぎると、負けた時に引っ込みがつかず、恥ずかしい思いをして後悔するということ。
「」の寒稽古,河童の寒稽古,他人が見れば大変そうに見えても、実際にはなんでもないことのたとえ。
「」は時の運,勝負は時の運,勝負はその時々の運によるもので、必ずしも実力通りに決まるものではないということ。 
褐を被て「」を懐く,褐を被て玉を懐く,すぐれた才能を世間に知られないように隠していることのたとえ。
「」は冥土の旅の一里塚,門松は冥土の旅の一里塚,門松はめでたいものだが、飾るたびに年を重ね死に近づくので、いわばあの世に向かう一里塚のようなものだということ。 