「アイキュウ」屋烏,愛及屋烏,溺愛、盲愛のたとえ。 ,
「アイコウ」遍野,哀鴻遍野,"戦いに敗れた兵士や、さまよう難民がいたる所にいる様子。
哀しげに鳴く雁が、野原にあふれる様子を流浪する兵士や、難民にたとえたもの。",
「アイマイ」模糊,曖昧模糊,本質や実態がぼんやりとしていてはっきりとわからないこと。,
「アイヨウ」葉児,愛楊葉児,やなぎの葉を愛する幼児という意味。 幼児が黄色く色づいたやなぎの葉を見て黄金と思い込み大切にするということから、浅い知識のままで、真理を追究しようとしないこと。,
浅瀬「アダナミ」,浅瀬仇波,思慮が浅い人は、気にする必要がないどんな小さな出来事でも大騒ぎすることのたとえ。深い淵より浅瀬のほうが激しく波が起こることから。,
「アセイ」曲学,阿世曲学,世に認められた正しい学問の道理を曲げて、権力や世間、時勢に気に入られるようにへつらうこと。 ,
「アタラ」身命,可惜身命,"体や命をいとおしむこと。
「可惜」は、今のままでは惜しい、または大切なものや良いものが相応しい扱いをされていないことを惜しむこと。",
「アビ」叫喚,阿鼻叫喚,非常に無残でむごい様子のこと。,
「アフ」迎合,阿附迎合,相手に気に入られようと、相手の言うことを何でも聞き、媚びて機嫌をとること。,
「アンコウ」休兵,按甲休兵,武装を解いて、戦いや争いをやめること。「按甲」は甲冑を外すこと。,
安車「ホリン」,安車蒲輪,老人をいたわり、丁重にもてなすこと。「安車」は老人や妊婦が座れるように仕立てられた小車のこと。「蒲輪」は蒲の穂で車輪を包み、振動を抑えて乗り心地をよくしたもの。,
「アンズ」索駿,按図索駿,実際には役に立たない意見や考えのたとえ。また、決まったやり方にこだわり融通のきかないことのたとえ。名馬を絵や書物の知識のみから見つけようとする意から。,
「アンセン」傷人,暗箭傷人,こっそりと人を陥れたり、中傷したりすること。「暗箭」は暗がりから放たれた矢のこと。,
暗中「モサク」,暗中摸索（模索）,手がかりのない中で、色々と試してみること。,
「アンペイ」不動,按兵不動,状況や様子を窺いながら、良い機会が訪れるのを待つこと。「按」は抑える、引き留めること。,
「イイ」征夷,以夷征夷,自ら手を下さずに他人を利用して利益を図ること。 ,
意気「ケンコウ」,意気軒昂,気力があふれていて、奮い立つ様子。 ,
「イクイク」青青,郁郁青青,植物が立派に育っていて、良い香りを放っている様子。 「郁郁」は良い香り。 ,
「イケン」一節,夷険一節,どんな時でも信念を守り続けること。「夷険」は平らな場所と険しい場所のことから順境と逆境のことで、順境でも逆境でも信念を変えないということ。,
「イシュウ」夜行,衣繍夜行,たとえ出世しても、故郷に帰らなければ誰もその栄誉に気が付くことはないということのたとえ。,
一飲「イッタク」,一飲一啄,自然とともに、自由に生きることのたとえ。または、人が分を弁えて、多くを求めないことのたとえ。「一」はわずか、すこしの意。「啄」は鳥がくちばしでついばむこと。,
一入「サイジュウ」,一入再入,布を何度も染め重ねること。深く、濃い色合いということから、恩が深いことのたとえ。「入」は布を染料につけること。,
一望「センケイ」,一望千頃,一目で遠くまで見渡すことができること。または、広々としていて遠くまで見渡せる美しい景色のたとえ。,
一夜「ケンギョウ」,一夜検校,急に金持ちになることのたとえ。「検校」は江戸時代、盲人に与えられた最高の官名。大金を官に上納し、検校の位を受けたもののことをこう呼んだということから。,
一竜「イッチョ」,一竜一猪,努力して学ぶ人と、怠けて学ばない人との間には大きな賢愚の差ができるということ。,
一蓮「タクショウ」,一蓮托生（託生）,何があろうとも行動や運命を共にすること。,
一虚「イチエイ」,一虚一盈,一定の形を保つことなく、常に変わり続けるために予測しがたいことのたとえ。「盈」は満ちるという意味。,
一琴「イッカク」,一琴一鶴,清廉潔白な役人のこと。または、旅支度がとても簡易であることのたとえ。宋の役人が蜀に赴任する際、一張りの琴と一羽の鶴だけを携えて出ていったことから。,
一顧「ケイセイ」,一顧傾城,絶世の美女のこと。,
「イッコ」千金,一壺千金,価値がないと思えるものでも、時と場合によっては非常に役に立つこと。普段は価値のないひょうたんも、溺れそうになったときには浮き袋の代わりとなり、はかれないほどの大きな価値になるということから。,
一張「イッシ」,一張一弛,人に厳しくしたり、やさしく接したりすること。 ,
一種「イッペイ」,一種一瓶,簡素な宴会のこと。各々が一種類の肴と一瓶の酒を持ち寄って行うということから。,
一生「フボン」,一生不犯,仏教での僧侶の戒律で、一生涯にわたって戒めを守り、男女の交わりをしないこと。,
「エイエイ」一水,盈盈一水,愛する人に言葉をかけることが出来ない苦しい思いのこと。 「盈盈」は水が満ちている様子。 牽牛と織女の七夕伝説を題材に、一筋の天の河で隔てられているために、見つめるだけで会話することが出来ない切なさをうたった詩。 ,
「イッピョウ」一簞,一瓢一簞,粗末な飲食物。貧しい生活。または、贅沢がなく、無駄の少ない生活。 「瓢」は飲み物などを入れるひさご。 ,
「イッペキ」万頃,一碧万頃,海や湖がどこまでも広がっている様子。「一碧」は見える範囲の全てが青色一色に見えるということ。,
衣履「ヘイセン」,衣履弊穿,ひどく粗末な服装のこと。「弊穿」は破れたり、穴があくこと。,
引縄「ヘイコン」,引縄批根,協力して他を全て排除すること。または、裏切った相手に報復して恨みを晴らすこと。「引縄」は縄をつけて引っ張ること。「批根」は根本から全て取り除くこと。,
「インブン」允武,允文允武,学問と武芸のどちらもすぐれていること。,
「ウチ」高才,有智高才,聡明ですぐれた才能を持っていること。,
内股「コウヤク」,内股膏薬,自分の意見を持たず、その時によって都合のいいほうについていくこと。または、そのような人のこと。 「膏薬」は練り薬のことで、内股に張ると歩くたびに、右足についたり、左足についたりすることから。,
鬱鬱「ソウソウ」,鬱鬱葱葱,草木がこんもりと茂っている様子。 または、生気が満ちている様子のこと。 ,
「ウハク」馬角,烏白馬角,絶対にあるはずがないこと。,
「トソウ」烏飛,兎走烏飛,あっという間に月日が過ぎていくこと。 「兎」は月、「烏」は太陽のたとえ。,
雲蒸「リョウヘン」,雲蒸竜変,英雄や豪傑などが良い時期に現れて活躍すること。「竜変」は竜が思うままに動きまわること。舞い上がる竜は雲を沸き起こし、さらに勢いを増しながら自在に活躍するという意味から。,
「ウントウ」煙浪,雲濤煙浪,遠く水平線で連なって見える雲と波。「濤」と「浪」は大きな波。,
運否「テンプ」,運否天賦,幸運と不運は天に決められているということ。,
「ウンリョウ」井蛙,雲竜井蛙,地位や知恵の差が非常に大きいこと。,
「エイゴウ」回帰,永劫回帰,宇宙の全ての事象は延々と同じものが同じことを繰り返しているということ。 ,
「エイヨウ」栄華,栄耀栄華,富や権力を得て栄え、贅沢を極めること。 ,
益者「サンゴウ」,益者三楽,「礼儀と音楽をほどよく楽しむこと」「人の美点について褒めること」「立派な友人が多いこと」の三つの有益な楽しみのこと。 ,
「エンガン」代飛,燕雁代飛,入れ違いになること。燕が南から渡ってくる季節には、雁は北へ渡り、雁が北から渡ってくる季節には、燕は南に渡るために出会うことはないということから。,
「エンジ」盗鐘,掩耳盗鐘,浅はかな考えで、自分で自分を欺くことのたとえ。または、自分の良心を騙して、そのことを考えないようにしながら悪事を働くこと。または、隠していた悪事がいつのまにか知れ渡ること。「掩耳」は耳をふさぐこと。男が大きな鐘を盗んだが、重くて持って帰ることができず、割って小さくして持って帰ろうと槌で打つと大きな音がして、他人に気付かれることを恐れた男は慌てて自分の耳を塞いだという故事から。,
「エンテン」蛾眉,宛転蛾眉,美しい容姿を言い表す言葉。「宛転」は三日月の形をした美しい眉。,
「エンニュウ」三諦,円融三諦（さんだい）,仏教の言葉で、空、仮、中の三つの真理がそれぞれの立場を保ちながらも、互いに溶け合っている状態が同時に成り立っていること。 ,
「エンピ」魚躍,鳶飛魚躍,全ての生き物が生まれた時から持っている性質に従って、その性質を楽しみながら自由に生きること。,
円木「ケイチン」,円木警枕,苦労しながらも力を尽くして勉学に励むこと。「警枕」は深く寝入ることを防ぐための枕。,
「エンモク」兎耳,鳶目兎耳,情報を集める能力の高い人のこと。,
横説「ジュセツ」,横説竪説,縦横自在にいろいろな観点から弁舌をふるうこと。「竪」は縦という意味。,
「オウバン」振舞,椀飯（大盤）振舞,盛大なごちそうのことや物を与えたりご馳走したりすること。,
落月「オクリョウ」,落月屋梁,友人を思う切ない心情のこと。 中国の詩人杜甫が江南に流された友人の李白を思い、「家の屋根に落ちかかる月に君の面影を見た」と詩を詠じたことから。 ,
温柔「トンコウ」,温柔敦厚,優しく穏やかで、思いやりがあること。,
「オンジン」離垢,遠塵離垢（りく）,けがれから遠ざかり、煩悩から離れること。,
「オンバ」日傘,乳母日傘,子供が豊かな環境で大切に育てられること。または、必要以上に保護された環境で育てられること。,
温文「ジガ」,温文爾雅,心がおだやかで、態度や言動が礼儀にかなっていること。 「温文」は温和で礼儀にかなっていること。 「爾雅」は言葉や文章などが美しいこと。 ,
改弦「エキテツ」,改弦易轍,法律や制度を変えること。 「易轍」は車輪の軸幅を変えること。 ,
「カイコウ」返照,回光返照,自分本来の姿を振り返り、反省して修行すること。または、日が沈む前に夕日の照り返しで一瞬明るくなるということから、死の間際に息を吹き返すこと。 ,
開門「ユウトウ」,開門揖盗,自分自身で原因を作って、災いを招き入れること。「揖盗」は泥棒を会釈して招き入れること。,
「リュウコウ」花街,柳巷花街,色町のこと。 遊郭には柳の木が多く植えられていたこと、また花の美しさを女性にたとえたことから。 ,
明明「カクカク」,明明赫赫,はっきりと明るく、光り輝く様子。 ,
革故「テイシン」,革故鼎新,古い習慣や制度などを新しいものに改正すること。 「革故」と「鼎新」はどちらも新しいものにするという意味。 ,
「カクジュ」千歳,鶴寿千歳（せんざい）,,長く生きること。
「カクゼン」大公,廓然大公,不満や疑念などなく、さっぱりとしていて、心に偏りがないこと。聖人の心構えを学ぶための心構えをいう言葉。「廓然」は心が広く、わだかまりのないこと。,
「カクネン」大悟,廓然大悟,"不満や疑念などのわだかまりがなく、真理を悟ること。 
「廓然」は心が広く、何のわだかまりもないこと。 ",
「カゲン」善行,嘉言善行,戒めとなる素晴らしい言葉と立派な行いのこと。「嘉言」は素晴らしい言葉。,
夏侯「シュウカイ」,夏侯拾芥,学問を修めることは大切なことであるということ。夏侯勝は講義を行うたびに、学問をしっかりと修めてさえいれば、官職を得ることは道のごみを拾うくらいに簡単なことだと言い聞かせていたという故事から。,
河山「タイレイ」,河山帯礪,永久に変わらない固い誓いのたとえ。または、国が栄え続けることのたとえ。広い黄河が帯のように細くなるようなことがあったとしても、高い泰山がすりへって砥石のように平たくなるようなことがあったとしても、永久に変わることはないという意味から。,
「カショ」油油,禾黍油油（ゆうゆう）,植物の稲や黍が勢いよく成長している様子。 「油油」は植物などにつやがあって勢いがよい様子。,
「カシン」令月,嘉辰令月,めでたい月日のこと。「嘉辰」はめでたい日。,
加持「キトウ」,加持祈祷,病気や災難から身を守るためや、願いを叶えるために神や仏に祈ること。,
「カッコ」不抜,確乎不抜,意志がしっかりとしているため、何があっても動揺したり、平静さを失ったりしないこと。「不抜」は固くて抜くことができないという意味から。,
「セイドン」活剥,生呑活剥（かっぱく）,人が作った詩や文章を盗んで、そのまま使うこと。 ,
河図「ラクショ」,河図洛書,非常に珍しく、価値のある書物のこと。,
「カボウ」豆分,瓜剖豆分,一つの国が小さく分裂すること。,
「カリョウ」頻伽,迦陵頻伽（びんが）,美しい声のたとえ。仏教の言葉で、梵語でカラヴィンカという想像上の鳥の名前を音訳したもの。,
「カンウン」野鶴,閑雲野鶴,世間を離れのんびりと自由に暮らすこと。 または、のんびりとした生活を送る隠士の心境のたとえ。 ,
韓海「ソチョウ」,韓海蘇潮,中国の唐の詩人の韓愈と北宋の詩人の蘇軾の文体のこと。韓愈が書いた文章は海のように広々としていて、蘇軾の書いた文章は、海水の満ち引きのように力強い起伏があるという二人の文体を批評した言葉から。,
枯木「カンガン」,枯木寒巌,世俗を超えた悟りの境地のこと。 または、冷淡で付き合いにくい態度のこと。 ,
「カンキン」鼓舞,歓欣鼓舞,思いっきり喜ぶこと。,
寒山「ジットク」,寒山拾得,中国の唐の時代の二人の高僧で、文殊菩薩と普賢菩薩の生まれ変わりとされている、寒山と拾得のこと。,
干将「バクヤ」,干将莫邪,古代中国にあったとされる名剣の名前。,
管中「キヒョウ」,管中窺豹,見識が非常に狭いことのたとえ。管を通して動物の豹を見ても、一つの斑文しか見ることが出来ず、全体はわからないという意味から。,
「ガイシュウ」一触,鎧袖一触,相手を苦もなく打ち負かすことのたとえ。,
画虎「ルイク」,画虎類狗,才能のない者が、すぐれているものの真似をしても、見苦しい結果にしかならないということのたとえ。虎の絵を描いても、犬にしか見えないということから。,
「ガシン」嘗胆,臥薪嘗胆,目的を果たすために、苦難に耐えて機会を待つこと。,
「ガフ」雷鳴,瓦釜雷鳴,能力のあるものが高い地位につかず、能力のないものが高い地位について威張り散らすことのたとえ。「瓦釜」は素焼きの釜のことで、人格の低い人のたとえ。素焼きの安物の釜でものを煮ると、非常に大きな音がするということから。,
臥竜「ホウスウ」,臥竜鳳雛,才能はあっても、機会がないために才能を発揮できない人のこと。または、才能を発揮する機会がなく、世間に知られていない英雄や賢者のこと。,
「ガンイ」弄孫,含飴弄孫,年老いて仕事を止めた後の気楽な生活のこと。,
「ガンシャ」射影,含沙射影,陰険な方法で人を害すること。「含沙」は水の中にいる虫のいさごむしのこと。いさごむしが人の影に砂を吐くと、影に砂をかけられた人は高熱が出て死んでしまうとされていることから。,
規矩「ジュンジョウ」,規矩準縄,物事や行動をおこすときに基準や標準になるもののこと。,
棄甲「エイヘイ」,棄甲曳兵,戦いに負け、戦意を失って逃げること。,
規行「クホ」,規行矩歩,心や行動がしっかりとしていて正しいこと。または、昔の法則や規則にこだわり、融通がきかないこと。,
気骨「リョウリョウ」,気骨稜稜,自分の信念を曲げずに、厳正に貫こうとする態度のこと。 ,
貴耳「センモク」,貴耳賤目,他人から聞いたことを信じ込み、自分の目で見たことを信じないこと。または、現在を軽視して、過去の出来事を重視すること。,
「キセン」上下,貴賤上下,身分や階級、地位の高い人と低い人。,
吉日「リョウシン」,吉日良辰,縁起のよい日。,
「キチジョウ」悔過,吉祥悔過（けか）,吉祥天を本尊としてまつり、罪を懺悔して国家の安泰や作物の豊穣を願い、毎年正月に行われる法会。,
「キニク」玉雪,肌肉玉雪,白く美しい女性の肌を言い表す言葉。,
神工「キフ」,神工鬼斧,人の技術で作られたとは思えない素晴らしい作品のこと。 ,
亀毛「トカク」,亀毛兎角,この世界に存在するはずのないもののたとえ。 ,
「キャクジン」煩悩,客塵煩悩,外から思いがけずにもたらされる心の迷いや欲望のこと。,
「キュウキュウ」忙忙,汲汲忙忙,この上なく多忙なこと。 「汲汲」は休むことなく、働き続けること。 ,
泣血「レンジョ」,泣血漣如,深い悲しみで涙が流れ続けること。,
「キュウシュ」凝議,鳩首凝議,人が集まって真剣に話し合うこと。,
窮鼠「ゴウビョウ」,窮鼠噛猫,窮鼠猫を噛む。,
「キュウテイ」大呂,九鼎大呂,非常に珍しい物のこと。または、重要な地位や名声などのたとえ。「九鼎」は夏の禹王が中国の全土から献上させた、九つの鼎。「大呂」は周王朝の大廟に供えた大きな鐘。,
「キュウトウ」墨守,旧套墨守,昔からの習慣や風習を守り続けること。または、昔からの習慣や風習にとらわれ、決して変えないこと。「旧套」は昔から受け継がれている習慣や風習。,
朽木「フンド」,朽木糞土,やる気がなく、だらしない人を教育することはできないということのたとえ。 腐ってぼろぼろになった木と土壁ということで、腐った木材に彫刻することはできず、腐った土壁に上塗りをすることはできないという意味。 ,
「キョウグン」孤進,僑軍孤進,誰からも助けられることなく、一人で事に当たること。「僑軍」は別の土地からやってきた軍隊、遠征軍のこと。,
教唆「センドウ」,教唆煽動,教えそそのかして人をたきつけ、行動するように気持ちを湧き立たせること。,
「キョウショク」自愛,彊食自愛,しっかりと食事をとって健康に気遣うこと。「彊食」は無理にでも食事をすること。,
「キョクジツ」昇天,旭日昇天,非常に激しい勢いの様子。,
曲眉「ホウキョウ」,曲眉豊頬,美しい女性のこと。 ,
虚心「タンカイ」,虚心坦懐,不信、疑念、不満などがなく、すっきりとした気持ちであること。「坦懐」は心の中に不満や不安などがなく穏やかなこと。,
「キョユウ」巣父,許由巣父,清らかで正しい行いのこと。または、出世や高い地位につくことを嫌うこと。「許由」と「巣父」はどちらも中国の伝説上の高潔な隠者のこと。,
「キンウ」玉兎,金烏玉兎,太陽と月のこと。または、歳月や時間のこと。,
琴歌「シュフ」,琴歌酒賦,隠者の欲の無い生活のこと。または、俗世から離れた優雅な遊びのこと。「酒賦」は酒宴を開いて、酒を飲みながら詩を作ること。,
「キンキ」雀躍,欣喜雀躍,思いっきり喜ぶこと。,
「キンコン」覆車,禽困覆車,力の弱い者でも、窮地に立たされると思ってもいない力を出すということ。「禽困」は追い詰められた小鳥。,
錦心「シュウコウ」,錦心繍口,詩や文章のすぐれた才能があること。 「錦心」はあや織物のように美しい心のこと。 「繍口」は刺繍のように美しい言葉のこと。,
「キンジュウ」草木,禽獣草木,命がある全てのもののこと。 ,
「ギオン」精舎,祇園精舎,釈迦が説法した寺の名前。,
「ギョウカイ」三尺,尭階三尺（さんじゃく）,君主がつつましい生活をすることのたとえ。古代中国の伝説の聖天子の宮殿は、土を固めただけの階段があり、高さは三尺ほどしかなかったということから。,
「ギョウコ」舜木,尭鼓舜木,理屈や道理に合った意見は聞き入れるべきであるということ。古代中国の尭帝は朝廷に太鼓を置いて意見がある人には太鼓を打たせ、舜帝は木札を立てて誰でも意見を書けるようにしたという故事から。,
行住「ザガ」,行住坐臥,普段の生活で行う最も基本的な動作のこと。 転じて、普段や常々という意味。 ,
「ギョウゲン」舜日,尭年舜日,世の中が平和で穏やかなこと。 ,
「ギョウフウ」舜雨,尭風舜雨,世の中が平和で穏やかなこと。,
魚網「コウリ」,魚網鴻離,欲しいものが手に入らず、欲しいと思っていないものが手に入ることのたとえ。「鴻」は鳥の雁のこと。「離」は網にかかること。,
魚目「エンセキ」,魚目燕石,本物にそっくりな偽物のこと。または、偽物が本物の価値を落とすこと。,
「ギンパイ」羽化,銀盃羽化,"物を盗まれることのたとえ。中国の唐の書家の柳公権は、書の報酬として様々な金品を得ていた。
ある時、縄で結ばれたままの箱の中身である銀の杯が使用人に盗まれたことに気づいたが、銀の杯に羽が生えて飛んで行ったのだろうと言って、使用人を咎めなかったという故事から。",
「クホン」蓮台,九品蓮台,生前の行いによって九等級に分かれるとされており、極楽浄土に往生した者が座る蓮でできた台のこと。,
君子「ヒョウヘン」,君子豹変,信念を持たずに考えや態度をあっさりと変えること。元は「人格者は間違いをすぐに認めて改める」という良い意味で使われていたが、現在は悪い意味で使われることが多い言葉。,
「グフ」得苦,求不得苦,仏教の八苦の中の一つで、求めているものを得ることが出来ない苦しみのこと。,
「グンリョウ」無首,群竜無首,よい人材はたくさんいるが、統率できる者がいないために、うまく事が運ばないこと。または、まとめる人がいないこと。,
「ケイエイ」捕風,繋影捕風,話や物事にまとまりがないことのたとえ。影をつなぎとめて、風を捕まえることで、不可能なことという意味から。,
「ケイカン」詩人,桂冠詩人,イギリス王室から最高の地位の詩人に与えられる称号のこと。,
桂宮「ハクシン」,桂宮柏寝,桂の宮殿と柏の居室のことから、豪華で美しい宮室のたとえ。,
「ケイサイ」豚児,荊妻豚児,自分の妻や子のことを卑下していう言葉。,
「ケイショウ」雲客,卿相雲客,公卿と殿上人のこと。または、高い身分の人のこと。,
「ケイセイ」傾国,傾城傾国,絶世の美女のたとえ。 ,
「ケイセイ」鳳凰,景星鳳凰,聖人や賢人がこの世に現れるという喜ばしいことの前兆のこと。「景星」はめでたいことの証の星。,
「ケイデン」蘭宮,桂殿蘭宮,とても美しい宮殿のこと。「桂」は香木の名前、「蘭」は香草の名前のことで、どちらも見た目が美しく、良い香りを放つ植物。,
鶏皮「カクハツ」,鶏皮鶴髪,年老いて衰えた老人の容姿のたとえ。鶏のように張りを失った肌と、鶴の羽のように白い髪の毛という意味から。,
「ケイベン」蒲朽,刑鞭蒲朽,世の中が平和なことのたとえ中国の後漢の官僚の劉寛は、温厚で知られ、打っても痛みの少ない蒲の穂で鞭を作り、痛みよりも恥辱を与えるようにした。しかし、犯罪が起きなくなって、蒲の穂が使われることなく朽ちたという故事から。,
鶏鳴「クトウ」,鶏鳴狗盗,小賢しい策略で人をおとしめようとする人やくだらない技能や芸しかない人のたとえ。戦国時代、斉の孟嘗君が捕らえられていたときに、鶏の鳴き真似のうまい者と犬のようにうまく物を盗む者の二人を利用して逃げ延びたという故事から。 ,
「ケシン」滅智,灰身滅智,煩悩を無くし、身体も心も無にした悟りの境地のこと。,
結縁「カンジョウ」,結縁（けちえん）灌頂,多くの人々に仏道との縁を結ばせるために行う儀式。「灌頂」は頭に水を注ぎかける儀式で、仏道との縁を結ばせたり、僧侶が高い地位にのぼるときに行う密教の儀式。,
血脈「ソウジョウ」,血脈（けちみゃく）相承,師から弟子へと、仏の教えを受け継いで伝えていくこと。,
「ケンイ」頓足,牽衣頓足,つらい別れを惜しむことを言い表す言葉。,
懸崖「サッシュ」,懸崖撒手,勇気を出して思い切って物事を行うこと。「懸崖」は険しい崖、「撒手」はつかんでいるものを離すこと。,
牽強「フカイ」,牽強附会,自分に都合がいいように、滅茶苦茶な理屈をこじつけること。,
「ケンゲキ」森森,剣戟森森,恐ろしくなるような厳しく激しい性格のこと。 「剣戟」は剣と矛ということから、武器のこと。 「森森」は数多く立ち並んでいる様子。 多くの武器が立ち並んでいる様子を性格にたとえた言葉。,
「ケンド」重来,捲土重来,敗北や失敗によって一度は落ちた勢いを、再び取り戻して反撃することのたとえ。,
堅牢「ケンゴ」,堅牢堅固,守りが非常に固くて、容易に破れたり壊れたりしないこと。,
懸腕「チンワン」,懸腕枕腕,書道の基本的な筆の使い方のこと。懸腕法は、姿勢を整えて、肘を脇から離して腕を水平に上げ、筆を垂直に持つ書き方。枕腕法は、紙の上に左の手のひらを伏せて、左の手を右の手の枕のようにして構える書き方。,
「ゲッケイ」雲客,月卿雲客,公卿と殿上人のこと。または、高い身分の人のこと。,
「ゲンコウ」利貞,元亨利貞,易経で乾の卦のもつ四つの徳のこと。,
「ゲンショウ」縞衣,玄裳縞衣,鶴の別称。鳥の鶴の姿を黒い着物と白い上着を着ている姿にたとえた言葉。,
「ゲンポ」積玉,玄圃積玉,美しい文章のたとえ。「玄圃」は中国の霊山、崑崙山の仙人が住んでいるとされているところ。「積玉」は積み重なっている宝石。たくさんの宝石のように美しいという意味から。,
「ゲンリン」鶴怨,彦倫鶴怨,偽善者を批判する言葉。「彦倫」は中国の南斉の人の名前。俗世を離れて鐘山に隠遁していた彦倫が、俗世に戻って県の長官になったことを隠者だと信じていた鶴も騙されたと怨むと、孔稚珪が似非隠者ぶりを批判した言葉から。,
「コイチ」明三,挙一明三（みょうさん）,理解力が非常にすぐれていること。仏教の言葉で、四角の一隅を挙げれば、残りの三隅を悟るということから。,
光陰「ジョゼン」,光陰如箭,月日が過ぎるのは速いということ。「箭」は弓矢の矢のこと。,
「コウエン」万丈,光焔万丈,議論や詩文などの勢いが激しく、素晴らしいことのたとえ。,
口角「ヒマツ」,口角飛沫,口の端からつばを飛ばすほどの激しい議論のこと。,
「コウカ」自煎,膏火自煎,才能や財産があると、逆に災いを招くことのたとえ。「膏」はあぶら、「煎」は焼くや炒ることで、あぶらは燃えて辺りを照らすが、あぶら自体は燃え尽きてしまうことから。,
「コウガン」哀鳴,鴻雁哀鳴,離散してさまよう民が、苦労や窮状を訴えることのたとえ。,
紅顔「カレン」,紅顔可憐,時の流れは無常だということ。「紅顔」は血色のよい若い青年、「可憐」は「あわれむべし」となって、気の毒ということ。,
光輝「サンゼン」,光輝燦然,強く鮮やかに光り輝くこと。,
綱紀「ハイシ」,綱紀廃弛,国家や社会の法律や秩序が廃れてゆるむこと。,
綱挙「モウソ」,綱挙網疏,細かいことにこだわらずに、根本をつかむことに力を入れること。または、巨悪の根源を挙げるために、小さな悪を許し見逃すこと。,
高軒「チョウカ」,高軒寵過,身分の高い人が訪ねてくること。「高軒」は他人の車の敬称で、立派な車という意味。「寵過」は名誉ある来訪という意味。,
「コウショウ」元吉,黄裳元吉（げんきつ）,忠義を尽くす家臣が主家に仕えると、必ずよい結果をもたらすということ。易経の言葉で、「黄裳」は黄色のもすそのことで、「黄」は五行で中心の色とされ、天子などの高貴なものの象徴で、もすそは家臣をたとえたもの。,
「コウシン」闘角,鉤心闘角,高さのある建物が密集していて、数多く建っている様子。「鉤心」は車軸ということから、屋根の中心が集まっているところをいう。「闘角」は角を突き合わせて戦うこと。そりかえっている屋根の中心が集まって、とがった軒先が角を突き合わせて闘っているように見えるという意味から。,
「コウジョウ」規矩,鉤縄規矩,物事の法則や基準になるもののこと。,
「コウジン」万丈,黄塵万丈,風に吹かれて空高くまで黄色い土煙が舞い上がること。,
「コウダイ」無辺,宏大無辺,果てがないほど、広々としていること。,
「コウテイ」忠信,孝悌忠信,誠意を込めて親や目上の人に仕えること。 「孝悌」は両親や目上の人にしっかりと仕えること。 ,
「コウハ」臥轍,侯覇臥轍,善政を行った立派な人物の留任を願って、引き止めること。 「侯覇」は中国の後漢の人の名前。 「臥轍」は車の通り道で、人が伏して通れなくすること。 ,
黄髪「ハハ」,黄髪番番,白髪が黄色がかるほどに歳老いた老人のこと。知識や経験を重ねた老人をいう言葉。,
香美「ゼイミ」,香美脆味,極めて贅沢な食事のこと。「香美」は香辛料のきいた、よい香りのする料理。「脆味」は柔らかい菓子。,
紅粉「セイガ」,紅粉青蛾,美人を言い表す言葉。または、美しい化粧のこと。「青蛾」は眉を蛾の触角のように、細長く三日月の形で青い色で描くこと。,
「コウホウ」漂麦,高鳳漂麦,心を込めて学問に取り組むこと。高鳳は妻に干した麦の番をするように頼まれたが、読書に夢中になり、雨が降って麦が流されたことに気がつかなかったという故事から。,
「コウボウ」白葦,黄茅白葦,荒れ果てて痩せた土地のこと。茅と葦は、どちらも荒れて痩せた土地でも生える植物で、茅と葦しか生えていなくて黄色や白に見えるという意味から。,
孔明「ガリョウ」,孔明臥竜,まだ世間に知られていない、素晴らしい才能をもつ人のたとえ。「孔明」は中国の三国時代の蜀の宰相、諸葛亮のこと。,
紅毛「ヘキガン」,紅毛碧眼,西洋人のこと。 ,
「コウモウ」老荘,孔孟老荘,古代中国の四人の思想家をまとめていう言葉。,
「コウヨウ」雁断,衡陽雁断,便りがなくなること。「衡陽」は中国の山の衡山の南のこと。衡山には回雁峰と呼ばれる険しい峰があり、雁は南へ行こうとしても、これを越えることができず、北に戻っていくということから。,
甲論「オツバク」,甲論乙駁,議論の結論が出ないこと。,
「コウン」野鶴,孤雲野鶴,世間から離れた隠者のたとえ。,
「コカ」虎威,狐仮虎威,虎の威を借る狐。,
「コクメン」鳥形,鵠面鳥形,飢えと疲労で痩せ細って、衰えている様子。「鵠面」は鳥の白鳥のように痩せ細った顔のこと。「鳥形」は鳥のように痩せ細っていること。,
「コシ」首丘,狐死首丘,生まれ育った地を忘れないことのたとえ。または、物事の根本を忘れないことのたとえ。狐は、死ぬときに生まれ育った丘に頭を向けて死ぬということから。,
古色「ソウゼン」,古色蒼然,とても古びている様子。または、古びていて趣のあること。,
「コセツ」乱道,胡説乱道,辻褄が合わないでたらめな議論や言葉。「胡説」はでたらめな議論。,
「コソン」入袋,胡孫入袋,民間にいた人が、公職についたために自由が無くなること。または、物事を自由に行えないこと。「胡孫」は動物の猿の別称。猿が袋の中に入れられるという意味から。,
国君「ガンコウ」,国君含垢,"君主は将来のことを考えて、一時的な恥は耐えるべきであるという教え。
または、君主には臣下の失敗を許す度量が必要であるという教え。",
枯木「リョウギン」,枯木竜吟,一度衰えたものが回復する。または、苦しい状況を抜け出して生を得ること。禅宗の言葉で、枯れているように見える木が風に吹かれると、竜が声を発するような勢いで音が鳴るという意味から。,
「コリ」妖怪,狐狸妖怪,人を騙したり、恐れさせたりする化け物のこと。または、人知れず悪事を働くもののこと。,
金剛「フエ」,金剛不壊,並外れて固く、決して壊れないこと。 ,
剛毅「カダン」,剛毅果断,意志が固く、思い切った決断と行動をすること。,
剛毅「チョクリョウ」,剛毅直諒,裏表がなく誠実で意志が固いこと。,
「ゴオン」盛苦,五陰盛苦,人の体と心を構成している五つの要素から生まれる苦しみのこと。,
五穀「ホウジョウ」,五穀豊穣,穀物が充分に実ること。,
「ゴショウ」菩提,後生菩提,来世に極楽に生まれ変わること。または、来世に生まれ変わって悟りを得ること。,
「ゴジョウ」陰苦,五盛陰苦,人の体と心を構成している五つの要素から生まれる苦しみのこと。,
「ゴジョク」悪世,五濁悪世（あくせ）,末世のこと。仏教の言葉で、五つの汚れに満ち溢れた世界ということから。,
「ゴドウ」一葉,梧桐一葉,物事が衰える前兆のこと。「梧桐」は植物のあおぎりのこと。あおぎりは他の木よりも早く葉が落ちるとされ、あおぎりの葉が一枚落ちるのを見て、秋が来ることを知るという意味から。,
「ゴング」浄土,欣求浄土,死んだ後に極楽浄土に往生できるように願うこと。,
「サイカ」汲水,採菓汲水（きっすい）,仏に供えるために木の実を採ったり水を汲むなど、仏道修行に努めること。,
「サイシン」汲水,採薪汲水,自然の中で質素な生活をすること。,
左支「ユウゴ」,左支右吾,様々な手段を用いて危険を防ぐこと。または、左右のどちらにも差支えがあること。あれこれ言い逃れをして危険を回避しようとすること。 左を支えて、右を防ぐという意味から。,
三者「テイダン」,三者鼎談,三人で向かい合って話し合うこと。「鼎」は物を煮たり、祭器として使われる底の深い器で、足が三本あるということから。,
三十「ジリツ」,三十而立,三十歳になって、自分の中の道徳観や学識が確立して、それが自信になって思想が固まること。,
「サンソウ」蔵疾,山藪蔵疾,大きな事を成す人物は、どんな人でも包みいれる器量があるということのたとえ。または、どんなすぐれた人物でも一つくらい弱点があるということ。「山藪」は山と藪のことで、立派な人物のたとえ。,
参天「ジチ」,参天弐地,天や地のように大きな徳を積むこと。「参天」は天と並ぶこと。「弐地」は地と並ぶこと。,
「サントウ」識量,山濤識量,すぐれた判断力や考え、器量をもっている人のこと。「山濤」は人の名前。「識量」は知識や器量のこと。,
三分「テイソク」,三分鼎足,力が同じものが三人並び立つこと。「鼎」は食べ物を煮たり、祭器として使われる三本足の器。,
「サンレイ」河帯,山礪河帯,永久に変わらないかたい誓約のこと。または、国が平和で栄え続けること。広い黄河が帯のように細くなっても、高い泰山がすりへって砥石のように平になっても、長く変わることがないという意味から。,
「ザガ」行歩,坐臥行歩,日常的に行う動作の体の動かし方のこと。,
「ザサ」進退,坐作進退,日常生活で行う動作の体の動かし方。立ち居振る舞い。,
「ザシン」懸胆,座薪懸胆,目的を果たすために、苦難に耐えて機会を待つこと。「座薪」は固い薪の上に座ること、「懸胆」は枕元に苦い肝を懸けて、寝起きになめること。,
斬衰「シサイ」,斬衰斉衰,親しい関係の人の死んだ時に使う喪服。「斬衰」は縁を縫っていない喪服で、君主や父親が死んだ時に使う、最も重い三年の喪の期間に着る服。「斉衰」は縁を縫っている喪服で、母親や妻が死んだ時に使う、二番目に重い一年の喪の期間に着る服。,
残息「エンエン」,残息奄奄,どうにか呼吸が出来ているような、死んでしまいそうな状態のこと。または、そのような状態のことから、広く色々なことが滅びてしまいそうな苦しい状況のこと。,
紫幹「スイヨウ」,紫幹翠葉,山の木々がみずみずしく青々としていて美しい様子。,
「シカン」打坐,只管打坐,雑念を捨ててわきめもふらず座禅を組むこと。「只管」はひたすら、一心に。「打坐」は座禅をすること。,
史魚「シカン」,史魚屍諫,史魚が自らの死体を使い主君をいさめたという中国の故事。「史魚」は人物の名前。,
「シグ」誓願,四弘誓願,仏になろうとする修行者や菩薩が願いかなえると誓う四つのこと。,
「シザン」血河,屍山血河,この上なく激しい戦闘のこと。 または、その惨状のこと。 ,
「シシ」奮迅,獅子奮迅,ライオンが奮い立つように激しい勢いで活動することやその様子のこと。 ,
「シショウ」輪輿,梓匠輪輿,「梓」は家具職人、「匠」は大工、「輪」は車輪を作る職人、「輿」は車台を作る職人のことで、これらの総称。,
「シシ」累累,死屍累累,死体が当たり一面に積み重なり、むごたらしい様子。 ,
七十「コキ」,七十古稀,昔から七十歳まで生きることが出来る人は稀だということ。,
七堂「ガラン」,七堂伽藍,寺の主な七つの堂の総称。または、七つの堂の揃っている寺のこと。,
七歩「ハッサ」,七歩八叉,詩文の才能にめぐまれていること。魏の曹植は七歩歩く間に詩を作り、唐の温庭インは八回腕を組む間に八韻の賦を作った故事から。,
「シッカイ」成仏,悉皆成仏,「悉皆」は一つ残らず、全てのものという意味で、仏教語でこの世の生きている全てのものが成仏すること。,
漆身「ドンタン」,漆身呑炭,"仇討ちや復讐をするために、非常に苦労すること。 
「漆身」は漆を身体に塗る、「呑炭」は炭を呑むこと。 ",
紫電「イッセン」,紫電一閃,刀剣などが稲妻のように一瞬きらりときらめくことから、一瞬や極めて短い時間のこと。 ,
資弁「ショウシツ」,資弁捷疾,「資弁」は生まれつき弁舌が達者、「捷疾」は速いや素早いことから、生まれつき弁舌が達者で、行動が素早いこと。,
子墨「カクケイ」,子墨客卿,文人。詩文を作る人のこと。「子墨」は墨を擬人化した表現、「客卿」は他国から来ている客分待遇の高官のこと。,
社燕「シュウコウ」,社燕秋鴻,出合って間もない間に分かれること。「社燕」は春の社日にきて、秋の社日に去る燕、「秋鴻」は秋にきて春に去る白鳥のことで、燕と白鳥がすれ違う短い出会いという意味から。,
「シャクコン」灌枝,釈根灌枝,「釈根」は根を捨てる、「灌枝」は枝に水を注ぎかけるという意味から、他の事に気をとられて物事の本質を忘れること。または、問題の本質を調べることをせずに結果だけを問題にすること。,
杓子「カホウ」,杓子果報,「杓子」は菜や汁を盛る道具、「果報」は幸せのことで、杓子に食べ物が山盛りに配られるという意味から、運に恵まれること。,
車水「バリョウ」,車水馬竜,"車や馬などの乗り物の往来がとてもにぎやかな様子。 
車は流れる水のように、馬は竜のように連なっているという意味。",
周章「ロウバイ」,周章狼狽,予想していなかったことが起きて、ひどく慌てること。「周章」と「狼狽」はどちらもひどく慌てるという意味。,
終南「ショウケイ」,終南捷径,正規の試験などをすることなく官職につくこと。「捷径」は近道、最短距離の道のこと。終南山で隠居していた盧蔵用が、則天武后に召されて官職を得た故事から、終南山で隠者のふりをすることで名声が上がって仕官への近道になるという意味。,
秋風「サクバク」,秋風索莫（落莫）,勢いが弱くなって、物寂しい様子のこと。夏が過ぎて、秋の物寂しい風が吹くという意味から。「索莫」は物寂しい様子。,
「シュクコウ」夜寝,夙興夜寝,朝から夜遅くまでずっと仕事に精を出すこと。「夙興」は朝早く起床すること。,
「シュコウ」墨守,輸攻墨守,攻める方も守る方も知略を尽くして戦うこと。「輸」は公輸盤、「墨」は墨子のことで、どちらも人の名前。公輸盤が攻めて、墨子が守るという意味から。宋を攻めようとしていた楚の公輸盤を墨子が机上の仮説で守り抜き、それを見て感嘆した楚王は、宋を攻めないことを誓ったという故事から。,
守株「タイト」,守株待兎,古いしきたりを守ることにしばられて、融通がきかないこと。または、思いがけない幸運が起こることを頼りにする愚かさのこと。「守株」は切り株を見つめること。「待兎」は兎を待つこと。中国の春秋時代の宋の国で、偶然に木の切り株にぶつかって死んだ兎を手に入れた農夫は、それからずっと切り株を見つめて過ごし、畑が荒れ果てたという故事から。,
「シュソ」両端,首鼠両端,二つの中でどちらかに決めることができず、選べない曖昧な態度のたとえ。または、情勢をみて、どうするか決めること。ねずみが穴から顔を出して、きょろきょろと様子をうかがうという意味から。,
出谷「センキョウ」,出谷遷喬,出世すること。「遷喬」は高い木に移ること。鳥が谷から出てきて高い木に移るということから、高い地位を手に入れることのたとえ。,
「シュノウ」飯袋,酒嚢飯袋,能力も知識もない人のこと。「嚢」は袋のこと。酒を入れる袋と飯をいれる袋という意味から。飯を食い、酒を飲むだけの何の役にも立たない人のことをいう。,
「シュレン」璧合,珠聯璧合,才能のある多くの人材が一つのところに集まること。または、結婚を祝う言葉。たくさんの宝石が連なりあうという意味から。,
株連「マンイン」,株連蔓引,全ての関係した者を罰すること。「株連」は植物の根のひとつのまとまりのこと。「蔓引」は蔓を引いて抜くこと。植物の蔓を引いて、根のまとまりを一気に引き抜くという意味から。,
「シュンア」秋蝉,春蛙秋蝉,全く意味がなく、ただうるさいだけの言論のこと。春の蛙や秋の蝉のようにやかましいという意味から。,
駿足「チョウハン」,駿足長阪,すぐれた能力を持っている人が、自分の才能を試すために、難しいことに挑んでみたいと思うこと。「駿足」は速く走ることができる馬。「長阪」は長い距離のある坂道。速く走ることができる馬は、長く険しい坂道を駆けてみたいと思うという意味から。,
小家「ヘキギョク」,小家碧玉,貧しい家庭で生まれ育った、美しい容姿の女性のたとえ。または、貧しい家庭にある宝物のこと。「小家」は貧しく卑しい家という意味で、自身の家を謙遜していう言葉。「碧玉」は青い色の宝石。または、中国の東晋の汝南王の愛人の名前。,
消息「エイキョ」,消息盈虚,時代が変化していくこと。「消息」は消えたり生まれたりすること。または、繁栄したり衰退したりすること。「盈虚」は満ちたり欠けたりすること。または、繁栄したり衰退したりすること。,
「ショウフウ」俳諧,蕉風俳諧,日本の江戸時代の俳人の松尾芭蕉と、その一門によって確立された俳諧のこと。,
「ショウボク」倫序,昭穆倫序,祖先の霊を祭っている建物の宗廟の序列には、一定の決まりがあるということ。「昭」は太祖を中央にして、左側に二世、四世、六世を祭ること。「穆」は太祖を中央にして、右側に三世、五世、七世を祭ること。「倫序」は順序のこと。,
鐘鳴「テイショク」,鐘鳴鼎食,財産も地位もある人の贅沢な生活のこと。「鐘鳴」は鐘を鳴らして食事の時間を知らせること。「鼎食」は祭器としても使われる、三本足の器の鼎に料理を盛って、たくさんの鼎を並べて食事すること。,
笑面「ヤシャ」,笑面夜叉,見た目は笑顔だが、心のそこで悪いことを考えていること。「夜叉」は人に害を与える悪い鬼神のこと。,
処女「ダット」,処女脱兎,兵法の一つで、始めのうちは大したことのないように見せて相手を油断させ、後にものすごい勢いを発揮することのたとえ。おとなしい少女に見せかけて油断させ、その後に逃げる兎のような勢いで攻めるということから。,
支葉「セキモ」,支葉碩茂,本家と分家、一族の全てが繁栄すること。「支葉」は枝と葉のことで、本家と分家のたとえ。「碩茂」は大きく繁栄すること。,
「シラン」玉樹,芝蘭玉樹,才能のあるすぐれた人材や子弟のこと。または、一族や一門から人材を輩出すること。「芝」は霊芝のこと。「蘭」は藤袴のこと。どちらも植物で香り高いということから、すぐれた才能を持つ人のたとえ。,
「シラン」結契,芝蘭結契,良い影響を受ける賢者との交友。 「芝」は霊芝のこと。 「蘭」は藤袴のこと。 どちらも植物で香り高いということから、善人や賢者のたとえ。,
指鹿「イバ」,指鹿為馬,間違っていたり、理屈に合わないと理解していても、無理に押し通すこと。中国の秦の始皇帝の死後に、権力を得ようとした趙高は、二世皇帝に鹿を馬と言って献上した。そのことに対して、何も言わなかった人や、それは馬だと言った人、鹿だと言った人がいたが、趙高は鹿と言った人は全て処罰したという故事から。,
辛苦「ソウホウ」,辛苦遭逢,非常に辛く苦しい出来事にあうこと。,
「シンシ」錯落,参差錯落,様々な不揃いなものが入り混じっている様子。「参差」は大きさや長さが揃っていない。「錯落」は色々のものがごちゃごちゃと交ざっていること。,
慈烏「ハンポ」,慈烏反哺,育ててくれた親に恩返しすること。「慈烏」はカラスの別名、「反哺」は口移しで餌を与えること。成長したカラスは、口移しで老いた親に餌を与えて幼時の恩を返すといわれていることから。,
「ジエイ」保泰,持盈保泰,安らかで満ち足りた状態を維持し続けること。 または、慎重に行動して災いを招かないようにすること。 「持盈」は満ち足りた状態を維持すること。 「保泰」は安らかなことを維持すること。 ,
自家「ドウチャク」,自家撞着,同じ人の行動や言動が前後で辻褄が合わないこと。 「自家」は自分自身のこと、「撞着」は辻褄があわないこと、矛盾していること。,
「ジコン」而後,而今而後,今より後やこれから、今後という意味。,
日月「セイシン」,日月星辰,空のこと。または、太陽、月、星などの天体のこと。 「星辰」は星座。星の総称。,
自然「ホウニ」,自然（じねん）法爾,浄土真宗で如来の絶対的な他力に身を任せること。 「自然」は外部からの影響ではなく、自ずからそうであること。 「法爾」は法則のままやあるがままということ。 全てのものは、自ずから如来の知恵のあらわれであり、真理にかなっているということ。 ,
慈悲「ニンニク」,慈悲忍辱,仏教語で、「慈悲」は慈しみ深い心、「忍辱」は苦難を耐えてしのぶことで、情け深くどんな苦難も耐えてしのぶこと。または、僧が守るべき道のこと。,
「ジュウテイ」鳥跡,獣蹄鳥跡,世の中が酷く乱れていること。「獣蹄」は獣の足跡。獣や鳥の足跡が町中に溢れるという意味から。,
純真「ムク」,純真無垢,邪念や私欲などのない清らかな心を持っていること。または、自然のままで飾り気のない様子のこと。,
純情「カレン」,純情可憐,邪念や私欲などがなく清らかで、素直で愛らしいこと。,
「ジュンプウ」美俗,醇風美俗,他人への思いやりのある、美しく望ましい風俗や習慣。「醇風」は人への思いやりのある習慣。「美俗」は美しい習慣。,
冗員「トウタ」,冗員淘汰,必要のない人員を減らして整えること。,
「ジョウグ」菩提,上求菩提,菩薩がさらに高みを望んで、完全な悟りの境地を求めること。仏教の言葉で、仏教の修行者の菩薩が、自身が仏になるために、煩悩を捨て去った悟りの境地である菩提を求めるという意味から。,
城狐「シャソ」,城狐社鼠,君主や権力者の威光を笠にきて悪事を働く者のたとえ。 「城狐」は城に住んでいるきつね。 「社鼠」は神社などの社に住んでいるねずみ。 そのような動物を駆除するためには、その場所を壊さないといけないので、悪いことをしても駆除することが難しいことから。 ,
情緒「テンメン」,情緒纏綿,感情が深く、いつまでも心から離れないこと。「情緒」は感情や気分。「纏綿」はまとわりつくという意味。,
常住「ザガ」,常住坐臥,ふだん、いつも。,
「ジョウタン」手段,常套手段,いつも決まって使われる手段や方法のこと。,
「ジョウヨ」車駕,乗輿車駕,天子が乗る車。または、天子のこと。「乗輿」と「車駕」はどちらも天子が外出するときに使う車のこと。,
「ジョウヨ」播越,乗輿播越,天子が都を落ち延びて、遠くの他国を流浪すること。「乗輿」は天子が乗る車のこと。「播越」は居場所がなくなって、他国を流浪すること。,
「ジョウリン」凡介,常鱗凡介,普通の人のたとえ。「鱗」は魚の鱗のことから、魚のたとえ。「介」は貝のこと。普通の魚と平凡な貝類という意味から。,
「ジョウロウ」下湿,上漏下湿（かしゅう）,貧しい家、あばら家を言い表す言葉。屋根からは雨が漏れてきて、床から湿気が上がってくるという意味から。,
人為「トウタ」,人為淘汰,"数多くの中から、目的にあった性質を持った個体を選んで残していくこと。
家畜や植物などの品種改良の方法の一つ。",
「スイショク」冷光,翠色冷光,冷たく感じるような青い光のこと。また、月の光りを表現したもの。,
水滴「セキセン」,水滴石穿,小さい力でも積み重なれば強大な力になることのたとえ。 ,
水天「イッペキ」,水天一碧,水平線で海と空の境が、区別できないように青い色一色に溶け合っている様子のこと。,
水到「キョセイ」,水到渠成,学問を身につけると、それに伴って徳も自然に備わるということ。または、物事は手を加えなくても、時がたてば自然と望んだとおりになるということ。「渠」は溝や堀のことで、水が流れると、土が削られていって、水の流れだけで溝が出来上がるという意味から。,
推本「ソゲン」,推本溯源,物事の根本を考えて、その全てを知ろうとすること。根源を推察して、根源にさかのぼるという意味から。,
「スウエン」附熱,趨炎附熱,その時に権力のあるものにこびへつらうこと。「趨」は走ること。「炎」と「熱」は激しい勢いがあるもののたとえ。勢いのある炎に走って向かい、熱いものにつくということから。,
寸指「ソクエン」,寸指測淵,考えの浅い行為。または、実際に行うことが不可能なこと。一寸の長さしかない指で、水の深い場所の深さを測ろうとするという意味から。,
「ズイシュ」弾雀,随珠弾雀,使い方や使うものが適切ではないこと。または、利益が少なく損失が多いこと。「随珠」は随侯が大蛇を助けたときに贈られたとされる伝説の宝玉で、その貴重な宝玉を雀を打ち落とすために弾として使うということから。,
「ズサン」脱漏,杜撰脱漏,物事のやり方が雑で、間違っている部分が多いこと。,
精衛「テンカイ」,精衛塡海,実現不可能な計画を立てて、結局失敗して無駄に終わること。 または、いつまでたっても悔やんでいること。 「精衛」は伝説上の小鳥の名前。 「塡海」は海を埋めること。 伝説上の皇帝炎帝の娘である女娃は東海で溺れ死んだ。 女娃は伝説上の小鳥「精衛」に化身し、自身の死んだ東海を小石や小枝などで埋めようとしたが、失敗に終わったという故事から。,
並駕「セイク」,並駕斉駆,能力や実力、地位などに差がないこと。 「駕」は馬車や乗り物のこと。 「斉駆」はそろって走らせること。 一台の馬車を数頭の馬で引っ張り疾駆することで、ともに肩を並べて進み、力に差が無いことのたとえ。 ,
西施「ホウシン」,西施捧心,同じ行動でも、人物や状況の違いによって善悪の差が生じること。または、病気に苦しむ美しい女性の様子のこと。「西施」は越の有名な美女の名前。病を患った西施は、眉をひそめながら痛む胸をおさえて歩くことが多かったが、多くの人がその姿を美しいと見惚れた。その様子を見ていた村の醜い女性が、真似をして同じように歩くと、皆が逃げ出したという故事から。,
西狩「カクリン」,西狩獲麟,文章を書くことを止めること。または、物事の終わりという意味。または、狩りに行って麒麟を捕らえたという故事から。「麟」は太平の世で、天子の出現に応じて現れるとされる麒麟という聖獣のこと。乱世の世に西の方で捕らえられ、神聖なはずの麒麟を人々は不気味だと恐れたのを見て、孔子は今まで自分がやってきたのは何だったのかと思い、『春秋』を最後に筆を置いたとされる故事から。,
「セイジュウ」東夷,西戎東夷,西方と東方の異民族の蔑称。 ,
清浄「ムク」,清浄無垢,汚れのない清らかな様子。 仏教では、煩悩がなく澄んでいる心のこと。,
「セイソウ」麗服,盛粧麗服,美しく着飾ること。,
清濁「ヘイドン」,清濁併呑,善も悪も全て受け入れること。人としての器が大きく、どんなことでも受け入れること。「清濁」は清らかなものと濁っているもののことで、善と悪や、賢者と愚者などのたとえ。清らかなものも濁っているものも全てを飲み込むという意味から。,
「セキガク」大儒,碩学大儒,様々な学問を深く習得した学者。または、学問の道を極めつくした大学者のこと。「碩学」は学問を深く習得していること。「大儒」は大学者や儒学者のこと。,
「セキザン」寸水,尺山寸水,高い山の上から見下ろした景色。「尺」と「寸」はどちらも長さの単位で、どちらも短い長さのたとえ。上から見た他の山や川が小さく見えるということから。,
「セキシ」名人,碩師名人,すぐれた功績のある学者や、高い名声のある人。または、徳の高い人や、人望のあつい人。「碩師」は大学者。,
積水「セイエン」,積水成淵,小さいものでも、数が多くなれば大きな力になるということ。または、努力を積み重ねていけば願いを叶えることが出来るということ。少しの水も集まれば淵になるという意味から。,
「セキタン」寸長,尺短寸長,どんな人にも長所と短所は必ずあるということ。「尺」と「寸」はどちらも長さを表す単位。場合によっては一尺でも短いと感じることもあり、一寸でも長いと思うことがあるという意味から。,
「セキヘキ」非宝,尺璧非宝,時間は非常に大切なものであるということのたとえ。「尺璧」は直径が一尺ほどある宝石。一尺の直径がある宝石も時間に比べると大した宝物ではないという意味から。,
折衝「ギョブ」,折衝禦侮,敵の攻撃を防いで、相手を恐れさせること。「折衝」は攻撃してくる敵の武器をくじくこと。「禦侮」はこちらを侮ることを防ぐという意味。,
「セツイ」素餐,窃位素餐,高い地位をもっているだけの無駄飯食い。または、職務を果たさず、無駄に高い給料を得ていることのたとえ。「窃位」は才能も人徳もないのに高い地位についていること。「素餐」は何もせずに食べること。,
切切「シシ」,切切偲偲,善を勧めて、互いに励ましあいながら磨きあうこと。 「切切」と「偲偲」はどちらも心をこめて元気付けるという意味。 「切偲」という善を勧めて励ましあうという意味の言葉を重ねて強調した言葉。 孔子の弟子の子路が、孔子に士人とはどういう人かと訪ねたという故事から。,
旋乾「テンコン」,旋乾転坤,国の情勢を一変すること。「旋」と「転」は根本から回すという意味。「乾」は天、「坤」は地のこと。天地を一回転させて、正しい状況に戻すという意味から。,
千錯「バンソウ」,千錯万綜,様々なことが複雑に入り混じっていること。,
千射万箭「バンセン」,千射万箭,一つ一つのことに手を抜いてはいけないという教え。「箭」は矢のこと。弓道の心得をいう言葉で、千本万本の矢を射るときでも、今射る矢をおろそかにせず、新たな気持ちで望むべきということ。,
千成「ヒョウタン」,千成（せんなり）瓢箪,豊臣秀吉の馬印のこと。小さく数が多い瓢箪の一種をいう。美濃攻めの時に、豊臣秀吉が瓢箪を高く掲げ合図を送った功績を織田信長に認められ、報酬として金の瓢箪を与えられて、瓢箪を馬印にすることを許されたといわれている。,
「センペキ」引光,穿壁引光,貧しい生活をしながら勉学に励むこと。苦学のたとえ。壁に穴を開けて隣の家の光を盗み、盗んだ光で勉強をするということから。前漢にいた匡衡は貧しく、灯火の油を買うことができず、壁に穴を開け、隣家の明かりを盗んで勉学に励んだという故事から。,
「センペン」一律,千篇一律,"物事がどれも同じで面白みがないこと。「千篇」はたくさんの詩文のこと。
「一律」は全て同じ調子という意味。",
千里「メイガ」,千里命駕,遠くにいる友人を訪ねること。 「千里」は非常に距離が離れていることのたとえ。 「命駕」は馬車の用意を命じること。 遠くの友人を訪ねるために、馬車の用意を命令するという意味から。 ,
「ゼンギョウ」方便,善巧方便,相手や状況に合わせたやり方を考えること。「善巧」は上手いこと。「方便」はやり方。仏教の言葉で、仏が人々に仏法を説く時のやり方をいうもので、相手の能力に合わせてやり方を変えるということから。,
前虎「コウロウ」,前虎後狼,災難などの辛いことが次から次へと起こること。前から来る虎を防いでも、すぐに後ろから狼がやって来るという意味から。,
前途「リョウエン」,前途遼遠,これから先の道のりが非常に遠いこと。,
「ソウギャ」藍摩,僧伽藍摩,寺院や寺院の建物の総称。 仏教語で、多くの僧が集まって修行する清らかな場所という意味。,
長身「ソウク」,長身痩躯,身長が高く痩せている体型のこと。 ,
白衣「ソウク」,白衣蒼狗,時世の変化がはやいことのたとえ。 「蒼狗」は青、または黒い犬のこと。 白衣に見えたかと思えば、すぐに形が変わって犬のように見える、空に浮かぶ雲のように変化がはやいという意味から。 ,
「ソウケイ」折軸,叢軽折軸,一つ一つは小さいものでも、数が多く集まれば大きな力になるということ。「叢軽」は軽いものが数多く集まること。「折軸」は車軸が折れること。軽いものでも数多く集まれば、車軸が折れるほどの重量になるという意味から。,
「ソウコ」蓬矢,桑弧蓬矢,男子が将来の目標や抱負をしっかりと決めること。または、その目標や抱負のこと。「桑弧」は桑の木で作った弓。「蓬矢」はよもぎで作った矢。古代中国の風習で、男の子が生まれると将来の活躍を願い、蓬矢を天地四方に射ていたことから。,
壮士「リョウウン」,壮士凌雲,俗世を超越しようとする気高くて立派なこころざしのこと。または、積極的に高みを目指すこころざしのこと。,
「ソウシン」殺人,曾参殺人,嘘の話でも、多くの人から何度も繰り返し話を聞かされていると信じてしまうことのたとえ。 「曾参」は人名。孔子の弟子。 ある時、曾参の親類の者が人を殺した。 誰かが誤って、曾参の母親に「曾参が人を殺した」と告げたが、曾参の母親は信じなかった。 しかし、二人目、三人目と同じことを告げに来ると、さすがに話を信じて、機織仕事をやめて家を飛び出したという故事から。,
「ソウジン」釜魚,甑塵釜魚,とても貧しいことのたとえ。 「甑」は蒸すための調理器具で、こしきやせいろのこと。 「魚」は蚊の幼虫のボウフラのこと。 こしきには塵がつもり、鍋にはボウフラがわいて炊事をすることができないほど貧しいことから。 ,
暮色「ソウゼン」,暮色蒼然,夕方になって、少しずつ暗くなっていく様子。 ,
「ソウカイ」桑田,滄海桑田,世の中の移り変わりが激しいことのたとえ。 「滄海」は大海のこと。 「桑田」は桑畑のこと。 大海だった所が桑畑になるような変化が起こるとの意から。 ,
「ソウボウ」危言,草茅危言,国民が国政を厳しく批判する声のこと。「草茅」は草むらのことで、一般の人たちのこと。「危言」は正しいことをありのままに言うこと。,
聡明「エイチ」,聡明叡知,聖人のもつ四つの徳のこと。または、生まれたときから賢く、すぐれた才能があり、先のことを見通すことができること。,
「ソエツ」同舟,楚越同舟,互いに仲が悪い人たちや、互いに敵対関係にある人たちが同じ場所にいたり、同じ境遇にあること。,
楚材「シンヨウ」,楚材晋用,自国のすぐれた人材が他国に移ってしまうこと。,
「ソシュウ」南冠,楚囚南冠,"捕虜として捕らわれていても、祖国のことを忘れないこと。
または、捕らわれて他国にいる人のこと。「楚囚」は他国に捕らわれた楚の国の人。「南冠」は南方にある国の様式の冠で、この場合の南方は楚の国のことをいう。中国の春秋時代、楚の鐘儀は晋に捕らえられていても、祖国である楚の国の冠をいつも被っていたという故事から。",
粗酒「ソサン」,粗酒粗餐,質素な酒と食事のこと。,
鼠窃「クトウ」,鼠窃狗盗,泥棒の異称。「鼠窃」は鼠のように他人に見つからないように盗みを働くこと。「狗盗」は犬の鳴き声の真似をして、家に入り込むこと。,
素波「ギントウ」,素波銀濤,白い波。または、白い雲や、白いもやなどのこと。「素波」は白い波。「銀濤」は大きな波の波頭。,
「ソム」雨雲,楚夢雨雲,男女の交わり、情交のたとえ。 中国の戦国時代の楚の懐王が昼寝をした際、夢の中で巫山の女神と情交を結んだ。別れ際に女神が「朝には雲となって、夕方には雨となってここに参ります」と言ったという故事から。,
「ゾウチョ」玉杯,象箸玉杯,贅沢な生活を言い表す言葉。または、贅沢な欲求が生まれ始めること。,
「ゾクサン」辺地,粟散辺地,辺境にある小さな国のこと。 粟の粒が散らばっているかのように、世界の果てにある小さな国という意味から。 中国やインドから見た日本のことをいう場合もある。 ,
泰山「コウモウ」,泰山鴻毛,"重さの差が激しいことのたとえ。「泰山」は中国の山の名前で非常に重いもののたとえ。「鴻毛」は鴻の羽毛のことで非常に軽いもののたとえ。
主に死の意義の有無についていう言葉。死刑宣告された友人に司馬遷が送った手紙の一説、「死は或は泰山より重く、或は鴻毛より軽し」を略した言葉。",
泰山「リョウボク」,泰山梁木,立派で優れている人物のこと。「泰山頽れ梁木壊る」という言葉を略したもので、孔子が自身の死を予見して歌ったとされ、立派で優れている人物の死を意味するようになった。「泰山」は中国の山東省にある山の名前。「梁木」は屋根を支えている長く太い木、梁のこと。中国の人々から最も尊ばれる、立派な風格のある山の泰山と、屋根を支えている重要な梁ということから。,
大名「テイテイ」,大名（たいめい）鼎鼎,よい評判が世間に広く知られること。「大名」はよい評判、名誉。「鼎鼎」は華やかな様子。,
多士「セイセイ」,多士済済,優れた能力や才能のある人物がたくさんいること。また、その様子。 「多士」は優れた才能や能力を持っている多くの人たちのこと。 「済済」は数が多くて盛んな様子や、立ち振る舞いの礼儀作法が整っていて立派なこと。 ,
「タンカツ」穿結,短褐穿結,貧しい人の質素な衣服。「短褐」は丈の短い粗末な布の服。「穿結」は破れていたり、繕ったりしている服。,
「タンシ」瓢飲,箪食瓢飲,質素な食事のたとえ。「箪」は竹でできた容器、わりご。「瓢」は瓢箪でできた容器、ひさご。わりご一杯の飯とひさご一杯の汁物だけの食事ということから。,
大智「ジョグ」,大智如愚,すぐれて賢い人は、一目見たくらいでは愚かな人に見えるということ。 本当の賢者は知識や才能を見せびらかさないということから。 ,
知己「ホウユウ」,知己朋友,互いのことをよく理解している友人。親密な関係の人。親友。 「知己」は自分の心をよく知っているという意味から親友のこと。 「朋友」は友人や友達のこと。,
竹頭「ボクセツ」,竹頭木屑,役に立たないもののこと。または、役に立たないように見えるものでも、役立つことがあるので粗末にしないこと。「竹頭」は竹の切れ端。「木屑」は木を削ったときに出るくず。船を作るときに出た木屑を捨てずにとっておき、雪道で滑らないようにまいたり、竹の切れ端から作った釘を船の修理に使ったという故事から。,
「チボウ」浅短,智謀浅短,浅はかな策略のこと。 考えが足りないこと。 ,
中原「チクロク」,中原逐鹿,多くの英雄が天子の位を狙って争うこと。または、一つの地位などの目的を狙って競い合うこと。,
「チユウ」兼備,智勇兼備,知恵と勇気の両方を持っていること。,
「チョウアイ」一身,寵愛一身,多くの人の中から特別に扱われ、一人で愛情を独占すること。,
「チョウエイ」夕虚,朝盈夕虚,人の一生が儚いことのたとえ。「盈」は満ちるという意味で、「虚」は「盈」の対語になる言葉で、空になるという意味。朝に繁栄したものが夕方には滅びるという意味から。,
「チョウシン」暮楚,朝秦暮楚,一定の場所に生活の拠点をもたずにふらふらと放浪すること。または、信念や主義などがすぐに変わる人のこと。朝には秦の国にいたのに、夕方には楚の国にいるという意味から。,
「チョウセン」暮塞,朝穿暮塞,建物を頻繁に壊したり、作ったりすること。「穿」は穴を掘ること。朝に穴を掘って、夜にはその穴を塞ぐという意味から。,
打打「ハッシ」,打打（丁丁）発止,激しい議論を交わすこと。 または刀などでお互いに激しく切り合って戦う様子を表す言葉。 ,
「チョウチン」大被,長枕大被,同じ布団で寝るほどに兄弟や夫婦が仲睦まじいことのたとえ。「被」は夜着や掛け布団のことで、元は夫婦仲がよいことだったが、玄宗皇帝が、息子兄弟が仲良く寝られるようにと、大きな布団と長い枕を作らせた故事から、兄弟の仲がよいことをいうようにもなった。,
「チョウテイ」曲浦,長汀曲浦,どこまでも遠くまで続く、美しい海岸線のこと。長く続く波打ち際と曲がりくねった入り江という意味から。,
「チョウヒョウ」画脂,凋氷画脂,苦労するだけで、なんの成果も得られないこと。氷に彫刻して、脂に絵を描くという意味で、どちらも跡形も無くなるということから。,
「チョウベン」馬腹,長鞭馬腹,どんなに大きな力があっても、どうすることもできないことがあるということ。または、大きすぎたり、長すぎたりすると逆に役に立たないということ。「長鞭馬腹に及ばず」を略した言葉で、鞭が長すぎると馬の腹に当たらないという意味から。,
鳥面「コクケイ」,鳥面鵠形,飢えのせいで、非常に痩せている様子。「鵠」は鳥の白鳥のこと。顔が鳥のように痩せていて、体は白鳥のように痩せているという意味から。,
「チョウヨウ」暮蚊,朝蠅暮蚊,度量の狭く、くだらない人が集まってきて鬱陶しいこと。朝には蠅がまとわりつき、日暮れには蚊がまとわりつくという意味から。,
「チョウレイ」磨滅,凋零磨滅,文物などが滅びて完全になくなること。「凋零」は草花がしおれて落ちること。「磨滅」はこすれてなくなること。,
直言「キョッカン」,直言極諫,自身が正しいと思うことは、相手にはっきりと言って諫めること。「直言」は遠慮せずに思ったことを言うこと。「極諫」は激しく諫めること。,
沈魚「ラクガン」,沈魚落雁,他と比べることもできないほどに美しい女性のこと。その女性を見た魚は恥らって水底に隠れ、女性を見た雁は見とれて空から落ちるということから。元は価値観の相対性を言った言葉で、人間の基準では絶世の美女でも、魚や雁からすれば恐れて逃げる対象でしかないということから。,
「チンケン」並茂,椿萱並茂,両親がどちらも健康で暮らしていること。 「椿」は古代の霊木。長寿の木で、父親のたとえ。 「萱」は勿忘草のことで、主婦の部屋の前に植えたことから、母親のたとえ。 「並茂」は並んで生い茂ること。 ,
「チンチャク」痛快,沈著痛快,落ち着きがあって、非常に心地よいこと。人の気質や、芸術作品などのことをいう言葉。,
珍味「カコウ」,珍味佳肴,この上なくおいしく、珍しい味のご馳走。「珍味」は珍しい味の食べ物。「佳肴」はとてもおいしい酒のおかず。,
通暁「チョウタツ」,通暁暢達,ある事柄について詳しく知り抜いていて、文章や言葉がのびやかで行き届いていること。「通暁」は物事に詳しく通じていること。「暢達」はのびのびとしている様子。,
通儒「セキガク」,通儒碩学,学問を広く深く学んだ学者のこと。または、学問の道を極めつくした大学者のこと。「碩学」は大学者など、学問の広く深い人のこと。,
「テイエイ」桑間,鄭衛桑間,国を滅亡に導くほどの下品で淫靡な音楽のこと。「鄭」と「衛」は春秋時代の中国の国の名前で、両国の音楽はみだらなものであったとされている。「桑間」は衛の地名のことで、殷の紂王の作った淫靡な音楽のことでもある。,
「テイハツ」落飾,剃髪落飾,髪を剃って仏門に入ること。特に身分の高い人が仏門に入ることをあらわす言葉。,
滴水「テキトウ」,滴水嫡凍,一瞬の気も抜かずに、禅の修業にはげむこと。「滴水」は水がしたたること。「嫡凍」の「嫡」はすぐにという意味で、「嫡凍」はすぐに凍るという意味。滴る水が間をおかずに凍る寒さということを、厳しい修行の緊張感にたとえた言葉。,
哲婦「ケイセイ」,哲婦傾城,賢い女性が事あるごとに口をはさむようになると、国家や城を傾け滅ぼしかねないということ。「哲婦」は賢い女性、「傾城」は城を傾けるという意味から、城を滅ぼすという意味。,
鉄網「サンゴ」,鉄網珊瑚,珍しい品物や、素晴らしい才能をもつ人物を得るために探すこと。海の底に鉄の網を沈めて、それに着生させ、成長したあとに引き上げて珊瑚を採取するという、唐の時代に東ローマ帝国で行われたとされる方法から。,
手前「ミソ」,手前味噌,自分で自分のことを自慢すること。各家庭で味噌を作ることが一般的であった頃、色々な工夫をこらして作った自分の味噌を周りに自慢していたことが語源とされている。,
「テンイ」勢峻,顛委勢峻,川のどこでも流れに勢いがあって激しいこと。「顛委」は頂上と末端という意味から、水の水源と末流、上流と下流という意味。「勢峻」は勢いが激しいこと。,
「テンエツ」不恭,顛越不恭,人としての道を外れて、君主の命令に従わないこと。「顛越」は転がり落ちるという意味から、人としての道を外れること。「不恭」は不謹慎な態度のこと。,
天淵「ヒョウタン」,天淵氷炭,違いの差が非常に大きいこと。「炭」は燃えている炭。「天」と「淵」、「氷」と「炭」という互いに性質が反対のものを並べて、非常に差があることをたとえた言葉。,
「テンゲン」蜜語,甜言蜜語,心地よい言葉。人を誘惑するような蜜のように甘く、心地よい言葉や、魅力的なおいしい話という意味から。,
天香「ケイカ」,天香桂花,月の中にあるとされる桂（かつら）の花のこと。 または、美人を言い表す言葉。 「天香」は天から香る、かぐわしい香り。,
「リンネ」転生,輪廻転生,仏教の言葉で、人が新しい命に生まれ変わりながら生死を繰り返すこと。 ,
天神「チギ」,天神地祇,全ての神のこと。「天神」は天を司る神。「地祇」は地を司る神。,
天地「シイジ」,天地四時,天地と四季のこと。「四時」は四つの時ということから、春、夏、秋、冬の四季のこと。,
点滴「センセキ」,点滴穿石,小さい力でも積み重なれば強大な力になることのたとえ。,
「テンプウ」地載,天覆地載,広く大きな人徳や慈愛の心のたとえ。「天覆」は天が上から広くこの世の全てのものを覆うこと。「地載」は地が下からこの世の全てのものを載せて支えること。天地が全てのものを包み込むという意味から、様々なことを受け入れる、人としての器量の大きさをいう。,
「テンボク」不破,顛撲不破,どうやっても議論で相手を言い負かすことができないこと。「顛」はひっくり返すこと。「撲」はたたくこと。ひっくり返したり、たたいたりしても破れないという意味で、学説などが批判や、反論など一切できないほどに正しいことをいう。,
天保「キュウジョ」,天保九如,長生きすることを願う言葉。「天保」は『詩経』の「小雅」の中にある篇の名前で、天子の長寿と平安を祈る詩。「九如」は「天保」の中で「如」の文字が九つ使われているということ。,
「テンユウ」神助,天佑神助,"天や神の助けのこと。または、予測していないような出来事に運良く助けられること。「天佑」は天の助けのこと。「神助」は神の助けのこと。どちらも、人の力の及ばないものからの加護という意味。
似ている意味の言葉を重ねて強調した言葉。",
泥車「ガコウ」」,泥車瓦狗,役に立たないもののこと。「泥車」は泥で作られた車。「瓦狗」は瓦で作られた犬。泥で作られた車は何も運ぶことができず、瓦で作られた犬は番犬としての役目を果たすことができないことから役に立たないものという意味。,
田園「ショウブ」,田園将蕪,田畑の働き手がいなくなって、雑草が生い茂って荒れ果てようとしている様子。「蕪」は雑草が生い茂ること。「田園将に蕪れなんとす」とも読む。,
伝観「ハロウ」,伝観播弄,たくさんの人が次々に手にとっていじくること。または、そうされること。「伝観」は次々に伝えて見ること。「播」は広く行き渡らせる、「弄」は手にとっていじくること。,
電光「ライゴウ」,電光雷轟,勢いが非常に激しいこと。,
「トウキ」西望,東窺西望,あちこちを見回して、落ち着きのない様子。,
桃三「リシ」,桃三李四,物事を成し遂げるには、それ相応に時間が必要であるということ。桃が実をつけるには三年が必要で、李が実をつけるには四年の年月が必要であるということから。,
投桃「ホウリ」,投桃報李,仲の良い友人同士で、お互いに物を贈りあうこと。 または、自分が徳を施せば、必ず徳で報いるということ。 「李」は植物のスモモ。 桃を贈られれば、お返しにスモモを贈るという意味から。,
「トウボウ」瓜分,豆剖瓜分,一つの国が小さく分裂すること。瓜や豆を割るように小さくわかれるという意味から。,
稲麻「チクイ」,稲麻竹葦,物がたくさんあることのたとえ。人や物がたくさん集まっていて群がっている様子をいう。植物の稲・麻・竹・葦が同じ場所に群がって生えているという意味から。,
「トウリ」満門,桃李満門,すぐれた人材が数多く集まること。人材を桃やすももにたとえた言葉で、味のよい桃やすももが門に満ち溢れるという意味から。,
「トキ」燕麦,兎葵燕麦,名前と実体が伴っていないこと。 「兎葵」は植物のいえにれ。 「燕麦」は植物のからすむぎ。 名前に「葵」や「麦」があるが、実際には違うということから。,
「トシ」燕麦,菟糸燕麦,名前と実体が伴っていないこと。「菟糸」は植物のねなしかずら。「燕麦」は植物のからすむぎ。名前に「糸」や「麦」があるが、実際には違うということから。,
兎死「クホウ」,兎死狗烹,利用できるときだけは重用されるが、利用できなくなるとすぐに捨てられるということのたとえ。兎がいなくなれば、兎を捕まえるための猟犬は必要なくなって、猟犬は煮て食べられるという意味から。元は、戦乱の世が終わって平和になると、武勲をあげた武将は必要なくなって殺されるということをいった言葉。,
斗酒「ヒャッペン」,斗酒百篇,たくさんの酒を飲みながら、たくさんの詩を作ること。「斗酒」の「斗」は容量の単位で、一斗の量の酒ということから、たくさんの酒のたとえ。「百篇」の「篇」は詩を数える単位で、百篇の詩ということから、たくさんの詩のたとえ。,
「トゾク」尺布,斗粟尺布,兄弟の仲が悪いこと。 「斗粟」の「斗」は容量の単位。 一斗の粟のことから、少しの食べ物のたとえ。 「尺布」の「尺」は長さの単位。 一尺の布のことから、少しの衣服のたとえ。 中国の漢の淮南王と文帝は腹違いの兄弟だったが、文帝はおごり昂って法に背く行いを多くしたために、淮南王に王位を奪われ流罪にされた。 その道中で文帝は悶え苦しみ、食を断って死んだ。 人々はそのことについて「一尺の布でも一斗の粟でも、分け合えば互いの寒さと飢えをしのげるのに、何故仲良くできなかったのか」と歌ったという故事から。 ,
途方「トテツ」,途方途轍,"物事の方法や理屈、道筋のこと。「途方」はやり方や道筋という意味。
「途轍」は通っていく道ということから、やり方や道筋という意味。",
「トミ」右見,左見右見（こうみ）,あっちを見たり、こっちを見たりすること。または、様々なことに注意を払うこと。右を見たり、左を見たりするという意味から。「と」はそのように、「こう」はこのようにという意味で、それに漢字を当てた言葉。,
「トモク」詩撰,杜黙詩撰,詩や文章にたくさんの間違いがあって、いい加減なこと。「杜黙」は人の名前。「詩撰」は詩や文章を作ること。中国の詩人の杜黙の作る詩や文章は、定型詩の格式にほとんど当てはまっていなかったということから。「杜撰」という形で使うことが多い言葉。,
「トンテイ」穣田,豚蹄穣田,少しの損失で大きな見返りを期待すること。「豚蹄」は豚のひづめ。「穣田」は田が豊かに実ること。豚のひづめのような些細なものを供えて、豊作の神に豊作を祈るという意味から。,
「トントク」虚静,敦篤虚静,人を思いやる心が厚く、心にわだかまりがなく、落ち着いていること。「敦」と「篤」は人情に厚い、他人を思いやる心が厚いこと。 「虚静」は欲が無く、落ち着いている心のこと。,
「ドウシ」以徳,道之以徳,道徳心を育てることで、人々は各々に考え、正しい生き方や考え方をするようになるということ。「之を道くに徳を以てす」とも読む。,
動静「ウンイ」,動静云為,人の言葉と行動。「動静」は普段の生活の立ち居振る舞い。「云為」は普段の生活の発言と行動。,
堂塔「ガラン」,堂塔伽藍,寺院の中にある建物をまとめていう名称。「堂」は神仏を祭る建物、「塔」はもとは釈迦の遺骨や遺物を納めた場所のことから、供養をするための重層の建築物のこと。「伽藍」は僧侶が集まって仏道の修行をする場所のこと。,
同病「ソウレン」,同病相憐,同じ境遇にあって、同じ苦しみを持つ者同士はお互いに同情する気持ちが強いということ。同じ病気になった者同士が互いに慰めあうという意味から。,
洞房「カショク」,洞房花燭,結婚して初めての夜。新婚初夜。 「洞房」は家の奥にある女性の部屋のこと。閨房。 「花燭」は華やかなろうそくの灯りのことから、婚礼という意味。 ,
「ドウヨウ」知秋,桐葉知秋,わずかな前兆や現象から、物事の本質や衰退を察知すること。「知秋」は秋が到来を知ること。一枚の葉が落ちることから、秋の訪れを察知するということから。,
土階「ボウシ」,土階茅茨,質素な建物のたとえ。 「土階」は土で出来た階段。 「茅茨」は茅葺きの屋根。 入り口の階段が土で出来ていて、茅葺きの屋根の宮殿という意味から。 古代中国の伝説の聖天子の尭帝と舜帝の宮殿を言い表した言葉。,
「ドンウン」吐霧,呑雲吐霧,仙人の術を使う人が、その術を使って雲を飲み込んで霧を吐き出すこと。または、仙人の術の修行をするときに、食べ物を食べずに気を養うこと。,
「ドンカ」臥酒,呑花臥酒,春の日を遊び楽しみ尽くすこと。春の素晴らしさや美しさを味わって、酒に酔って心地よくなって横になるということから。,
「ドント」不下,呑吐不下,質問の答えに困って、何もいえない様子。「呑吐」は呑むことと吐くこと。「不下」はその行動をする余裕がないということ。仏教の言葉で、呑むことも吐くこともできないということから。,
南山「ショウケイ」,南山捷径,正規の試験などを受けることなく官職につくこと。または、終南山には仕官への近道があるということ。「南山」は中国の山、終南山のこと。「捷径」は近道、最短距離の道のこと。終南山で隠者のふりをして生活することで名声が上がり官職を得ることができるという故事から、終南山は仕官への近道であるという意味。,
南都「ホクレイ」,南都北嶺,奈良と比叡山のこと。 または、奈良の興福寺と比叡山の延暦寺のこと。 「南都」は京都からみて南の都である奈良、または奈良にある興福寺のこと。 「北嶺」は比叡山、または比叡山にある延暦寺のこと。 ,
日常「ザガ」,日常坐臥,「いつでも」「常に」「日ごろ」などの意味。「坐」は座ること、「臥」は寝ることから、「坐臥」は起きているときも寝ているときもいつでもということ。,
忍気「ドンセイ」,忍気呑声,怒りや悔しさを声に出さずに抑え込むこと。 「忍気」は怒りをこらえること。 「呑声」は息を呑んで声にしないこと。 ,
「ノウヨウ」隠爪,能鷹隠爪,すぐれた人は人前で無闇に能力を誇示しないということ。 ,
「ハイエイ」吠声,吠影吠声,一人が根拠のないうそのようなことでも言い始めると、周りが同調して本当のことのように広めること。,
「ハイカン」野史,稗官野史,民間に伝わる物語や言い伝え、うわさなどを歴史風に書いたもの。,
杯賢「シャクセイ」,杯賢杓聖,「杯」と「杓」を賢者と聖人にみたてて酒を飲むことを美化した言葉。,
伯夷「シュクセイ」,伯夷叔斉,私欲がなく清らかな人格の人のたとえ。「伯夷」と「叔斉」はどちらも人の名前。伯夷と叔斉は自国を出て、周の文王に身を寄せた。文王の死後、息子の武王が後を継ぎ、自身の主君である殷の紂王を討とうとしたので、不忠だと諫めたが聞き入れられなかった。その後、紂王を討ち取った武王が周王朝を建てたが、伯夷と叔斉は主君を討ち取った武王を非難し、周のものを食べることを恥として、周から離れて隠遁した後に餓死したという故事から。,
「ハクコウ」貫日,白虹貫日,心が天に伝わること。または、戦乱になって君主に危険が迫ることのたとえ。白い虹が太陽を貫く現象をいい、この現象は願いが天に伝わったときや、戦乱によって危険な状況に陥る前兆として発生するとされている。,
「ハクト」赤烏,白兎赤烏,時間のこと。「白兎」は月に住んでいるとされる白い兎。「赤烏」は太陽の中に住んでいるとされている三本足の烏。どちらも中国の伝説で、月と日のことをいい、そこから時間のたとえとして用いられる。,
博聞「キョウシキ」,博聞彊識,様々なことを聞き知っていて、その内容をしっかりと覚えていること。「博聞」は色々なことを聞き知っていること。「彊識」はしっかりと覚えていること。,
「ハクリョウ」魚服,白竜魚服,身分の高い人が気付かれないように出掛けて、不幸な出来事にあうこと。「白竜」は白い竜ということから、天帝の使者のこと。「魚服」は魚の服装をするという意味から、身分の高い人がみすぼらしい格好をすることのたとえ。天帝の使者である白い竜が魚の姿になって泳いでいると、漁師の予且に目を射抜かれて捉えられたという故事から。,
「ハクリョウ」白雲,白竜白雲,古代中国で使われていた、裁判官の別名。「白竜」と「白雲」はどちらも古代中国での裁判官の別名で、「白竜」は伏羲の時代、「白雲」は黄帝の時代。,
「ハック」空谷,白駒空谷,賢者が官職などに取り立てられず、公的な機関に属していないこと。「白駒」は賢者が乗るとされる白い毛の馬ということから、賢者のたとえ。「空谷」は人の気配が全くない谷。白馬が誰もいない谷にいるという意味から。,
「ハッコウ」一宇,八紘一宇,"天の下では民族などに関係なく全ての人は平等であるため、世界を一つにまとめて一つの家のようにしようという考えのこと。「八紘」は天地の東西南北の四つの方向と、北東、南東、南西、北西の四つの隅を合わせたものということから、世界全体のこと。
「一宇」は一軒の家のこと。第二次世界大戦で日本が国家の理念として打ち出し、大東亜共栄圏のための海外進出を正当化するために使われた言葉。",
「ハッショウ」指示,発縦指示,戦闘の指揮をすること。または、そのような人のこと。猟犬を放って猟犬に獲物の場所を指示するという意味から。項羽を滅ぼした漢の劉邦は、指揮をとった蕭何を戦争の一番の功労者としたが、実際に戦ったわけではないといって、臣下たちが抗議したという故事から。,
「ハトウ」万里,波濤万里,遠く離れた外国のこと。または、遠く離れた外国へ行くための航路のこと。「波濤」は大きな波。「里」は距離の単位の一つで、「万里」は一万里ということから、はるか遠く離れていることのたとえ。海の向こうにある外国という意味から。,
「ハフ」沈船,破釜沈船,命を捨てる覚悟で出陣すること。川を渡った後に、飯を炊くための釜を壊し、帰るための船を川に沈めて出陣するということから。古代中国の楚の項羽が、秦との戦いで行ったという故事から。,
反逆「エンザ」,反逆縁坐,反乱を起こした罪の連座で処罰を受けること。「縁坐」は直接罪を犯したわけではないが、他人の犯罪に関わったために処罰を受けること、連座。,
「ハンケイ」道故,班荊道故,しばらく会っていない、昔の友人とたまたま出会って語り合うこと。「班荊」は草を敷くこと。「道故」は話をすること。中国の春秋時代、伍挙が楚から亡命して晋に行く途中に、古い友人の公孫帰生とたまたま出会って語り合ったという故事から。,
繁劇「フンジョウ」,繁劇紛擾,多忙を極めて、混乱すること。「繁劇」は多忙を極める。「紛擾」はまとまりがなく、わけがわからなくなること。,
「ハンゲン」急管,繁絃急管,音楽の調子が激しく速いこと。「繁」と「急」は変化が激しいという意味から、演奏の調子が早くなること。「絃」は弦楽器、「管」は管楽器のこと。,
「バイサイ」鶴子,梅妻鶴子,俗世を離れた清らかで風流な隠遁生活のこと。妻のかわりに梅の木を、子のかわりに鶴を愛でて、一人で清らかに風雅に暮らしたという故事から。,
馬牛「キンキョ」,馬牛襟裾,見識も教養もない人のこと。または、礼儀にはずれた行いをする人のこと。「襟裾」はえりとすそということから、衣服のことで、牛や馬が服を着ただけのような人という意味から。,
麦秀「ショリ」,麦秀黍離,祖国が滅亡したことを嘆くこと。「麦秀」は植物の麦が伸びること。「黍離」は植物の黍が生い茂ること。古代中国の殷の箕子が滅亡した殷の廃墟を見て嘆いた「麦秀之詩」と、東周の大夫が西周の宮殿に黍が生い茂っているのを見て嘆いた「黍離」という詩の題名を重ねた言葉。,
馬遅「バイソク」,馬遅枚速,司馬相如は文章を書くことが遅く、枚皐は速かったという故事のこと。司馬相如と枚皐は、どちらも中国の文章の文体の一つの「賦」の巨匠。,
万頃「ルリ」,万頃瑠璃,青く、どこまでも広がっている様子。「万頃」は限りなく広いこと。「瑠璃」は紺青色のこと。または、紺青色の宝石のこと。空や海がどこまでも青く広がっている様子をいう。,
万杵「センチン」,万杵千砧,きぬたを打つたくさんの女性。または、いろんなところから聞こえるきぬたの音。「万」と「千」は数が多いことのたとえ。「杵」はきぬたを打つための棒。「砧」は布を叩いて柔らかくして、つやを出すための石や木の台。,
「ホウテイ」万里,鵬程万里,非常に遠い道のりのたとえ。 また、海がどこまでも広く大きいことを言い表す言葉。 「鵬」は中国の想像上の鳥。 「程」は道のり。 「万里」の「里」は距離の単位で、「万里」は非常に遠いことのたとえ。 鵬は北海から南海に向かって万里もの距離を飛ぶとされることから。 ,
万里「ホウヨク」,万里鵬翼,はるか遠くまで広がる大空や、遠い場所への旅路のたとえ。または、極めて大きな気概や勢いのたとえ。「万里」の「里」は距離の単位で、「万里」は非常に遠いことのたとえ。「鵬」は中国の想像上の非常に大きな鳥で、翼を広げた大きさは何千里もあるとされていて、空の雲のように見えるとされている。,
悲喜「コモゴモ」,悲喜交交,悲しみと喜びの感情が交ざり合うこと。 または、それを交互に味わうこと。,
肥大「バンソク」,肥大蕃息,肥え太って大きくなり活発に増えること。「肥大」は肥えて太ること。「蕃息」は活発に増えること。,
筆耕「ケンデン」,筆耕硯田,文章を書くことで収入を得て、生活する人のこと。そのような人にとっての硯を、農夫にとっての田に見立てたもので、筆で田を耕す意味から。,
「ヒト」竜文,飛兎竜文（りょうぶん）,素晴らしい才能を持っている若者や子どものこと。「飛兔」と「竜文」はどちらも走る速度の速い馬の名前で、賢くすぐれている子どものたとえ。,
百縦「センズイ」,百縦（ひゃくしょう）千随,相手にどんなわがままを言われても聞き入れること。または、自分の思い通りになること。「百」や「千」は数が多いことのたとえ。「縦」はわがままのこと。「随」は逆らわずに従うこと。,
百尺「カントウ」,百尺竿頭,行き着くことの出来る最高の地点。長さが百尺ある長い竿の先の部分という意味から。最高の地点からさらに努力して、その先を目指す向上心をいう。,
百福「ショウゴン」,百福荘厳,数多く積んだ福で仏像を飾ること。または、仏の三十二相のこと。「百福」は百の福徳を積むこと。「荘厳」は仏像や奉ってある建物を美しく飾ること。仏の三十二相は、仏にあるとされる三十二の特徴で、それぞれ百の福徳を積むことで現われるとされている。,
「ヒャクレイ」百利,百伶百利,非常に賢く、理解力や判断力にすぐれていること。「百」は普通の程度を大いに超えている様子を言い表す言葉。「伶」と「利」はどちらも賢いという意味。,
百挙「ヒャクショウ」,百挙百捷,どんなことをしても全て上手くいくこと。「百挙」は行動や策略などの様々な行い。「捷」は勝つという意味。,
百歩「センヨウ」,百歩穿楊,すぐれた射撃の能力があること。「穿」は穴を開けること。「楊」は柳のこと。 百歩離れた場所から、細い柳の葉を打ち抜くという意味から。,
「ヒョウキ」玉骨,氷肌玉骨,容姿の美しい女性のこと。または、梅の花の異称。「氷肌」は透明な氷のように清らかな肌。または、寒さが厳しい期間に咲く梅の花のたとえ。「玉骨」は高貴な人や美しい人の骨ということから、美しい容姿のこと。,
「ヒョウコ」秋月,氷壺秋月,"清く澄んだ心のこと。「氷壺」は白い玉で出来ていて、中に氷が入っている壺。「秋月」は秋の月。
どちらも清らかで澄んでいる様子を言い表す言葉。",
「ヒョウシ」留皮,豹死留皮,死後に名声を残すこと。生きている時に功績を上げて、死後に功績と名を残すことをいう。動物の豹は、死後に美しい毛皮を残すという意味から。,
「ヒョウトウ」奔逸,漂蕩奔逸,特に目的もなくさまようこと。「漂蕩」は目的もなく歩き回ること。「奔逸」は好きなように行動すること。,
「ヒヨウ」走狗,飛鷹走狗,野生の鳥や獣をとること。「狗」は狩りに使うための犬、猟犬。狩猟のために鷹を飛ばして、猟犬を放つという意味から。,
「ヒリョウ」乗雲,飛竜乗雲,時代の流れに乗って、英雄や賢者が才能を発揮することのたとえ。竜が雲に乗って空へ舞い上がるという意味から。,
「ヒンケイ」牡鳴,牝鶏牡鳴,女性が強い権力を持って、勢力を振るうこと。「牝鶏」は雌鶏。「牡鳴」は雄鶏の鳴き声。雌鶏が雄鶏の鳴き声の真似をするという意味から。日の出の時間に鳴くのは本来は雄鶏であり、雌鶏が鳴くことは秩序が乱れた証とされ、王后や王妃が権力を握り、国家が滅びることの前触れとされていた。,
貧富「キセン」,貧富貴賤,貧しい人と裕福な人、高貴な人と下賎な人のこと。 ,
美酒「カコウ」,美酒佳肴,とても豪華な食事のこと。または、そのような酒食のこと。「美酒」はおいしい酒。「佳肴」はおいしい料理。,
「ビシュ」豪眉,美須豪眉,立派でたくましい男性の容姿を言い表す言葉。「美須」は美しいひげ。「豪眉」は太くて強そうな眉。,
「ビョウソ」同眠,猫鼠同眠,悪事を働く人と、それを取り締まる人が示し合わせて事を運ぶこと。または、上の立場の人と、下の立場の人が共謀して悪事を働くこと。猫と鼠が共に眠るという意味から。,
「フウサン」雨臥,風餐雨臥,旅や野外の仕事の苦痛のこと。または、野宿をすること。風に吹かれて食事をして、雨にうたれて寝るという意味から。,
「フウサン」露宿,風餐露宿,野宿をすること。または、困難な旅のたとえ。旅や野外での仕事の苦痛を表す言葉。風に吹かれて食事をして、露に濡れながら寝るという意味から。,
浮雲「キョウリョウ」,浮雲驚竜,筆に勢いがあり、のびのびとしていること。「浮雲」は空に浮いている雲のことで、自由なことのたとえ。「驚竜」は竜が天に昇ることで、勢いがあることのたとえ。,
「フカ」沈李,浮瓜沈李,上品で趣きや味わいのある夏の遊び。瓜を水に浮かべて、李を水に沈めること。,
浮花「ロウズイ」,浮花浪蕊,これといった長所のなく、どこにでもあるようなもののたとえ。「浮花」と「浪蕊」はどちらも花は咲くが、実がならない無駄な花という意味から。,
伏竜「ホウスイ」,伏竜鳳雛,能力を発揮する機会がないために人に知られていない英雄。または、将来的な活躍が期待されている若者のこと。「伏竜」は地面の中に潜って隠れている竜。「鳳雛」は中国の伝説上の鳥、鳳凰の雛。,
「フグ」戴天,不倶戴天,同じ世界で一緒に生きていくことができないほどに深い恨みや憎しみのこと。,
不失「セイコク」,不失正鵠,物事の一番大切な部分を正確にとらえること。「正鵠」は弓の的にある中心の黒い星のこと。矢を外すことなく、正確に正鵠を射抜くという意味から。,
「フシャク」身命,不惜身命,命や体を惜しむことなく、全力で事に当たること。「不惜」は使うことにためらわないこと。「身命」は体と命。,
「フシン」汲水,負薪汲水,自然の中で質素な生活をすること。薪を採って谷川の水を汲むということから。,
二股「コウヤク」,二股膏薬,その時にあわせて意見がころころと変わること。「二股」は両足の股の内側のこと。「膏薬」は練り薬。内股に練り薬を塗って歩くたびに、右の足についたり、左の足についたりするということから。,
釜底「チュウシン」,釜底抽薪,根本にある原因を取り除かなければ、問題を解決することはできないということ。 火にかけた釜が煮え立たないようにするには、釜の下にある薪を取り出すのがよいという意味から。 ,
「フンキン」煮鶴,焚琴煮鶴,風流を理解する心を持っていないこと。 または、趣も飾り気もない単調な景色のこと。 琴に火をつけて燃やして、鶴を捕らえて煮るという意味から。 ,
粉粧「ギョクタク」,粉粧玉琢,女性の容姿が美しいことのたとえ。「粉粧」は化粧のこと。「玉琢」は宝石を磨くこと。化粧をした女性が、宝石を磨いたように美しいという意味から。,
「フンショ」坑儒,焚書坑儒,宗教、言論、学問などを弾圧すること。「焚書」は書物を燃やすこと。「坑儒」は儒者を土の中に埋めること。秦の始皇帝が政治的な批判を避けるために実用書を除いた書物を全て焼けという命令を出し、それに逆らう儒者を生き埋めにしたという故事から。,
粉白「タイボク」,粉白（ふんぱく）黛墨,しい人のたとえ。「粉白」は肌の色を整える化粧品の白粉のこと。「黛墨」は眉を整える化粧品の眉墨のこと。,
文質「ヒンピン」,文質彬彬,見た目の美しさと中身の質の釣り合いがとれていること。 「文」は容姿や、立ち居振る舞いのこと。 「質」は実質、本質のこと。 「彬彬」は釣り合いのとれている様子。,
「ブンボウ」走牛,蚊虻走牛,"力の小さいものが、力の大きなものを倒すことのたとえ。
または、ちょっとしたことが大きな事件や災難を引き起こすということ。「蚊虻」は虫のかとあぶ。蚊や虻のように小さな虫でも、数が多ければ牛は走って逃げるという意味から。",
「ヘイサ」落雁,平沙落雁,干潟に降り立つ雁の群れのこと。中国の山水画の伝統的画材である瀟湘八景の中の一つ。琴曲の名前などにも用いられている言葉。「平沙」は平坦で広大な砂原のこと。,
「ヘイハ」凶器,兵者凶器,武器というものは、人を殺傷する忌まわしい道具だということ。「兵」は武器や兵器、「者」は「というものは…」という意味で、強調して提示する語。 「凶器」は人を殺傷することを目的とした道具のこと。,
平伏「シッコウ」,平伏膝行,神仏や貴人の前での座礼作法のことで、恐縮しながらひれ伏して進み出る様子のこと。または、頭を地に付けるように低くして、目を伏せて膝頭で這って進むこと。,
閉明「ソクソウ」,閉明塞聡,目を閉じて耳を塞いで世間との接触をたつこと。または、現実から目を背けること。「閉明」は何も見ないために目をつむること。「塞聡」は何も聞かないように耳を塞ぐこと。,
「ヘキケツ」丹心,碧血丹心,厚い忠誠心や誠意のこと。「碧血」は青い宝玉。「丹心」は誠意や真心。敬王に仕えていた萇弘は、讒言によって追放されて、郷里で腹を裂いて自決した。その後、その血が化して青く美しい宝玉になっていたという故事から。,
「ヘキラク」一洗,碧落一洗,雨が降ったあとに、空がきれいに晴れ渡ること。「碧落」は綺麗に晴れ渡った空。「一洗」はすっきりと洗い流すこと。,
偏僻「ヘイコ」,偏僻蔽固,道理に暗く、考えが偏っていて、考えや態度を変えないこと。「偏僻」は考えが偏っていて、心がねじけていること。「蔽固」は道理に暗く、考えや意見を変えないこと。,
「ベンセイ」粛粛,鞭声粛粛,相手に気付かれないように、静かに馬に鞭を打つ様子。「粛粛」はひっそりと行うこと。上杉謙信の軍勢が武田信玄の機先を制するために、夜のうちに妻女山を下って、千曲川を相手に気付かれないように渡ったという故事を頼山陽が詠んだもの。,
「ホウオウ」来儀,鳳凰来儀,世の中が平和であることのたとえ。「鳳凰」は聖天子が出現するときに現れるとされる想像上の鳥。「来儀」は鳳凰が飛来して、威厳のある姿を示すこと。,
「ホウセツ」長目,蜂準長目,"賢く、抜け目無い人の容貌。または、思いやりがなく陰湿な人の容貌。
「蜂準」は蜂のように高く鋭い鼻筋。
蜂のように鋭く高い鼻筋と、細く長い目という意味から。",
「ホウトウ」垢面,蓬頭垢面,容姿を整えることをせず、むさくるしいこと。 「蓬頭」はよもぎの葉のようになっている、ぼさぼさの髪の毛。 「垢面」は洗わずに垢でまみれている顔のこと。,
「ホウトウ」三昧,放蕩三昧,思うまま好き勝手に振る舞うこと。,
「ホウトウ」比周,朋党比周,"意味	仲間を作って結託して、それ以外の人を排斥すること。「朋党」は考えや利害が同じ仲間のこと。「比周」は片方だけと仲良くすること。主に悪い意味で使われる言葉で、徒党を組んで悪事を働く場合などに使われる。",
「ホウトウ」無頼,放蕩無頼,酒や女遊びに溺れて素行に問題があること。 「放蕩」は好き勝手にすることや酒や女遊びに溺れること。 「無頼」は社会的に認められた職に就かず、素行が悪いこと。,
「ホウトウ」乱髪,蓬頭乱髪,見た目に気を配らず、むさくるしいこと。 植物の蓬のように乱れている髪の毛という意味から。,
「ホウフク」絶倒,捧腹絶倒,腹を抱えて笑いこけること。,
「ホウフク」大笑,捧腹大笑,腹を抱えて笑いこけること。「捧腹」は腹を抱えること。,
「ホウマツ」夢幻,泡沫夢幻,人の命が儚いことのたとえ。 「泡沫」は水の泡。 水の泡、夢、幻のようにすぐ消えてなくなるという意味から。,
「ホウライ」弱水,蓬莱弱水,はるか遠く離れていること。「蓬莱」は東にあって仙人が住んでいるとされる伝説の島。「弱水」は西にあるとされる伝説の川。「蓬莱」と「弱水」の距離は三十万里離れているとされていることから。,
方領「クホ」,方領矩歩,儒学者の服装と態度のこと。「方領」は四角い服のえりのことで、儒学者の正装。「矩歩」は決まりに則った正しい歩き方。,
「ホウシャ」相依,輔車相依,"一つが駄目になると、もう一つも駄目になるような、非常に深い関係のこと。「輔車」は車の添え木と車の荷台。または、頬の骨と下顎の骨のこと。唇と歯や、頬の骨と下顎の骨のように、互いに助け合うことによって、互いに存続できるような関係をいう言葉。
中国の晋がカクの国を攻めるときに、虞の国は晋に通過する許可を出したが、虞の国と互いに助け合う関係にあったカクの国が滅びると、虞の国も滅びたという故事から。",
「ホツボ」提心,発菩提心,悟りを得るために仏門に入る気持ちを持つこと。「発」は物事を始めること。「菩提心」は煩悩を捨てて、悟りを得ようとする心のこと。「発心」と略して使うこともある。,
「ホンイツ」絶塵,奔逸絶塵,非常に速く走ること。 「奔逸」は走って逃げること。 「絶塵」は塵を一つも立てないほど速く走ること。 ,
本領「アンド」,本領安堵,忠誠を誓った武士に対して、幕府や領主が領地の所有権を認めて保障したこと。,
亡羊「ホロウ」,亡羊補牢,失敗した後に悪い部分を改善すること。または、失敗してもすぐに改めれば、過ちが大きくならずにすむということのたとえ。羊が囲いから抜けて、逃げられた後に囲いを修理するという意味から。,
「ボクサク」謎離,撲朔謎離,性別が男か女か見分けがつかないこと。または、ごちゃごちゃと入り組んでいて区別がつきにくいこと。「撲朔」は雄の兎が足をばたつかせること。「謎離」は雌の兎が目を細めてぼんやりとしていること。兎の雌雄を見分けることが難しく、それを見分ける方法ということから。木蘭という女性が父親の代わりに男装して十二年間出征して功績を上げ、故郷に帰ったあとに女性の姿で現われると皆驚いたという故事から。,
「ボンショウ」一如,凡聖一如（いちにょ）,賢者も普通の人も本質的には同じであり、誰にでも仏になる可能性があるということ。「一如」は同じものであるということ。仏教の言葉で、煩悩を払った聖人と、煩悩に迷っている人は別のものではあるが、人としての本質は同じものであるという意味から。,
「ボンノウ」菩提,煩悩菩提,煩悩は悟りを得るための邪魔になるが、煩悩は悟りを得るために必要なものでもあるということ。「菩提」は悟りへと至る境地のこと。仏教の言葉で、煩悩も人間の本質であり、悟りと煩悩は同一のものであって、煩悩があるからこそ悟りがあるという意味から。,
「マセン」鉄硯,磨穿鉄硯,強い意志を持ち続けて、達成するまで変えないこと。 または、休まず学問に励むこと。 「磨」はすり減らすこと、「穿」は穴をあけること。 鉄の硯に穴を空けるほど学問に励むという意味。 ,
「マンコウ」春意,満腔春意,なごやかな気分が全身に満ちていること。人を祝う言葉。「満腔」は胸や全身に満ちていること。「春意」は春のような気分。,
「マンゴウ」末代,万劫末代,遠い先の世のこと。または、これから先ずっと、限りない時間などの意味。「劫」は仏教語で終わりがないほどの長い時間。「末代」は先の世や後世という意味。,
「ムゲン」泡影,夢幻泡影（ほうよう）,人生のはかなさのたとえ。 「夢」「幻」「泡」「影」は、どれもすぐに消えてしまうはかないものであることから。 全てのものは実体がなく空であるという仏教語。,
矛盾「ドウチャク」,矛盾撞着,前と後でつじつまが合わないこと。理屈に合わないこと。 「矛盾」と「撞着」はどちらも理屈が食い違っていること。 ,
無知「モウマイ」,無知蒙昧,知恵や学問がないために物事の道理を理解することが出来ず、愚かなこと。「無知」は知恵や学問がなく、愚かなこと。「蒙昧」は物事の道理を理解できないこと。,
名声「カクカク」,名声赫赫,世間での評判が勢いよく上がっていくこと。 「名声」は世間でのよい評判のこと。 「赫赫」は勢いがよいこと。,
「メイセン」潔飢,鳴蝉潔飢,気高くて清らかな心の人は、どんなときでも信念を曲げることがないことのたとえ。蝉は気高く澄んだ心をもっているので、飢えても露以外の汚れたものを食べることはないという伝説から。,
名誉「バンカイ」,名誉挽回,失敗して失った信用や名声を、後の行いによってとり返すこと。,
「メンシ」塩車,麪（麺）市塩車,雪が降って積もっている景色を言い表す言葉。「麪市」は白い小麦粉の市場ということから、市場に雪が積もっていることのたとえ。「塩車」は白い塩を載せている車ということから、車に雪が積もっていることのたとえ。市街も車も雪が積もっているように見えるという意味から。,
「モウチュウ」叔季,孟仲叔季,兄弟姉妹の長幼の順番のこと。長子、次子、三子、四子という意味。,
「モウボ」三遷,孟母三遷,子どもは周りの影響を受けやすいので、子どもの教育には環境を整えることが大事であるということ。「孟母」は孟子の母親。「三遷」は三度転居すること。孟子の母親は、孟子への悪い影響を避けるため墓地の近くから市場の近くに引っ越し、さらに学校に近くに引っ越した。,
「モウボ」断機,孟母断機,物事を途中でやめてしまったり、諦めてしまってはいけないという戒めの言葉。おもに学問のことを指す。「孟母」は孟子の母親のこと。「断機」は織りかけている機の糸を途中で切ること。孟子が学問を投げ出そうとしたときに、孟子の母親は織り途中の機の糸を切断して「学問を途中でやめることは、この織物と同じようなものだ」と言って戒めたという故事から。,
「モズ」勘定,百舌勘定,支払いをするときに口先でうまくごまかして、他人にお金を払わせて自分は支払わないこと。または自分が得するようにすること。百舌と鳩と鴫が十五文の買い物をしたとき、百舌は鳩と鴫をうまくごまかして、鳩に八文、鴫に七文を支払わせて自分は一文も支払わなくていいようにしたという昔話から。,
門前「ジャクラ」,門前雀羅,訪ねてくる人が全くいないさびしい様子のこと。「雀羅」は鳥のすずめを捕まえるときに使う網のこと。人の気配がないため、門の前にたくさんのすずめが集まっており、網を設置すれば捕まえられるほどであるという意味から。,
「モンテイ」軽重,問鼎軽重,人の権力や地位を軽くみて、取って代わろうとすることのたとえ。 または、人の権力や能力を疑って軽くみること。 「鼎」は古代中国で、ものを煮るのに用いた青銅器。ここでは帝位の象徴とされた宝器。 古代中国の楚の荘王が、周の帝位の象徴である鼎の大きさや重さを尋ねた。 鼎は象徴であり、大小や軽重を問うべきではないにもかかわらず、それを問うたのは周の王室の権威をないがしろにし、暗に王権を狙ったものあったという故事から。 ,
「ヤマガラ」利根,山雀利根,新しいことを知ろうとせずに、今の知識にこだわること。「山雀」はシジュウカラ科の鳥、「利根」は生まれたときから賢いこと。山雀は一つの芸を覚えることは出来るが、それを応用することができないという意味から。,
「ユイマ」一黙,維摩一黙,多くのことを喋るより沈黙がまさっているということ。「維摩」は釈迦の弟子の一人で、仏教の教理について、釈迦の弟子たちが議論していた時に、文殊菩薩は文字や言葉では言い表せないといい、その後に意見を求められた維摩は、何も語ろうとせずに教えを態度で示したという故事から。,
「ユウケン」群吠,邑犬群吠（ぐんばい）,小者たちが集まり、うわさや悪口などを話して騒ぎ立てること。「邑」は村里のことで、群がり吠え立てる村里の犬にたとえた言葉。,
「ユウソク」故実,有職故実,朝廷や武家の昔から伝わる儀式や制度、風俗や習慣のこと。 または、それらを研究する学問のこと。 「有職」は朝廷や武家に昔から伝わる慣例に詳しいこと。 「故実」は伝統的な儀式や制度の慣例のこと。,
「ユウモウ」衣冠,優孟衣冠,他人の真似をする人。または、演技をすること。姿は似ているが、実態が違うもののたとえ。「優孟」は人名。「衣冠」は衣服と冠のこと。中国の春秋時代の楚の国の宰相の叔敖は清廉な人だったが、叔敖の死後にその子孫は貧しく生活に苦しんでいた。叔敖に恩があった俳優の優孟は、叔敖の衣服と冠を身に付けて叔敖になりすまし、叔敖の功績と子孫の不遇を訴えると、荘王は反省して子孫に領地を与えたという故事から。,
「ユウモウ」果敢,勇猛果敢,危険や困難を恐れずに、力強く思い切りのよい決断をして行動すること。,
「ユウギ」三昧,遊戯三昧,なにものにもとらわれることなく、仏の境地に遊ぶこと。または、嫌なことでも、やることそのものを楽しむこと。「遊戯」は仏教の言葉で、仏や菩薩、悟りを開いた修行者がなにものにもとらわれることなく、思いのままに振る舞うこと。,
用管「キテン」,用管窺天,細い管に目を当てて天を窺い見るということから、視野が狭くて見識が足りないという意味。,
「ヨウショ」自資,傭書自資,人に雇われて文書を書くことを仕事にして、生計を立てること。「傭書」は雇われて文書を書き写すこと。「自資」は自身の生計の糧にすること。,
「ヨウシ」狼歩,鷹視狼歩,残忍で荒々しく、貪欲な人のたとえ。または、隙のない勇猛な英雄のたとえ。「鷹視」は鷹のような鋭い目つきのこと。「狼歩」は狼が獲物を探すような歩き方のこと。,
羊頭「クニク」,羊頭狗肉,外見は立派だが中身が釣り合っていないこと。「羊頭を懸げて狗肉を売る」の略語で、羊の頭を看板に掲げていながら実際には犬の肉を売るという意味から。,
「ヨウトウ」細書,蠅頭細書,非常に細かい文字のこと。「蠅頭」は蠅の頭のことから、小さいもののたとえ。「細書」は細かく書くことや細かい文字。,
「ヨウブ」揚威,耀武揚威,武力や勢いがある様子を自慢して見せること。 「耀」は輝かすこと。転じて誇らしげに見せること。 ,
「ヨウボウ」魁偉,容貌魁偉,顔つきや体格が大きくて逞しく、堂々としている様子。「魁偉」は立派で大きい体格のこと。,
「ヨバ」風馳,輿馬風馳,速度が並外れて速いことのたとえ。「輿馬」は乗り物と馬のこと。「風馳」は風のように速く走ること。,
「ライゴウ」電撃,雷轟電撃,「雷轟」は雷が鳴り響くこと、「電撃」は稲光が走るという意味から、勢いが非常に激しいこと。,
「ライゴウ」電転,雷轟電転,雷が鳴り響き、稲妻が走るという意味から、町の中が非常に騒がしいことのたとえ。,
落筆「テンヨウ」,落筆点蠅,失敗をうまく取り繕うこと。「点蠅」は蠅の絵を描くことで、筆を落とした際の汚れをうまく蠅の絵にするという意味。三国時代、呉の曹不興が孫権の命で絵を描いていたときに、誤って筆を落とした際の汚れを蠅に書き換えてうまく処理した故事から。,
「ランエイ」湖光,嵐影湖光,山水の美しい景色の形容。山の新鮮な精気と湖面の輝きのこと。「嵐影」は山に立ち込める精気、「湖光」は湖に日の光りが当たって輝くこと。,
蘭桂「トウホウ」,蘭桂騰芳,子孫が繁栄することのたとえ。植物の「蘭」と「桂」が立派に成長して香り立つという意味から。,
蘭亭「ジュンソウ」,蘭亭殉葬,画などの骨董品を強く愛好し、執着すること。「蘭亭」は『蘭亭集序』という書作品の名前。「殉葬」は死者と共に葬ること。中国の唐の太宗は「蘭亭集序」を偏愛し、自身の死後、原本を棺に一緒に入れるように命令を残したという故事から。,
「カデン」李下,瓜田李下,人から疑われるようなことはしないほうが良いというたとえ。 「瓜田」は瓜の畑のこと。 「李下」は李の木の下のこと。 瓜の畑で靴を履きなおそうとしたり、李の木の下で冠を直そうと手を上げたりすると、それを盗むのではないかと疑われてしまうという意味から。 ,
「リクゴウ」同風,六合同風,天下が統一され、世の中が平和に治まっていて、教化や風俗を同じくすること。「六合」は天と地と四方で天下のこと。「同風」は同じ風俗ということ。,
「リクショウ」十菊,六菖十菊,菖蒲は五月五日の端午の節句に飾り、菊は九月九日の重陽の節句に飾るが、五月六日の菖蒲と九月十日の菊という意味から、時期が過ぎてしまって、役に立たないもののこと。,
柳眉「トウジュ」,柳眉倒豎,容姿の美しい女性が怒る様子。「柳眉」は柳の葉のように細い眉のことで、女性の美しい眉のたとえ。「倒豎」は横や下を向いているものを上に向ける、逆立てること。,
「リョウキン」択木,良禽択木,賢者は君主をしっかりと選んで仕えるということ。「良禽」は賢い鳥のこと。賢い鳥は、敵に襲われにくく、食べ物を手に入れやすい場所の木を選んで巣を作るという意味から。,
竜駒「ホウスウ」,竜（りょう）駒鳳雛,すぐれた才能を持っている賢い少年のこと。「竜駒」は名馬、「鳳雛」は伝説上の鳥の鳳凰のひな。中国の晋の詩人の陸雲は幼い頃から天才と呼ばれていて、呉の大臣の呂閔鴻が陸雲を評したという言葉から。,
「リョウコウ」致雲,竜興致雲,徳の高い天子が立つと聡明な臣下が現れることのたとえ。 竜が興ると雲を沸き起こすという意味から。,
竜章「ホウシ」,竜（りょう）章鳳姿,"立派で威厳のある容姿のこと。竜のように勇ましく、鳳凰のように気品がある立派な姿ということから。「竜」と「鳳」は竜と鳳凰のことで、どちらも伝説上の生物のこと。
「章」は模様という意味。",
「リョウチョウ」虎臥,竜跳虎臥,筆に勢いがあり、自由でのびのびしている様子のたとえ。筆の勢いを、竜が天に伸び上がったり、虎が地に伏したりする様子にたとえた言葉。元は、中国の南北朝時代の梁の武帝が、晋の王羲之の書を褒め称えた言葉。,
「リョウトウ」虎闘,竜騰虎闘,同じくらいの実力のもの同士が全力で戦うこと。実力の拮抗している竜と虎が激しい戦いをするという意味から。,
「リョウトウ」蛇尾,竜頭蛇尾,始めは盛んな勢いがあるが、終わりに近づくにつれて勢いが落ちてしまうこと。頭は立派な竜だが、尾は弱々しい蛇という意味から。,
竜瞳「ホウケイ」,竜（りょう）瞳鳳頸,非常に身分が高く、気品のある人の容貌のこと。竜のような瞳と鳳凰のような頸のように神々しいという意味から。中国の唐の時代の唯一の女性の帝王が、幼い頃に男と偽って人相を見てもらうと、仮に女性であっても天子になるだろうと評されたという故事から。,
「リョウホウ」連飛,両鳳連飛（れんぴ）,兄弟がそろって高い地位を得ること。鳳凰が二羽並んで飛び立つという意味から。中国の南北朝時代、北斉の崔悛と仲文の兄弟が共に出世して、共に大臣に任命されたことを評して言った言葉から。,
「リョウラ」錦繍,綾羅錦繍,美しくて気品がある織物や着物のこと。 または、美しい身なりをすること。 または、鮮やかで美しいことを言い表す言葉。 「綾羅」は綾絹と薄絹のことで、美しく気品のある布のたとえ。 「錦繍」は錦と刺繍の入った織物。 ,
臨淵「センギョ」,臨淵羨魚,願いを叶えるためには、望むだけではなく、そのためには適切な手段や方法を考えて行わなければならないということ。水辺で魚が欲しいと思うだけではなく、そのためには家に帰って網を編んだほうがよいという意味から。,
麟子「ホウスウ」,麟子鳳雛,将来に期待が持てる、すぐれた資質のある子どものたとえ。「麟子」は伝説上の霊獣の麒麟の子ども。「鳳雛」は伝説上の霊獣の鳳凰の雛。,
鱗次「シッピ」,鱗次櫛比,きっちりと整って並ぶこと。魚の鱗や、髪をとかす櫛の歯のように整然と並んでいる様子から。,
「リンポウ」亀竜,麟鳳亀竜（りょう）,世の中が平和に治まっているときに現われるとされる、麒麟、鳳凰、亀、竜の四種類の伝説の霊獣。または、賢者や賢人のたとえ。,
「レイザン」帯河,礪山帯河,永久に変わらない固い誓いのたとえ。または、国が栄え続けることのたとえ。「礪」は砥石のこと。「山」は泰山のこと。「帯」はおびのこと。「河」は黄河のこと。高い泰山がすりへって砥石のように平たくなるようなことがあったとしても、広い黄河が帯のように細くなるようなことがあったとしても、永久に変わることはないという意味から。,
「レンゲ」往生,蓮華往生,人が死んだ後に極楽に行くこと。「蓮華」は極楽浄土のたとえで、仏や菩薩の座を表している。「往生」は現世を離れて極楽に行くこと。,
「レンコウ」惜玉,憐香惜玉,女性をとても大切に愛でること。 「憐」と「惜」は大切にするという意味。 「香」や「玉」は女性のたとえ。 ,
「ロウシ」野心,狼子野心,凶暴な人のたとえ。または、凶暴な人は教化するのは非常に困難ということのたとえ。「狼子」は狼の子、「野心」は野生の心という意味で、狼の子は人に飼われても、生まれついての野生の凶暴さを失わないという意味。,
「ロウドン」虎視,狼貪虎視,野心が旺盛なことのたとえ。または、無道で欲が深いこと。「狼貪」は狼のように欲が深いこと。「虎視」は虎が獲物を狙うように見ること。,
「ロウライ」斑衣,老莱斑衣,親孝行することのたとえ。または、孝養を尽くすことのたとえ。「老莱」は人の名前。「斑衣」は子どもが着るような派手な模様の服のこと。楚の老莱子は七十歳になっても、子供用の服を着て子どものように戯れ、親を喜ばせて年老いたことを忘れさせようとした故事から。,
「ロギョ」章草,魯魚章草,文字を書き誤ること。「魯」と「魚」、「章」と「草」はそれぞれ字の形が似ていて間違えやすいことから。,
六道「リンネ」,六道輪廻,仏教語で、この世で生きている全てのものが六道の世界で生と死を繰り返すこと。「六道」は死んだ後に行く世界のことで、生きている時の行いの善悪によってどの世界に生まれ変わるか決まり、地獄、餓鬼、畜生、修羅、人間、天上の六つがある。,
「ロハン」雲梯,魯般雲梯,中国の春秋時代の魯の国にいたすぐれた大工の魯般が作った、雲に届くほどの高いはしごのこと。「魯般」は人の名前。「雲梯」は雲に届くような高さのあるはしごのことで、主に城を攻めるときに使っていた。魯般は春秋時代の工匠で、公輸盤や公輸判、魯班とも呼ばれ、機械を作るのを得意としていて、木を刻んで作った鳥は空を飛んだとされている。,
和光「ドウジン」,和光同塵,"俗世で目立たないように、才能や徳を隠して暮らすこと。
仏教では、仏や菩薩が衆生を救うために、本来の姿を隠して、煩悩の塵をまとって、俗世に現れること。「和光」は、才能の光を和らげ目立たないように隠すこと、「同塵」は、俗世間に合わせるという意味。",