しゃあく（赤土と白土。）,赭堊,しゃあく（赤土と白土。）
あだ（美しくたおやかなさま。）,婀娜,あだ（美しくたおやかなさま。）
しゅくあ（持病。）,宿痾,しゅくあ（持病。）
あろ（黒色と白色。）,鴉鷺,あろ（黒色と白色。）
しころ,錏,しころ
びたいちもん,鐚一文,びたいちもん
あいきょう（狭苦しいさま。）,阨狭,あいきょう（狭苦しいさま。）
きゅうやく（危難にあったり追い詰められたりして苦しむこと。）,窮阨,きゅうやく（危難にあったり追い詰められたりして苦しむこと。）
あいふん（ほこりっぽい空気。また、俗世間のよごれた空気。）,埃氛,あいふん（ほこりっぽい空気。また、俗世間のよごれた空気。）
あいだい（船頭のかけ声。）,欸乃,あいだい（船頭のかけ声。）
あいろ（せまくて通行が困難な道。支障。）,隘路,あいろ（せまくて通行が困難な道。支障。）
ソウアイ、わらじ,草鞋,ソウアイ、わらじ
アイキ、おくび,噯気、噫気,アイキ、おくび
和気「あいあい」,藹藹,和気「あいあい」
あいぜん（もや、霧などがたなびくさま。）,靄然,あいぜん（もや、霧などがたなびくさま。）
あいたい（雲が空をおおって暗いさま。）,靉靆,あいたい（雲が空をおおって暗いさま。）
いあく（作戦をめぐらす所。）,帷幄,いあく（作戦をめぐらす所。）
あくせく、あくさく,齷齪,あくせく、あくさく
あつれき,軋轢,あつれき
あつぜつ（おしとどめて物事をさせないこと。）,遏絶,あつぜつ（おしとどめて物事をさせないこと。）
あか（仏前に供える水。）,閼伽,あか（仏前に供える水。）
あっぱれ,遖,あっぱれ
あんが（天子が逝去すること。）,晏駕,あんが（天子が逝去すること。）
あんぽう（炎症や痛みなどを和らげるために、患部を冷やしたり温めたりする治療方法。）,罨法,あんぽう（炎症や痛みなどを和らげるために、患部を冷やしたり温めたりする治療方法。）
そらんじる,諳んじる,そらんじる
あんしょう（暗唱とも。）,諳誦,あんしょう（暗唱とも。）
あんみつ,餡蜜,あんみつ
あんこう（魚。）,鮟鱇,あんこう（魚。）
あんぜん（悲しみでくらく沈んでいるさま。）,黯然,あんぜん（悲しみでくらく沈んでいるさま。）
いぜんけい,已然形,いぜんけい
いえつ（喜んで満足すること。）,怡悦,いえつ（喜んで満足すること。）
ていい（涙と鼻しる。）,涕洟,ていい（涙と鼻しる。）
いしゃ（頼ること。）,倚藉,いしゃ（頼ること。）
ざんい（恥じ、怒ること。）,慙恚,ざんい（恥じ、怒ること。）
いだてん,韋駄天,いだてん
「イトン」の富（莫大な富のこと。）,猗頓の富,「イトン」の富（莫大な富のこと。）
「しょうい」軍人,傷痍,「しょうい」軍人
いまん（とばり。）,幃幔,いまん（とばり。）
いぼう（子孫のためによい計画を残すこと。）,貽謀,いぼう（子孫のためによい計画を残すこと。）
きょうい（教え習わせること。）,教肄,きょうい（教え習わせること。）
のし、ひのし,熨,のし、ひのし
トウイ、ゆのし（布のしわ等を、蒸気でしめして伸ばすこと。）,湯熨,トウイ、ゆのし（布のしわ等を、蒸気でしめして伸ばすこと。）
はりねずみ,蝟,はりねずみ
いしゅう（多くの物が一か所にあつまること。）,蝟集,いしゅう（多くの物が一か所にあつまること。）
いし（人をあごで使うこと。）,頤使,いし（人をあごで使うこと。）
おとがい、あご,頤,おとがい、あご
おえつ,嗚咽,おえつ
くびる,縊る,くびる
いさつ（ひもやなわなどで首を絞めて殺すこと。）,縊殺,いさつ（ひもやなわなどで首を絞めて殺すこと。）
いりん（人として守るべき不変の道。）,彝倫,いりん（人として守るべき不変の道。）
かいらぎ,鰄,かいらぎ
すえる（食物が腐ってすっぱくなる。）,饐える,すえる（食物が腐ってすっぱくなる。）
いし（皇后や皇太后・太皇太后の指示。）,懿旨,いし（皇后や皇太后・太皇太后の指示。）
いきち（刺激の最小値。）,閾値,いきち（刺激の最小値。）
わいいく（水が奥深く入り込んだ所。）,隈澳,わいいく（水が奥深く入り込んだ所。）
げんいく（自分をてらい、売りこむ。）,衒鬻,げんいく（自分をてらい、売りこむ。）
いすか（鳥。）,鶍,いすか（鳥。）
いつらく（気のむくままに遊び楽しむこと。逸楽とも。）,佚楽,いつらく（気のむくままに遊び楽しむこと。逸楽とも。）
いつじ（世にあまり知られていない、隠れた事実。逸事とも。）,軼事,いつじ（世にあまり知られていない、隠れた事実。逸事とも。）
いつぼう（シギとハマグリ。）,鷸蚌,いつぼう（シギとハマグリ。）
れいいん（宰相。）,令尹,れいいん（宰相。）
いんじょく（しとね。ふとん。）,茵蓐,いんじょく（しとね。ふとん。）
いんしん（活気にあふれること。）,殷賑,いんしん（活気にあふれること。）
しゅあん（時間がたった血のような暗いあか色。）,朱殷,しゅあん（時間がたった血のような暗いあか色。）
キュウイン、みみず,蚯蚓,キュウイン、みみず
いんぷう（みだらな風潮・風俗。淫風とも。）,婬風,いんぷう（みだらな風潮・風俗。淫風とも。）
いんめつ（消えてなくなること。）,堙滅、湮滅,いんめつ（消えてなくなること。）
いんせき（流星。）,隕石,いんせき（流星。）
「いんぎん」無礼,慇懃,「いんぎん」無礼
うえき（国境の警備などに行ったりすること。）,于役,うえき（国境の警備などに行ったりすること。）
じんう（体の器官。）,腎盂,じんう（体の器官。）
たいう（夏朝の創始者。）,大禹,たいう（夏朝の創始者。）
しつう（ふえ？）,瑟竽,しつう（ふえ？）
「うよ」曲折,紆余,「うよ」曲折
うし（むしば。）,齲歯,うし（むしば。）
ういきょう（植物。）,茴香,ういきょう（植物。）
あさり（貝類。）,鯏,あさり（貝類。）
うんかく（書斎。）,芸閣,うんかく（書斎。）
こううん（田畑をたがやすこと。）,耕耘,こううん（田畑をたがやすこと。）
ぼかす,暈す,ぼかす
げんうん（めまい。）,眩暈,げんうん（めまい。）
オンポウ、どてら,褞袍、縕袍,オンポウ、どてら
うんちく（深く研究し、身にたくわえた知識。）,薀蓄、蘊蓄,うんちく（深く研究し、身にたくわえた知識。）
うんげん（同系統の色を濃いものからしだいに淡いものへ並べていく彩色法。）,繧繝,うんげん（同系統の色を濃いものからしだいに淡いものへ並べていく彩色法。）
うどん,饂飩,うどん
えいきょく（中世の歌謡・流行歌の総称。）,郢曲,えいきょく（中世の歌謡・流行歌の総称。）
えいいき（はかば。）,塋域,えいいき（はかば。）
えいてつ（明るく透きとおっていること。）,瑩徹,えいてつ（明るく透きとおっていること。）
まつえい（子孫。）,末裔,まつえい（子孫。）
みぞれ,霙,みぞれ
かざす,翳す,かざす
あんえい（暗い影。）,暗翳,あんえい（暗い影。）
えいかい（おおうなばら。）,瀛海,えいかい（おおうなばら。）
エイゲン、いもり,蠑螈,エイゲン、いもり
えいしゅ（勝ちと負け。）,贏輸,えいしゅ（勝ちと負け。）
かんえい（かんむりのひも。役人の身分をいう。）,冠纓,かんえい（かんむりのひも。役人の身分をいう。）
えきよう（世を重ねること。）,奕葉,えきよう（世を重ねること。）
えきてい（後宮。）,掖廷,えきてい（後宮。）
えきか（わきのしたのくぼみ。）,腋窩,えきか（わきのしたのくぼみ。）
セキエキ、トカゲ,蜥蜴,セキエキ、トカゲ
きんえき（よろこぶ。）,欣懌,きんえき（よろこぶ。）
えんえきほう,演繹法,えんえきほう
するめ（いか。）,鯣,するめ（いか。）
子「いわく」,曰く,子「いわく」
えつうつ（気がふさいで晴れないさま。）,噎鬱,えつうつ（気がふさいで晴れないさま。）
むせる,噎せる,むせる
しゃっくり,噦り,しゃっくり
泣き「じゃくる」,噦る,泣き「じゃくる」
えんぎ（意味をおし広めて詳しく説明すること。）,衍義,えんぎ（意味をおし広めて詳しく説明すること。）
えんおう（無実の罪。）,冤枉,えんおう（無実の罪。）
えんかん（身分の高い人の死。）,捐館,えんかん（身分の高い人の死。）
えんそく（寝ころんで休むこと。）,偃息,えんそく（寝ころんで休むこと。）
えんきょく（遠回し。）,婉曲,えんきょく（遠回し。）
えんたい（能力のある者が、いつまでも下の地位にとどまっていること。）,淹滞,えんたい（能力のある者が、いつまでも下の地位にとどまっていること。）
しゅうえん（終わる。）,終焉,しゅうえん（終わる。）
えんせき（むしろ。宴会の席。）,筵席,えんせき（むしろ。宴会の席。）
エンユウ、なめくじ,蜒蚰,エンユウ、なめくじ
えんぜん（艶然とも。）,嫣然,えんぜん（艶然とも。）
えんえん（ヘビなどがうねり進むようす。）,蜿蜒,えんえん（ヘビなどがうねり進むようす。）
エンテイ、やもり,蝘蜓,エンテイ、やもり
さやえんどう,莢豌豆,さやえんどう
えんぶだい（現世。）,閻浮提,えんぶだい（現世。）
えんじん（昔、中国で宮廷に仕えるために去勢された男性。）,閹人,えんじん（昔、中国で宮廷に仕えるために去勢された男性。）
りゅうえん（かさのひさし。）,笠檐,りゅうえん（かさのひさし。）
えんか（ながえのした。人に使われること。）,轅下,えんか（ながえのした。人に使われること。）
えんか、えんげ（のみこむこと。）,嚥下,えんか、えんげ（のみこむこと。）
えんてき（雨だれ。）,簷滴,えんてき（雨だれ。）
えんじいろ,臙脂色,えんじいろ
エンソ、もぐら,鼴鼠,エンソ、もぐら
じゅえん（長寿の祝の酒宴。）,寿讌,じゅえん（長寿の祝の酒宴。）
むえん（悪夢におそわれること。）,夢魘,むえん（悪夢におそわれること。）
うなされる,魘される,うなされる
おういつ（満ちあふれること。）,汪溢,おういつ（満ちあふれること。）
おうおう（心に不平や不満があって、元気のないさま。）,怏怏,おうおう（心に不平や不満があって、元気のないさま。）
おうか（わざわい。）,殃禍,おうか（わざわい。）
おうか（田植え歌。）,秧歌,おうか（田植え歌。）
おうおう（おきなと、おうな。）,翁媼,おうおう（おきなと、おうな。）
おうと（はくこと。）,嘔吐,おうと（はくこと。）
おうう（おきなと、おうな。）,翁嫗,おうう（おきなと、おうな。）
おうしょう（休みをとれないほど忙しく働くこと。）,鞅掌,おうしょう（休みをとれないほど忙しく働くこと。）
むながい,鞅,むながい
おうのう（なやむ。）,懊悩,おうのう（なやむ。）
おうてん（狭い世間の意で、見識の狭いことのたとえ。）,甕天,おうてん（狭い世間の意で、見識の狭いことのたとえ。）
青春を「おうか」する,謳歌,青春を「おうか」する
おうさつ（みなごろし。）,鏖殺,おうさつ（みなごろし。）
おうめい（仲間を求め合うこと。）,嚶鳴,おうめい（仲間を求め合うこと。）
こおう（つぼ。）,壺罌,こおう（つぼ。）
ひたき（鳥。）,鶲,ひたき（鳥。）
おんびょう（急性の発熱性感染症。）,瘟病,おんびょう（急性の発熱性感染症。）
かんか（武力。）,干戈,かんか（武力。）
おとり,囮,おとり
良心の「かしゃく」,呵責,良心の「かしゃく」
かさ（くびかせとくさり。）,枷鎖,かさ（くびかせとくさり。）
しか（えだ。）,枝柯,しか（えだ。）
コーヒー,珈琲,コーヒー
かひ（かさぶた。）,痂皮,かひ（かさぶた。）
こか（あしぶえ。）,胡笳,こか（あしぶえ。）
そうか（多数の水主で漕ぐ、速力の速い軍舟。）,走舸,そうか（多数の水主で漕ぐ、速力の速い軍舟。）
かびゅう（なまり。）,訛謬、譌謬,かびゅう（なまり。）
こだま、やまびこ,谺,こだま、やまびこ
カンカ、るつぼ,坩堝,カンカ、るつぼ
かふ（座禅をするときの足の組み方。）,跏趺,かふ（座禅をするときの足の組み方。）
かんか（事が思い通り運ばず不遇なさま。）,轗軻、坎軻,かんか（事が思い通り運ばず不遇なさま。）
たいか（大きな建物。）,大廈,たいか（大きな建物。）
かじょう（遠い国。）,遐壌,かじょう（遠い国。）
かた（おびただしいこと。）,夥多,かた（おびただしいこと。）
かとう（僧の頭を袈裟などで包み、目だけを出した装い。）,裹頭,かとう（僧の頭を袈裟などで包み、目だけを出した装い。）
かろ（自分の家をへりくだっていう語。）,蝸廬,かろ（自分の家をへりくだっていう語。）
カト、おたまじゃくし,蝌蚪,カト、おたまじゃくし
くるぶし,踝,くるぶし
ほうか（ぬいめ。）,縫罅,ほうか（ぬいめ。）
かりゅう（つぶ。）,顆粒,かりゅう（つぶ。）
けんか（かまびすしい。）,諠譁,けんか（かまびすしい。）
こうが（月にすむという美女。）,姮娥,こうが（月にすむという美女。）
せいが（人材を育成すること。）,菁莪,せいが（人材を育成すること。）
かいが、けげん（いぶかる。）,怪訝,かいが、けげん（いぶかる。）
かんが（役所。）,官衙,かんが（役所。）
がもう（白くて非常に軽いもののたとえ。）,鵝毛,がもう（白くて非常に軽いもののたとえ。）
かいり（わかれはなれること。）,乖離,かいり（わかれはなれること。）
はいかい（目的もなく歩き回る。）,徘徊,はいかい（目的もなく歩き回る。）
かいせん（皮膚病。）,疥癬,かいせん（皮膚病。）
かいらくえん,偕楽園,かいらくえん
「かいらい」政権,傀儡政権,「かいらい」政権
ちょうかい（話す必要のないことをしゃべること。）,長喙,ちょうかい（話す必要のないことをしゃべること。）
がんかい（よくばる。）,玩愒,がんかい（よくばる。）
どうかつ（人を脅す。）,恫愒,どうかつ（人を脅す。）
かいこ（打楽器。）,揩鼓,かいこ（打楽器。）
かいちゅう（虫。）,蛔虫,かいちゅう（虫。）
らいかい（胸中に積もっている悲憤慷慨の気持。）,磊嵬、磊磈,らいかい（胸中に積もっている悲憤慷慨の気持。）
かいかい（おどけること。）,詼諧,かいかい（おどけること。）
「かい」より始めよ,隗,「かい」より始めよ
かいきょく（エンジュといばら。）,槐棘,かいきょく（エンジュといばら。）
かいれい（美しくすぐれていること。）,瑰麗,かいれい（美しくすぐれていること。）
かいかい（いましめ、教える。）,誡誨,かいかい（いましめ、教える。）
くがい（役所の建物。）,公廨,くがい（役所の建物。）
かいだ（なまける。）,懈惰,かいだ（なまける。）
ろうかい（わるがしこい。）,老獪,ろうかい（わるがしこい。）
人口に「かいしゃ」する,膾炙,人口に「かいしゃ」する
かいこう（思いがけず出あうこと。）,邂逅、邂遘,かいこう（思いがけず出あうこと。）
がいあん（世の中が治まって安らかなこと。）,乂安、艾安,がいあん（世の中が治まって安らかなこと。）
もぐさ、よもぎ,艾,もぐさ、よもぎ
「がいか」の戦い,垓下,「がいか」の戦い
がいてい（乳児。）,孩提,がいてい（乳児。）
がいてい（楽しみやわらぐこと。）,豈弟,がいてい（楽しみやわらぐこと。）
いがみあう,啀み合う,いがみあう
がいせつ（ぴたりとあうこと。適切なこと。）,剴切,がいせつ（ぴたりとあうこと。適切なこと。）
てきがいしん,敵愾心,てきがいしん
がいさい（ちょっとにらむこと。）,睚眥,がいさい（ちょっとにらむこと。）
がいがい（雪や霜などで、あたり一面が白く見えるさま。）,皚皚,がいがい（雪や霜などで、あたり一面が白く見えるさま。）
きょうがい（非常に驚くこと。）,驚駭,きょうがい（非常に驚くこと。）
むげ,無礙,むげ
かかあでんか,嬶天下、嚊天下,かかあでんか
かっきん（職務に励むこと。）,恪勤,かっきん（職務に励むこと。）
かくさつ（なぐり殺すこと。）,挌殺,かくさつ（なぐり殺すこと。）
むじな,狢、貉,むじな
こうかく（やせた土地。）,墝埆、磽确,こうかく（やせた土地。）
かくたん（たんをはくこと。）,喀痰,かくたん（たんをはくこと。）
きんかく（女性の髪飾り。）,巾幗,きんかく（女性の髪飾り。）
おうかくまく,横膈膜,おうかくまく
かくらん（日射病。）,霍乱、癨乱,かくらん（日射病。）
こっかく（骨格。）,骨骼,こっかく（骨格。）
かくざ（船が浅瀬に乗りあげること。）,擱座,かくざ（船が浅瀬に乗りあげること。）
かくしゅ（解雇。）,馘首,かくしゅ（解雇。）
セキカク、しゃくとりむし,尺蠖,セキカク、しゃくとりむし
けんかく（厳しく調べること。）,検覈,けんかく（厳しく調べること。）
かくしゃく（,矍鑠,かくしゃく（
かくしゅ（つかみとること。）,攫取,かくしゅ（つかみとること。）
うそ（鳥。）,鷽,うそ（鳥。）
かすがい,鎹,かすがい
こそげる,刮げる,こそげる
かつもく（注意してよく見ること。）,刮目,かつもく（注意してよく見ること。）
かつぜん（金石など硬い物が触れ合うときの高く鋭い音。）,戛然,かつぜん（金石など硬い物が触れ合うときの高く鋭い音。）
きょうかつ（うるさく叫ぶ。）,叫聒,きょうかつ（うるさく叫ぶ。）
かつゆ（なめくじ。）,蛞蝓,かつゆ（なめくじ。）
こうかつ（わるがしこい。）,狡猾、狡黠,こうかつ（わるがしこい。）
かつま（作業。）,羯磨,かつま（作業。）
だかつ（へびとさそり。人が非常に忌み嫌うもののたとえ。）,蛇蝎,だかつ（へびとさそり。人が非常に忌み嫌うもののたとえ。）
かったつ（心が広く、物事にこだわらないようす。）,豁達、闊達,かったつ（心が広く、物事にこだわらないようす。）
がくぜん（はなはだしくおどろくさま。）,愕然,がくぜん（はなはだしくおどろくさま。）
かがく（うてな。）,花萼,かがく（うてな。）
ていがく（兄弟の情にたとえる。）,棣鄂,ていがく（兄弟の情にたとえる。）
侃侃「がくがく」,諤諤,侃侃「がくがく」
みさご（鳥。）,鶚,みさご（鳥。）
まっかつ（ツングース。）,靺鞨,まっかつ（ツングース。）
さそり,蠍,さそり
どうかん（子供。）,童丱,どうかん（子供。）
かんねい（心がねじけて悪がしこく、人にこびへつらうさま。）,奸佞,かんねい（心がねじけて悪がしこく、人にこびへつらうさま。）
かんぎょ（ふせぎ守ること。）,扞禦、捍禦,かんぎょ（ふせぎ守ること。）
かんばつ（ひでり。）,旱魃,かんばつ（ひでり。）
こうかん（てこ。）,槓杆,こうかん（てこ。）
「かんたん」の歩み（自分の本来のものを忘れて、やたらと他人のまねをして、両方ともうまくいかなくなるたとえ。）,邯鄲,「かんたん」の歩み（自分の本来のものを忘れて、やたらと他人のまねをして、両方ともうまくいかなくなるたとえ。）
りんかん（建築物が広大でりっぱなこと。）,輪奐,りんかん（建築物が広大でりっぱなこと。）
かんゆう（役人になって他郷に行くこと。）,宦遊,かんゆう（役人になって他郷に行くこと。）
かんば（あばれウマ。）,悍馬、駻馬,かんば（あばれウマ。）
しおり,栞,しおり
かんたく（あらいすすぐこと。）,浣濯、澣濯,かんたく（あらいすすぐこと。）
ひかん（身体が痩せ、腹がふくれてくる小児病。）,脾疳,ひかん（身体が痩せ、腹がふくれてくる小児病。）
かんよう（徐々に育成していくこと。）,涵養,かんよう（徐々に育成していくこと。）
とっかん（突撃に移る前に、士気を高めるために、指揮者の合図に応じて声を大きく張り上げること。）,吶喊,とっかん（突撃に移る前に、士気を高めるために、指揮者の合図に応じて声を大きく張り上げること。）
かんこう（象眼・埋め木細工・寄せ木細工などをする職人。）,嵌工,かんこう（象眼・埋め木細工・寄せ木細工などをする職人。）
かんぱつ（詔勅を、天下に広く告げ知らせること。）,渙発,かんぱつ（詔勅を、天下に広く告げ知らせること。）
バッカン、むぎわら,麦稈,バッカン、むぎわら
かんすい（気持ちよく酔うこと。）,酣酔,かんすい（気持ちよく酔うこと。）
たけなわ,酣,たけなわ
かんてい（戦いに勝って、敵を平定すること。）,戡定,かんてい（戦いに勝って、敵を平定すること。）
才気「かんぱつ」,煥発,才気「かんぱつ」
かんぎょ（牛馬を買いやしなう所。）,豢圉,かんぎょ（牛馬を買いやしなう所。）
かんこう（口を閉じる。）,箝口、鉗口、拑口、緘口,かんこう（口を閉じる。）
ばかん（くつわの、馬の口にくわえさせる部分。）,馬銜,ばかん（くつわの、馬の口にくわえさせる部分。）
かんじょう（ぐるりと取り囲む。）,圜繞,かんじょう（ぐるりと取り囲む。）
たいえん（天のこと。）,大圜,たいえん（天のこと。）
かんう（天下。）,寰宇,かんう（天下。）
しんかん（強いショックで震え動くこと。）,震撼,しんかん（強いショックで震え動くこと。）
かんらん（植物。）,橄欖,かんらん（植物。）
かんそう（手を洗い、口をすすぐこと。）,盥漱,かんそう（手を洗い、口をすすぐこと。）
かんかい（盗品。）,歛丐,かんかい（盗品。）
かんしゃく（感情をおさえきれず、怒りやすい性質。）,癇癪,かんしゃく（感情をおさえきれず、怒りやすい性質。）
かんりん（高い所から見下ろすこと。）,瞰臨,かんりん（高い所から見下ろすこと。）
かんなん（困難に出あい、悩み苦しむこと。）,艱難,かんなん（困難に出あい、悩み苦しむこと。）
かんすい（いびきをかきながら眠ること。）,鼾睡,かんすい（いびきをかきながら眠ること。）
かんせい（おりと落とし穴。）,檻穽,かんせい（おりと落とし穴。）
こうかん（書物の分量が多いこと。）,浩瀚,こうかん（書物の分量が多いこと。）
かんこ（しおからい湖。）,鹹湖,かんこ（しおからい湖。）
ぎょくかん（たまき？）,玉鐶,ぎょくかん（たまき？）
かんか（妻を失った男と夫を失った女。）,鰥寡,かんか（妻を失った男と夫を失った女。）
あかん（頭をあげまきにした幼女。 また、年少の侍女。）,丫鬟,あかん（頭をあげまきにした幼女。 また、年少の侍女。）
きんかん（にぎやかによろこぶ。）,欣驩,きんかん（にぎやかによろこぶ。）
こうのとり,鸛,こうのとり
けいがん（厨子を開いて、中の仏像を拝ませること。）,啓龕,けいがん（厨子を開いて、中の仏像を拝ませること。）
きちょうめん,几帳面,きちょうめん
かき（花の咲く、くさ。）,花卉,かき（花の咲く、くさ。）
きゆう（心配しなくてもいいことを心配すること。）,杞憂,きゆう（心配しなくてもいいことを心配すること。）
ききょく（とげのあるカラタチといばら。悪者・のたとえ。）,枳棘,ききょく（とげのあるカラタチといばら。悪者・のたとえ。）
みずのと（キ）,癸,みずのと（キ）
きょき（すすり泣く？）,噓唏、歔欷,きょき（すすり泣く？）
きしゅく（経験豊かで学徳の備わった老人。）,耆宿,きしゅく（経験豊かで学徳の備わった老人。）
どうき（どきどき。）,動悸,どうき（どきどき。）
きかく（前後から敵を攻撃すること。）,掎角,きかく（前後から敵を攻撃すること。）
とうき（豆の実を取り去ったあとに残る枝や茎。）,豆萁,とうき（豆の実を取り去ったあとに残る枝や茎。）
しょうき（主に中国の民間伝承に伝わる道教系の神。）,鍾馗,しょうき（主に中国の民間伝承に伝わる道教系の神。）
きぜん（ため息をつくさま。）,喟然,きぜん（ため息をつくさま。）
百姓「いっき」,一揆,百姓「いっき」
きねん（一周年。）,朞年,きねん（一周年。）
たいき（大きな道。）,大逵,たいき（大きな道。）
きたん（深くはじて赤面すること。）,愧赧,きたん（深くはじて赤面すること。）
しゅんき（春の暖かい陽光。 親の子に対する愛情のたとえ。）,春暉,しゅんき（春の暖かい陽光。 親の子に対する愛情のたとえ。）
きじん（変わり者。）,畸人,きじん（変わり者。）
「きべん」を弄する,詭弁,「きべん」を弄する
きはい（ひざまずいておがむこと。）,跪拝,きはい（ひざまずいておがむこと。）
きぼう（衣食などの足りないこと。）,匱乏,きぼう（衣食などの足りないこと。）
きれい（美しい。）,綺麗,きれい（美しい。）
しゅうき（ひかりかがやく。）,緝熙,しゅうき（ひかりかがやく。）
ききょ（両足を投げ出して座る。）,踑踞,ききょ（両足を投げ出して座る。）
きえつ（大将のさしず旗と、まさかり。）,麾鉞,きえつ（大将のさしず旗と、まさかり。）
ききゅう（こいねがう。）,冀求,ききゅう（こいねがう。）
きえい（満ち欠け。）,虧盈,きえい（満ち欠け。）
きゆ（身分不相応のことをのぞみねがうこと。）,覬覦,きゆ（身分不相応のことをのぞみねがうこと。）
きき（いみきらうこと。）,諱忌,きき（いみきらうこと。）
こめびつ,米櫃,こめびつ
きりん（麒麟。）,騏驎,きりん（麒麟。）
しき（他人をそしること。）,刺譏,しき（他人をそしること。）
ききん（食糧不足。）,饑饉,ききん（食糧不足。）
きしゅう（旅で感じるわびしさ。）,羇愁、羈愁,きしゅう（旅で感じるわびしさ。）
ひいき,贔屓,ひいき
きそく（才能のすぐれた人物のたとえ。）,驥足,きそく（才能のすぐれた人物のたとえ。）
ぎか、ぎわ（太陽。）,羲和,ぎか、ぎわ（太陽。）
ぎょくぜん（ひときわ高くそびえているさま。）,嶷然,ぎょくぜん（ひときわ高くそびえているさま。）
ぎそう（ふなよそい。）,艤装,ぎそう（ふなよそい。）
かくぎ（光り輝くさま。）,赫曦,かくぎ（光り輝くさま。）
ぎが（山などの高くそびえるさま。）,巍峨,ぎが（山などの高くそびえるさま。）
きくじん（罪を取り調べてただすこと。）,鞫訊,きくじん（罪を取り調べてただすこと。）
きつりつ（山やがけが高くそびえ立つさま。）,屹立,きつりつ（山やがけが高くそびえ立つさま。）
きっくつ（物や体の一部が折れ曲がって伸びないこと。）,佶屈,きっくつ（物や体の一部が折れ曲がって伸びないこと。）
けっこう、きっこう（力や勢力がほぼ同じで、互いに張り合うこと。）,拮抗、頡頏,けっこう、きっこう（力や勢力がほぼ同じで、互いに張り合うこと。）
ぎゃくしつ（おこり。病。）,瘧疾,ぎゃくしつ（おこり。病。）
かいぎゃく（ユーモア。）,諧謔,かいぎゃく（ユーモア。）
きゅうきゅう（山が高くけわしいさま。）,岌岌,きゅうきゅう（山が高くけわしいさま。）
きゅうだん（糾弾。）,糺弾,きゅうだん（糾弾。）
さいきゅう（戒めとして降すわざわい。）,災咎,さいきゅう（戒めとして降すわざわい。）
やましい,疚しい,やましい
きゅうりゅう（大空。）,穹窿,きゅうりゅう（大空。）
れいきゅうしゃ,霊柩車,れいきゅうしゃ
きゅうこう（自分から実際に行うこと。）,躬行,きゅうこう（自分から実際に行うこと。）
いがぐり,毬栗,いがぐり
きゅうじょう（球技をする場所。）,毬場,きゅうじょう（球技をする場所。）
こうきゅう（よいつれあい。よい妻。）,好逑,こうきゅう（よいつれあい。よい妻。）
きゅうじょ（声調や楽器の音律がよく合うさま。）,翕如,きゅうじょ（声調や楽器の音律がよく合うさま。）
きゅうこ（しゅうととしゅうとめ。）,舅姑,きゅうこ（しゅうととしゅうとめ。）
カキョ、ちさ（レタス。）,萵苣,カキョ、ちさ（レタス。）
きょしょく（かがり火。）,炬燭,きょしょく（かがり火。）
こたつ（あったかい。）,炬燵,こたつ（あったかい。）
きょごう（おごりたかぶること。）,倨傲,きょごう（おごりたかぶること。）
きょうきょ（四角いかごと丸いかご。）,筐筥,きょうきょ（四角いかごと丸いかご。）
はいきょ（廃虚。）,廃墟,はいきょ（廃虚。）
きゅうきょ（急いで。）,急遽,きゅうきょ（急いで。）
きょしゅつ（なんらかの事業、また寄付などに金品を出し合うこと。）,醵出,きょしゅつ（なんらかの事業、また寄付などに金品を出し合うこと。）
けやき,欅,けやき
ぎょしゃ（御者。）,馭者,ぎょしゃ（御者。）
ゲッキョウ、ぼうふら,孑孒,ゲッキョウ、ぼうふら
きょうど（騎馬民族。）,匈奴,きょうど（騎馬民族。）
きょうげき（挟みうちにすること。）,夾撃,きょうげき（挟みうちにすること。）
きょうぜん（おそれて心がさわぐさま。）,恟然,きょうぜん（おそれて心がさわぐさま。）
きょうしゅ（事が起きているのに何もしないでただ見ていること。）,拱手,きょうしゅ（事が起きているのに何もしないでただ見ていること。）
きょうゆう（水が勢いよくわき出るさま。）,洶湧,きょうゆう（水が勢いよくわき出るさま。）
きょうじゅつ（あわれんで恵むこと。）,矜恤,きょうじゅつ（あわれんで恵むこと。）
かまち,框,かまち
きょうゆう（勇ましく強いが、残忍な人物。）,梟雄,きょうゆう（勇ましく強いが、残忍な人物。）
こうけつ（真っ白でけがれのないこと。）,皎潔,こうけつ（真っ白でけがれのないこと。）
きょうじつ（終日。）,竟日,きょうじつ（終日。）
しゅうきょう（こおろぎ。）,秋蛩,しゅうきょう（こおろぎ。）
めどぎ（ぜいちくのこと。）,筴,めどぎ（ぜいちくのこと。）
きょうおん（あしおと。）,跫音,きょうおん（あしおと。）
きょうきょ（仮に住むこと。）,僑居,きょうきょ（仮に住むこと。）
きょうぎょう（おそれいましめて、慎むさま。）,兢業,きょうぎょう（おそれいましめて、慎むさま。）
きょうわく（うそを言ってまどわすこと。）,誑惑,きょうわく（うそを言ってまどわすこと。）
あいきょう（かわいらしい。）,愛嬌,あいきょう（かわいらしい。）
きょうてい（箱の底。）,篋底,きょうてい（箱の底。）
はさみ,鋏,はさみ
きょうこ（強固。かたい。）,鞏固,きょうこ（強固。かたい。）
きょうこう（まぐれ当たりの幸福を求めること。）,徼幸,きょうこう（まぐれ当たりの幸福を求めること。）
かんじき、そり,橇,かんじき、そり
きょうおう（植物。）,薑黄,きょうおう（植物。）
はじかみ,薑,はじかみ
きょうほう（おしめ。）,襁褓、繦褓,きょうほう（おしめ。）
くうきょう（体のあな。）,空竅,くうきょう（体のあな。）
きょうどう（人々の先に立ってみちびくこと。）,嚮導,きょうどう（人々の先に立ってみちびくこと。）
きょういき（国境。）,疆域,きょういき（国境。）
きょうふ（かごを担ぐ人。）,轎夫,きょうふ（かごを担ぐ人。）
きょうしゃ（財力や権勢などをたのんで贅沢を尽くすこと。）,驕奢,きょうしゃ（財力や権勢などをたのんで贅沢を尽くすこと。）
ぎょうこう（思いがけない幸運。）,僥倖,ぎょうこう（思いがけない幸運。）
ぎょうり（人情が薄いこと。）,澆漓,ぎょうり（人情が薄いこと。）
ぎょうそ（大勢のなかの、特に優秀な人材。）,翹楚,ぎょうそ（大勢のなかの、特に優秀な人材。）
「ぎょうちゅう」検査,蟯虫,「ぎょうちゅう」検査
ぎょうめい（強いという評判。）,驍名,ぎょうめい（強いという評判。）
こうきょく（田と田との間のみぞ。）,溝洫,こうきょく（田と田との間のみぞ。）
きょくれい（精を出して努めはげむこと。）,勖厲,きょくれい（精を出して努めはげむこと。）
きょくせき（おそるおそる歩くこと。非常におそれるさま。）,跼蹐,きょくせき（おそるおそる歩くこと。非常におそれるさま。）
まげ（頭頂で髪の毛を束ねて結わえたもの。）,髷,まげ（頭頂で髪の毛を束ねて結わえたもの。）
ポンド,听,ポンド
きんぜん（よろこんでするさま。）,忻然,きんぜん（よろこんでするさま。）
きんじょく（ふすまと、しとね。）,衾褥,きんじょく（ふすまと、しとね。）
きんかしょく（すみれ色。）,菫花色,きんかしょく（すみれ色。）
きんきゅう（行きづまりくるしむこと。）,窘窮,きんきゅう（行きづまりくるしむこと。）
こうきん（造物主。）,洪鈞,こうきん（造物主。）
きんか（ムクゲの花。）,槿花,きんか（ムクゲの花。）
かきん（欠点。）,瑕瑾,かきん（欠点。）
つぐむ,噤む,つぐむ
きんしょう（とらえることと自由に放つこと。転じて、自在に扱うこと。）,擒縦,きんしょう（とらえることと自由に放つこと。転じて、自在に扱うこと。）
さんきん（参勤。）,参覲,さんきん（参勤。）
くんし（むらがり集まること。）,麕至,くんし（むらがり集まること。）
のろ（動物。）,麕,のろ（動物。）
きんたん（争いの糸口。）,釁端,きんたん（争いの糸口。）
なまじ,憖,なまじ
しぎん（歯ぐき。）,歯齦,しぎん（歯ぐき。）
「くる」病,佝僂,「くる」病
くろう（苦労して働くこと。）,劬労,くろう（苦労して働くこと。）
ししく（大いに雄弁を振るうこと。大演説。）,獅子吼,ししく（大いに雄弁を振るうこと。大演説。）
くこ（植物。）,枸杞,くこ（植物。）
くぬぎ,栩,くぬぎ
すいく（息を吹きかけて温めたり冷ましたりすること。）,吹煦,すいく（息を吹きかけて温めたり冷ましたりすること。）
きく（険しいこと。 容易でないこと。）,崎嶇,きく（険しいこと。 容易でないこと。）
やつれる,窶れる,やつれる
ひんく（非常に貧しいこと。）,貧窶,ひんく（非常に貧しいこと。）
おうろう（高く狭い地。）,甌窶,おうろう（高く狭い地。）
くぜん（目を見開いて驚くさま。）,瞿然,くぜん（目を見開いて驚くさま。）
いく（おそれはばかること。）,畏懼,いく（おそれはばかること。）
がいく（ちまた。まち。）,街衢,がいく（ちまた。まち。）
ぐふう（強風や暴風。）,颶風,ぐふう（強風や暴風。）
ひつぐう（夫婦となること。）,匹耦,ひつぐう（夫婦となること。）
ぐうし（ハスの茎や根を折ったときに出る糸。）,藕糸,ぐうし（ハスの茎や根を折ったときに出る糸。）
くっきょう（屈強。）,倔強,くっきょう（屈強。）
くっき（にわかに起こり立ち、群を抜いていること。）,崛起,くっき（にわかに起こり立ち、群を抜いていること。）
くんせん（ニラ・ニンニクなどくさいにおいの野菜と、なまぐさい肉。）,葷羶,くんせん（ニラ・ニンニクなどくさいにおいの野菜と、なまぐさい肉。）
あかぎれ、ひび,皹,あかぎれ、ひび
くすぶる,燻ぶる,くすぶる
くゆらす,燻らす,くゆらす
いぶす,燻す,いぶす
くんぜん（酔う。）,醺然,くんぜん（酔う。）
けいしょう（つよくて動作がすばやいこと。）,勁捷,けいしょう（つよくて動作がすばやいこと。）
けいしゅく（二十八宿の一つ。文章をつかさどるとされる。）,奎宿,けいしゅく（二十八宿の一つ。文章をつかさどるとされる。）
けいかん（冠を脱いで柱などにかける意から、官を去り職を辞すること。）,挂冠,けいかん（冠を脱いで柱などにかける意から、官を去り職を辞すること。）
けいがん（慧眼。）,炯眼,けいがん（慧眼。）
けいこつ（すねの骨。）,脛骨,けいこつ（すねの骨。）
けいこ（婦人用の和装礼服。）,袿袴,けいこ（婦人用の和装礼服。）
けいてい（大きなへだたり。差異。）,逕庭,けいてい（大きなへだたり。差異。）
けいれん（ひきつること。）,痙攣,けいれん（ひきつること。）
ぎょっけい（玉で作ったかんざし。）,玉笄,ぎょっけい（玉で作ったかんざし。）
けいどく（身寄りのない独り者。）,煢独,けいどく（身寄りのない独り者。）
ふっけい（みそぎはらい。）,祓禊,ふっけい（みそぎはらい。）
けいえん（夫とはなればなれの妻のうらみや悲しみ。）,閨怨,けいえん（夫とはなればなれの妻のうらみや悲しみ。）
けいとう（燭台にともされたともしび。）,檠灯,けいとう（燭台にともされたともしび。）
けいせつ（体を折り曲げること。）,磬折,けいせつ（体を折り曲げること。）
あざみ,薊,あざみ
ついけい（まげの一種。）,椎髻,ついけい（まげの一種。）
けいがく（深い谷。）,谿壑,けいがく（深い谷。）
せいけい（徳行のある人のところには、だまっていても人が集まってくることのたとえ。）,成蹊,せいけい（徳行のある人のところには、だまっていても人が集まってくることのたとえ。）
けいえん（玉のように美しい敷物。転じて、美しく華やかな宴席。）,瓊筵,けいえん（玉のように美しい敷物。転じて、美しく華やかな宴席。）
けいこ（ツクツクボウシ。）,蟪蛄,けいこ（ツクツクボウシ。）
けいがい（話したり笑ったりすること。）,謦咳,けいがい（話したり笑ったりすること。）
へいげい（にらむ。）,睥睨、俾倪,へいげい（にらむ。）
げいか（高僧の敬称。）,猊下,げいか（高僧の敬称。）
げいしょう（天人の衣。）,霓裳,げいしょう（天人の衣。）
さんしょううお,鯢,さんしょううお
げいきゅう（白い子鹿の皮の皮衣。）,麑裘,げいきゅう（白い子鹿の皮の皮衣。）
げいめん（入れ墨をした顔。）,黥面,げいめん（入れ墨をした顔。）
げいご（うわごと。）,囈語,げいご（うわごと。）
ないげき（うちわもめ。）,内郤,ないげき（うちわもめ。）
かんなぎ,覡,かんなぎ
げきぜつ（モズの鳴き声の意から、意味が分からないために、ただやかましく聞こえる外国の言葉。）,鴃舌,げきぜつ（モズの鳴き声の意から、意味が分からないために、ただやかましく聞こえる外国の言葉。）
「げき」を飛ばす,檄,「げき」を飛ばす
げきせき（ひっそりと静かでさびしいさま。）,闃寂,げきせき（ひっそりと静かでさびしいさま。）
げきしょう（兄弟げんか。うちわもめ。）,鬩牆,げきしょう（兄弟げんか。うちわもめ。）
せめぐ,鬩ぐ,せめぐ
げきしゅ（水難よけのために、サギの頭の形を船首に刻んだり描いたりした船。）,鷁首,げきしゅ（水難よけのために、サギの頭の形を船首に刻んだり描いたりした船。）
きょうけち（染色技法。）,夾纈,きょうけち（染色技法。）
けつけつ（孤立しているさま。）,孑孑,けつけつ（孤立しているさま。）
けってき（えぐりだすこと。）,抉剔,けってき（えぐりだすこと。）
ていけつ（ひっさげること。）,提挈,ていけつ（ひっさげること。）
けっかつ（悪がしこいこと。）,桀黠,けっかつ（悪がしこいこと。）
げじゅ（仏教の教えを詩の形式で表したもの。）,偈頌,げじゅ（仏教の教えを詩の形式で表したもの。）
とっけつ（遊牧民。）,突厥,とっけつ（遊牧民。）
けつご（成語の下の語を省略し、前半だけで全体の意を表す方法。）,歇後,けつご（成語の下の語を省略し、前半だけで全体の意を表す方法。）
ひけつ（いしぶみ。）,碑碣,ひけつ（いしぶみ。）
けつじん（使いつくすこと。）,竭尽,けつじん（使いつくすこと。）
しょうけつ（悪い事がはびこること。）,猖獗,しょうけつ（悪い事がはびこること。）
けつじょ（欠如。）,闕如,けつじょ（欠如。）
けっさ（いつわりあざむくこと。）,譎詐,けっさ（いつわりあざむくこと。）
けっき（決起。）,蹶起,けっき（決起。）
いげつ（死後に残された妾腹の子。）,遺孼,いげつ（死後に残された妾腹の子。）
ほうげつ（芽生えとひこばえ。）,萌櫱,ほうげつ（芽生えとひこばえ。）
げっしるい,齧歯類,げっしるい
けんれい（あでやかでうつくしいこと。）,姸麗,けんれい（あでやかでうつくしいこと。）
せんけん（女性の姿があでやかに美しいさま。）,嬋娟,せんけん（女性の姿があでやかに美しいさま。）
けんてき（水のしたたり。転じて、小さなもの。）,涓滴,けんてき（水のしたたり。転じて、小さなもの。）
けんかい（かたくなに自分の考えを守り、人と妥協しないさま。）,狷介,けんかい（かたくなに自分の考えを守り、人と妥協しないさま。）
けんぺき（肩凝り。）,痃癖,けんぺき（肩凝り。）
けいけん（深く敬って態度をつつしむさま。）,敬虔,けいけん（深く敬って態度をつつしむさま。）
けんぞく（一族。家来。）,眷族,けんぞく（一族。家来。）
けんれい（あやまち。）,愆戻,けんれい（あやまち。）
けんえん（あきたりなく思うさま。）,慊焉,けんえん（あきたりなく思うさま。）
けんしょうえん,腱鞘炎,けんしょうえん
けんか（水辺にはえるオギとアシ。）,蒹葭,けんか（水辺にはえるオギとアシ。）
しじみ,蜆,しじみ
けんどん（非常にけちで欲が深いこと。）,慳貪,けんどん（非常にけちで欲が深いこと。）
じけん（自分自身に引け目を感じ、不満を持つ。）,自歉,じけん（自分自身に引け目を感じ、不満を持つ。）
けんべつ（はっきりと区別すること。）,甄別,けんべつ（はっきりと区別すること。）
けんきょく（順調でないさま。）,蜷局,けんきょく（順調でないさま。）
けんしゅつ（山が高くけわしいこと。）,嶮峻,けんしゅつ（山が高くけわしいこと。）
けんとつ（すすけて黒くなった煙突。）,黔突,けんとつ（すすけて黒くなった煙突。）
こうけん（ほんのりと赤い顔。）,紅臉,こうけん（ほんのりと赤い顔。）
けんけん（言いにくいことをはっきり言うさま。）,謇謇,けんけん（言いにくいことをはっきり言うさま。）
えんけん（ おごり高ぶるさま。）,偃蹇,えんけん（ おごり高ぶるさま。）
かけん（美人のまぶた。）,花瞼,かけん（美人のまぶた。）
けんさく（鳥獣を捕らえるわな。）,羂索,けんさく（鳥獣を捕らえるわな。）
トケン、ほととぎす,杜鵑,トケン、ほととぎす
けんせき（あやまちや不正などをとがめ責めること。）,譴責,けんせき（あやまちや不正などをとがめ責めること。）
けんこつ（頰骨。）,顴骨,けんこつ（頰骨。）
つぶやく,呟く,つぶやく
くるめく,眩く,くるめく
ていげん（かなえの両耳にかけ渡した、金属製のとって。）,鼎鉉,ていげん（かなえの両耳にかけ渡した、金属製のとって。）
きょうげん（善良を装って、郷里の好評を得ようとする小人。）,郷愿,きょうげん（善良を装って、郷里の好評を得ようとする小人。）
げんそん（はっきりと確かにあること。）,儼存,げんそん（はっきりと確かにあること。）
ごかん（極寒。）,冱寒,ごかん（極寒。）
こけん（人の値打ち。）,沽券、估券,こけん（人の値打ち。）
くりぬく,刳り貫く,くりぬく
ここ（乳飲み子の泣く声。）,呱呱,ここ（乳飲み子の泣く声。）
こじ（たのみとすること。）,怙恃,こじ（たのみとすること。）
もうこ（魚や獣を捕えるあみ。）,罔罟,もうこ（魚や獣を捕えるあみ。）
こか（またのした。）,胯下,こか（またのした。）
こしょう（身分の高い人の供をすること。）,扈従,こしょう（身分の高い人の供をすること。）
こかつ（枯渇。）,涸渇,こかつ（枯渇。）
こひょう（ひょうたん。ふくべ。）,瓠瓢,こひょう（ひょうたん。ふくべ。）
こはく（樹脂。）,琥珀,こはく（樹脂。）
ころう（殿堂の屋根の高くとがり出たかど。）,觚稜,ころう（殿堂の屋根の高くとがり出たかど。）
ロウコ、けら,螻蛄,ロウコ、けら
くんこ（字句の解釈。）,訓詁,くんこ（字句の解釈。）
むこ（罪のないこと。）,無辜,むこ（罪のないこと。）
こしつ（持病。）,痼疾,こしつ（持病。）
こせん（商船。）,賈船,こせん（商船。）
おこがましい,烏滸がましい,おこがましい
たが,箍,たが
こちょう（胡蝶。）,蝴蝶,こちょう（胡蝶。）
しゃこ（鳥。）,鷓鴣,しゃこ（鳥。）
もうこ（盲人。）,矇瞽,もうこ（盲人。）
ここう（糊口。）,餬口,ここう（糊口。）
こわくてき,蠱惑的,こわくてき
かいご（そむく。）,乖忤,かいご（そむく。）
かんご（きびしい寒さ。）,寒沍,かんご（きびしい寒さ。）
いご（書を読む声。）,伊唔,いご（書を読む声。）
れいぎょ（ろうや。）,囹圄,れいぎょ（ろうや。）
ござ（イグサで編んだ敷物。）,茣蓙,ござ（イグサで編んだ敷物。）
えいご（かしこい。）,英晤,えいご（かしこい。）
ていご（くいちがう。）,牴牾,ていご（くいちがう。）
ゴコウ、むかで,蜈蚣,ゴコウ、むかで
ごび（目がさめていることと、眠ること。）,寤寐,ごび（目がさめていることと、眠ること。）
ゴソ、むささび、ももんが,鼯鼠,ゴソ、むささび、ももんが
そご,齟齬,そご
こうしん（精神や神経がたかぶり、病状などが進行すること。）,亢進,こうしん（精神や神経がたかぶり、病状などが進行すること。）
こうれい（夫婦。）,伉儷,こうれい（夫婦。）
こうじょ（控除。）,扣除,こうじょ（控除。）
こうてい（かなえを持ちあげること。 転じて、力の極めて強いこと。）,扛鼎,こうてい（かなえを持ちあげること。 転じて、力の極めて強いこと。）
きょうこう（かがみばこ。）,鏡匣,きょうこう（かがみばこ。）
こうしょう（一貫目以上の重い物を測るのに用いる。 桿の上の紐に棒を通し、二人で担って測る。ちぎり。） ,杠秤,こうしょう（一貫目以上の重い物を測るのに用いる。 桿の上の紐に棒を通し、二人で担って測る。ちぎり。） 
しょうこう（塩化第二水銀。）,昇汞,しょうこう（塩化第二水銀。）
こうもん（尻。）,肛門,こうもん（尻。）
こうこう（心臓と膈膜との間の部分。）,膏肓,こうこう（心臓と膈膜との間の部分。）
毒を「あおる」,呷る,毒を「あおる」
こうこう（明るい。）,杲杲,こうこう（明るい。）
こうてん（大空。）,昊天,こうてん（大空。）
こうじつ（なれ親しみ、遠慮がなくなること。）,狎昵,こうじつ（なれ親しみ、遠慮がなくなること。）
いやしくも,苟も,いやしくも
こうごう（上下の歯のかみ合わせ。）,咬合,こうごう（上下の歯のかみ合わせ。）
こうしょう（大声で笑う。）,哄笑,こうしょう（大声で笑う。）
こうこつ,恍惚,こうこつ
はっこう（あまねくゆきわたること。ひろく種々の学問に通じていること。）,博洽,はっこう（あまねくゆきわたること。ひろく種々の学問に通じていること。）
こうそう（あわただしいさま。）,倥偬,こうそう（あわただしいさま。）
こうそく（悲しんで胸がふさがる。）,哽塞,こうそく（悲しんで胸がふさがる。）
ほうこう（吠える。）,咆哮,ほうこう（吠える。）
コウロウ、くろつぐ,桄榔,コウロウ、くろつぐ
こうしん（友人どうしが速く寄り集まること。）,盍簪,こうしん（友人どうしが速く寄り集まること。）
こうきゅう（黒羊の皮衣。）,羔裘,こうきゅう（黒羊の皮衣。）
こうこう（明るくひかるさま。）,耿耿、皓皓、煌煌,こうこう（明るくひかるさま。）
ぼうこう（体の器官。）,膀胱,ぼうこう（体の器官。）
こうそう（内部の者どうしが争うこと。）,訌争,こうそう（内部の者どうしが争うこと。）
がいこう（自国の領域に外国が攻めてくること。 ）,外寇,がいこう（自国の領域に外国が攻めてくること。 ）
こんこう（異種のものが入り混じること。）,混淆,こんこう（異種のものが入り混じること。）
ほうこう（さまよう。）,彷徨,ほうこう（さまよう。）
こうわく（おそれてうろたえること。）,惶惑,こうわく（おそれてうろたえること。）
えんこう（猿類の総称。）,猿猴,えんこう（猿類の総称。）
ちこう（穴ぐら。）,地窖,ちこう（穴ぐら。）
こうくん（赤いもすそ）,絳裙,こうくん（赤いもすそ）
そうこう（織機の重要部品。）,綜絖,そうこう（織機の重要部品。）
くけだい（裁縫用具の一つ。）,絎台,くけだい（裁縫用具の一つ。）
こうりょう（古代中国の想像上の動物。）,蛟竜,こうりょう（古代中国の想像上の動物。）
じょうこう（城と濠。）,城隍,じょうこう（城と濠。）
こうごう（男女が交わること。）,媾合,こうごう（男女が交わること。）
こうえん（思いがけず急に起こること。）,溘焉,こうえん（思いがけず急に起こること。）
こうよう（湖や海洋などで、水面が広々としていて底の深そうなさま。）,滉瀁,こうよう（湖や海洋などで、水面が広々としていて底の深そうなさま。）
うるちまい,粳米,うるちまい
こうり（墓地。）,蒿里,こうり（墓地。）
こうば（ののしり、はずかしめること。）,詬罵,こうば（ののしり、はずかしめること。）
こうこう（あわただしく忙しいさま。）,遑遑,こうこう（あわただしく忙しいさま。）
こうもん（水門。）,閘門,こうもん（水門。）
こうがい（世の中の不正などをいきどおり嘆くこと。）,慷慨,こうがい（世の中の不正などをいきどおり嘆くこと。）
すいこう（文章を何度も練り直すこと。）,推敲,すいこう（文章を何度も練り直すこと。）
こうぼく（かれた樹木。）,槁木,こうぼく（かれた樹木。）
ほうこう（おおづつ。 大砲。）,砲熕,ほうこう（おおづつ。 大砲。）
こうがん（哺乳動物の雄の生殖器官。）,睾丸,こうがん（哺乳動物の雄の生殖器官。）
こうこう（弦楽器の一つ。）,箜篌,こうこう（弦楽器の一つ。）
ゆうこう（静かな竹藪。たかむら。）,幽篁,ゆうこう（静かな竹藪。たかむら。）
「こうちゃく」状態,膠着,「こうちゃく」状態
こうちゅう（いなご。）,蝗虫,こうちゅう（いなご。）
ギョーザ,餃子,ギョーザ
こうし（かぶら矢。）,嚆矢,こうし（かぶら矢。）
かがりび,篝火,かがりび
こうきょ（高貴な人が死ぬこと。）,薨去,こうきょ（高貴な人が死ぬこと。）
とき（戦場などで士気を高めるために、一斉にあげる声。）,鬨,とき（戦場などで士気を高めるために、一斉にあげる声。）
こうけつ（死体を埋めるあな。）,壙穴,こうけつ（死体を埋めるあな。）
しのぎ,鎬,しのぎ
こうこく（全国。）,闔国,こうこく（全国。）
こうせい（非常にまれなこと。）,曠世,こうせい（非常にまれなこと。）
ようかん（おいしい。）,羊羹,ようかん（おいしい。）
こうそう（玉や鐘、琴などの鳴り響くようす。）,鏗鏘、鏗錚、鏗鎗,こうそう（玉や鐘、琴などの鳴り響くようす。）
ひがい,鰉,ひがい
こうけち（染色技法。）,纐纈,こうけち（染色技法。）
あうん,阿吽,あうん
ごうり（ほんの少しであること。）,毫釐,ごうり（ほんの少しであること。）
ごうそ（強訴。）,嗷訴,ごうそ（強訴。）
ごうまん（傲慢。）,慠慢,ごうまん（傲慢。）
せんごう（煮つめて汁をなくすこと。）,煎熬,せんごう（煮つめて汁をなくすこと。）
ごうゆう（気ままにあそび楽しむこと。）,遨遊,ごうゆう（気ままにあそび楽しむこと。）
喧々「ごうごう」,囂々,喧々「ごうごう」
かぶとがに,鱟,かぶとがに
ごうとう（書物の本文の上にある余白。）,鼇頭,ごうとう（書物の本文の上にある余白。）
こくふく（克復。）,剋復,こくふく（克復。）
こっきゅう（大声でなき叫ぶこと。）,哭泣,こっきゅう（大声でなき叫ぶこと。）
とこく（少し。）,斗斛,とこく（少し。）
しっこく（足かせ手かせ。）,桎梏,しっこく（足かせ手かせ。）
しゃこく（こしき。）,車轂,しゃこく（こしき。）
こつりつ（とびぬけて高くそびえ立つさま。）,兀立,こつりつ（とびぬけて高くそびえ立つさま。）
こつこつ（たゆまずに精を出して働くさま。）,矻矻、兀兀,こつこつ（たゆまずに精を出して働くさま。）
しゃく,笏,しゃく
ごうこん（人におごり、もとる。）,傲很,ごうこん（人におごり、もとる。）
こんがん（懇願。）,悃願,こんがん（懇願。）
こんべん（天子の礼服と礼服を着たときにかぶる冠。）,袞冕,こんべん（天子の礼服と礼服を着たときにかぶる冠。）
こんろん（中国西方の伝説上の霊山。）,崑崙,こんろん（中国西方の伝説上の霊山。）
こんしん（からだ全体。）,渾身,こんしん（からだ全体。）
こんにゃく,菎蒻、蒟蒻,こんにゃく
こんぼう（丸い木の棒。）,棍棒,こんぼう（丸い木の棒。）
コンロ,焜炉,コンロ
こんだく（混濁。）,溷濁,こんだく（混濁。）
こんずい（人を頼り、後ろについていくこと。）,跟随,こんずい（人を頼り、後ろについていくこと。）
こんこん（水などが尽きずにあふれでるさま。）,滾滾,こんこん（水などが尽きずにあふれでるさま。）
ふんどし,褌,ふんどし
こんめい（あだな。）,諢名、渾名,こんめい（あだな。）
こんほう（果てしなく大きいもののたとえ。）,鯤鵬,こんほう（果てしなく大きいもののたとえ。）