さする、する,摩る,さする、する
まさつ,摩擦,まさつ
みがく,磨く,みがく
こまく,鼓膜,こまく
ちんせき（寝室。）,枕席,ちんせき（寝室。）
まさき（植物。）,柾,まさき（植物。）
みなまたびょう,水俣病,みなまたびょう
まっしょう（除くこと。）,抹消,まっしょう（除くこと。）
ひまつ,飛沫,ひまつ
まろ,麿,まろ
よろず,万,よろず
まんが,漫画,まんが
つる（植物。）,蔓,つる（植物。）
まんえん（はびこる。）,蔓延,まんえん（はびこる。）
みりょく,魅力,みりょく
みさき,岬,みさき
みつ（甘い。）,蜜,みつ（甘い。）
みょうあん,妙案,みょうあん
ミリメートル,粍,ミリメートル
ぼうげき（ほこ。）,矛戟,ぼうげき（ほこ。）
むさん（消える。）,霧散,むさん（消える。）
じょうし（少女。）,娘子,じょうし（少女。）
「めいど」の土産,冥土,「めいど」の土産
めいがら,銘柄,めいがら
まぬかれる,免れる,まぬかれる
わた,綿、棉,わた
めんみつ,綿密,めんみつ
かいめん（遠く離れたものや過去のことを思うこと。）,懐緬,かいめん（遠く離れたものや過去のことを思うこと。）
ラーメン,拉麺,ラーメン
ちょうも（草木が、のびのびとよくおいしげること。）,暢茂,ちょうも（草木が、のびのびとよくおいしげること。）
とうばく、すり（犯罪。）,掏摸,とうばく、すり（犯罪。）
もほう,模倣、摸倣,もほう
みだりに,妄りに,みだりに
もうろう（とりとめのないこと。）,孟浪,もうろう（とりとめのないこと。）
もうてん,盲点,もうてん
しょうこう、しょうもう,消耗,しょうこう、しょうもう
もちろん,勿論,もちろん
もみがら,籾殻,もみがら
もみじ,椛,もみじ
しもん（fingerprint）,指紋,しもん（fingerprint）
もだえる,悶える,もだえる
ひともんちゃく,一悶着,ひともんちゃく
もんめ（単位。）,匁,もんめ（単位。）
やきん（金属の加工。）,冶金,やきん（金属の加工。）
やそ（キリスト教。）,耶蘇,やそ（キリスト教。）
やじょう（父母。）,爺娘,やじょう（父母。）
びほう（失敗や欠点を取りつくろうこと。）,弥縫,びほう（失敗や欠点を取りつくろうこと。）
やくばらい,厄払い,やくばらい
つづめる,約める,つづめる
わけ（理由。）,訳,わけ（理由。）
こんあん（みだれた世。）,昏闇,こんあん（みだれた世。）
ゆゆしい,由々しい,ゆゆしい
ひゆ（たとえ。）,比喩,ひゆ（たとえ。）
ゆかい（楽しい。）,愉快,ゆかい（楽しい。）
いよいよ,愈,いよいよ
さとす,諭す,さとす
ゆし（言いきかせること。）,諭旨,ゆし（言いきかせること。）
傷が「いえる」,癒える,傷が「いえる」
だくい（返答。）,諾唯,だくい（返答。）
もっとも（道理にあっている。）,尤も,もっとも（道理にあっている。）
ゆうぶつ（すぐれた人物や物。）,尤物,ゆうぶつ（すぐれた人物や物。）
しんゆう（神の助け。）,神佑、神祐,しんゆう（神の助け。）
ゆうらく（むらざと。）,邑落,ゆうらく（むらざと。）
とり（干支のとり。ユウ。）,酉,とり（干支のとり。ユウ。）
なだめる,宥める,なだめる
ゆうじょ（寛大な心でゆるすこと。）,宥恕,ゆうじょ（寛大な心でゆるすこと。）
ゆうれい,幽霊,ゆうれい
ゆず,柚子、柚,ゆず
ゆうきゅう（長く続くこと。）,悠久,ゆうきゅう（長く続くこと。）
ゆうじょう（うやうやしく両手を前で組み合わせて、会釈をすること。）,揖譲,ゆうじょう（うやうやしく両手を前で組み合わせて、会釈をすること。）
ゆうよ,猶予,ゆうよ
ゆうふく,裕福,ゆうふく
なら（植物。）,楢,なら（植物。）
かゆう（国をおさめるためのすぐれた計画。）,嘉猷,かゆう（国をおさめるためのすぐれた計画。）
うさばらし,憂さ晴らし,うさばらし
かねてから,予てから,かねてから
ほまれ,誉れ,ほまれ
よず（世界地図。）,輿図,よず（世界地図。）
いとけない,幼い,いとけない
ゆうしゅつ（わきでる。）,湧出、涌出,ゆうしゅつ（わきでる。）
ぼんよう,凡庸,ぼんよう
ようりょく（飛行機などにはたらく力。）,揚力,ようりょく（飛行機などにはたらく力。）
どうよう（不安。）,動揺,どうよう（不安。）
ようえん（はるかに遠いこと。）,遥遠,ようえん（はるかに遠いこと。）
ようへい,傭兵,ようへい
ようじ（小さな棒。）,楊枝、楊子,ようじ（小さな棒。）
ようちゅう（物事をつくりあげること。）,熔鋳,ようちゅう（物事をつくりあげること。）
ようやく（とびはねること。）,踊躍,ようやく（とびはねること。）
ようぎょう（セメントなどをつくる。）,窯業,ようぎょう（セメントなどをつくる。）
ようご（かばう。）,擁護,ようご（かばう。）
うたい,謡,うたい
「かよう」ショー,歌謡,「かよう」ショー
えいよう（はででぜいたくな暮らしをすること。）,栄耀,えいよう（はででぜいたくな暮らしをすること。）
おうよう（ゆったり。）,鷹揚,おうよう（ゆったり。）
よくあつ,抑圧,よくあつ
ひよく（作物がよくできること。）,肥沃,ひよく（作物がよくできること。）
はんしんよく,半身浴,はんしんよく
よくじつ,翌日,よくじつ
ほっする,慾する、欲する,ほっする
つばさ,翼,つばさ
ひしゃげる,拉げる,ひしゃげる
らち,拉致,らち
はだか,裸,はだか
られつ,羅列,られつ
きたす,来す,きたす
そうらい（荒れ地。）,草?,そうらい（荒れ地。）
らくちゅう（都の中。）,洛中,らくちゅう（都の中。）
れんらく,連絡,れんらく
からまる,絡まる,からまる
らくのう,酪農,らくのう
しんらつ,辛辣,しんらつ
ゆうらんせん,遊覧船,ゆうらんせん
「しゅつらん」の誉れ,出藍,「しゅつらん」の誉れ
らんがく,蘭学,らんがく
らんま,欄間,らんま
かんり,官吏,かんり
とうり（ももと、すもも。）,桃李,とうり（ももと、すもも。）
マイル,哩,マイル
かいり、ノット,浬,かいり、ノット
たぬき,狸,たぬき
げり,下痢,げり
ひみつり,秘密裡,ひみつり
るり,瑠璃,るり
ぞうり,草履,ぞうり
ようり（コイを養殖すること。）,養鯉,ようり（コイを養殖すること。）
リットル,立,リットル
りつれつ（皮膚がぴりぴりするほど寒さが厳しいこと。）,栗烈、慄烈,りつれつ（皮膚がぴりぴりするほど寒さが厳しいこと。）
むぐら,葎,むぐら
おののく,慄く,おののく
かすめる,掠める,かすめる
かすれる,掠れる,かすれる
りゃくだつ,略奪、掠奪,りゃくだつ
ほぼ,略,ほぼ
りゅうび（美人のまゆ。）,柳眉,りゅうび（美人のまゆ。）
りゅうきゅう,琉球,りゅうきゅう
さりゅう（みのかさ。）,簑笠,さりゅう（みのかさ。）
りゅうさん（H2SO4）,硫酸,りゅうさん（H2SO4）
みずたまり,水溜り,みずたまり
けんりゅう（雨だれ。）,軒溜,けんりゅう（雨だれ。）
りゅうらん（すみずみまで目をとおすこと。）,劉覧,りゅうらん（すみずみまで目をとおすこと。）
はんりょ,伴侶,はんりょ
とりこ,虜,とりこ
ほりょ,捕虜,ほりょ
はいりょ,配慮,はいりょ
せいりょう（清らかではっきりしていること。）,清亮,せいりょう（清らかではっきりしていること。）
しのぐ,凌ぐ,しのぐ
りょうが,凌駕,りょうが
うつばり、はり,梁,うつばり、はり
りょうじん（すぐれた歌手。）,梁塵,りょうじん（すぐれた歌手。）
こうりょう（荒れはててさびしいさま。）,荒涼,こうりょう（荒れはててさびしいさま。）
りょうきてき,猟奇的,りょうきてき
りょうか（金属製の鏡。）,菱花,りょうか（金属製の鏡。）
りょうぼ（おはか。）,陵墓,りょうぼ（おはか。）
みささぎ,陵,みささぎ
むくどり,椋鳥,むくどり
りょうせん（山の峰から峰へ続く線。）,稜線,りょうせん（山の峰から峰へ続く線。）
かくりょう,閣僚,かくりょう
あやなす,綾なす,あやなす
りょうら（美しくぜいたくな着物。）,綾羅,りょうら（美しくぜいたくな着物。）
がくせいりょう,学生寮,がくせいりょう
りょうじょ（相手の事情などを思いやって許すこと。）,諒恕,りょうじょ（相手の事情などを思いやって許すこと。）
ちりょう,治療,ちりょう
めいりょう（あきらか。）,明瞭,めいりょう（あきらか。）
りんもう（ごくわずかなこと。）,厘毛,りんもう（ごくわずかなこと。）
りんり,倫理,りんり
りんり（血や汗などがしたたり落ちるさま。）,淋漓,りんり（血や汗などがしたたり落ちるさま。）
りんろう（美しい玉。）,琳琅,りんろう（美しい玉。）
となり,隣,となり
りんか（狐火。）,燐火,りんか（狐火。）
るじゅつ（何度も述べること。）,?述,るじゅつ（何度も述べること。）
るいけい,累計,るいけい
るいへき（城のかこい。）,塁壁,るいへき（城のかこい。）
れいり,伶俐、怜悧,れいり
れいきじょうたい,励起状態,れいきじょうたい
はいれい（そむきもとること。）,背戻,はいれい（そむきもとること。）
みみなぐさ,苓,みみなぐさ
れいろう（美しくすきとおるさま。）,玲瓏,れいろう（美しくすきとおるさま。）
こぼす,零す,こぼす
どれい,奴隷,どれい
ぎんれい（銀白色に輝く山のこと。）,銀嶺,ぎんれい（銀白色に輝く山のこと。）
よわい（年。）,齢,よわい（年。）
しれい（研ぎ磨くこと。）,砥礪,しれい（研ぎ磨くこと。）
うららか,麗らか,うららか
かき、ぼれい（海のミルク。）,牡蠣,かき、ぼれい（海のミルク。）
こよみ,暦,こよみ
れっきと,歴と,れっきと
おとる,劣る,おとる
れっしょう（痛い。）,裂傷,れっしょう（痛い。）
れんか（安い。）,廉価,れんか（安い。）
れんが,煉瓦,れんが
れんげ,蓮華,れんげ
ねりあるく,練り歩く,ねりあるく
れんびん,憐憫,れんびん
れんきんじゅつ,錬金術,れんきんじゅつ
たいれん（対になってならんでいること。）,対聯,たいれん（対になってならんでいること。）
れんせい（皇太后などが、幼い帝にかわって政治を行うこと。）,簾政,れんせい（皇太后などが、幼い帝にかわって政治を行うこと。）
ごろあわせ,語呂合わせ,ごろあわせ
まいなう（贈賄。）,賂う,まいなう（贈賄。）
ろどん（おろか。）,魯鈍,ろどん（おろか。）
ふき（植物。）,蕗,ふき（植物。）
やぐら,櫓,やぐら
ろあし（舟をこぐとき、ろの水中につかる部分。）,櫓脚,ろあし（舟をこぐとき、ろの水中につかる部分。）
さぎ（鳥。）,鷺,さぎ（鳥。）
いたわしい,労しい,いたわしい
いじる,弄る,いじる
一族「ろうとう」,郎党,一族「ろうとう」
ほがらか,朗らか,ほがらか
ろうどく,朗読,ろうどく
ろうひ,浪費,ろうひ
ろうか（通路。）,廊下,ろうか（通路。）
まてんろう,摩天楼,まてんろう
雨が「もれる」,漏れる,雨が「もれる」
かご（入れ物。）,籠,かご（入れ物。）
こもる（外に出ない。）,籠もる,こもる（外に出ない。）
ろうらく,籠絡,ろうらく
ろうしゃ（耳が聞こえない人。）,聾者,ろうしゃ（耳が聞こえない人。）
あばら,肋,あばら
かんろく,貫禄,かんろく
こしあん（おいしい。）,漉餡,こしあん（おいしい。）
ろくが,録画,ろくが
さんろく（ふもと。）,山麓,さんろく（ふもと。）
あげつらう,論う,あげつらう
ふよう（やしなうこと。）,扶養,ふよう（やしなうこと。）
ふよう（植物。）,芙蓉,ふよう（植物。）
おの（フ）,斧,おの（フ）
ふほう（人が死んだ知らせ。）,訃報,ふほう（人が死んだ知らせ。）
おんぶ,負んぶ,おんぶ
単身「ふにん」,赴任,単身「ふにん」
ふとう（はとば。）,埠頭,ふとう（はとば。）
くさる,腐る,くさる
「ふせつ」工事,敷設,「ふせつ」工事
ふえき（年貢など。）,賦役,ふえき（年貢など。）
てっぷ（危難が差しせまっていることのたとえ。）,轍鮒,てっぷ（危難が差しせまっていることのたとえ。）
ふめん,譜面,ふめん
あなどる,侮る,あなどる
なでる,撫でる,なでる
あいぶ,愛撫,あいぶ
ぶざつ（乱れていて、整っていないこと。）,蕪雑,ぶざつ（乱れていて、整っていないこと。）
ポンド,封,ポンド
こうふう（川べりのかえで。）,江楓,こうふう（川べりのかえで。）
ふくさよう,副作用,ふくさよう
ドル,弗,ドル
フッ素,弗素,フッ素
お湯が「わく」,沸く,お湯が「わく」
せっぷん,接吻,せっぷん
ふんそう（まねる。）,扮装,ふんそう（まねる。）
デシメートル,粉,デシメートル
まぎれる,紛れる,まぎれる
たきび,焚き火,たきび
ふんけい（火あぶり。）,焚刑,ふんけい（火あぶり。）
ふんいき,雰囲気,ふんいき
こふん,古墳,こふん
くそ,糞,くそ
ひのえ（ヘイ）,丙,ひのえ（ヘイ）
へいごう,併合,へいごう
おうへい,横柄,おうへい
へいか,陛下,へいか
へい（障壁。）,塀,へい（障壁。）
ぞうへいきょく,造幣局,ぞうへいきょく
ごへい,語弊,ごへい
いんぺい,隠蔽,いんぺい
べらぼう,篦棒,べらぼう
シッペイ、チクヘイ、たけべら,竹篦,シッペイ、チクヘイ、たけべら
こんぺき,紺碧,こんぺき
ひがむ,僻む,ひがむ
へきち,僻地,へきち
けっぺき,潔癖,けっぺき
ないがしろ,蔑ろ,ないがしろ
いちべつ,一瞥,いちべつ
ペンス,片,ペンス
ひとえに,偏に,ひとえに
へんじゅう（詩歌を集めたもの。）,篇什,へんじゅう（詩歌を集めたもの。）
あみもの,編み物,あみもの
わきまえる,弁える,わきまえる
ぶんべん,分娩,ぶんべん
「きょうべん」をとる,教鞭,「きょうべん」をとる
しゅうほ（物事の始まり。）,衆甫,しゅうほ（物事の始まり。）
ほにゅうるい,哺乳類,ほにゅうるい
えんぽ（野菜を植えて育てる所。）,園圃,えんぽ（野菜を植えて育てる所。）
おぎなう,補う,おぎなう
道路を「ほそう」する,舗装、鋪装,道路を「ほそう」する
つちのえ（ボ）,戊,つちのえ（ボ）
ひんぼ,牝牡,ひんぼ
ばくだい,莫大,ばくだい
ぼさつ,菩薩,ぼさつ
つのる,募る,つのる
ぼき（記帳。）,簿記,ぼき（記帳。）
くるむ,包む,くるむ
あほう,阿呆,あほう
かぐわしい、かんばしい,芳しい,かぐわしい、かんばしい
いほうじん,異邦人,いほうじん
ほうじん（料理人。）,庖人,ほうじん（料理人。）
新年の「ほうふ」,抱負,新年の「ほうふ」
屁を「こく」,放く,屁を「こく」
ほうゆう（ともだち。）,朋友,ほうゆう（ともだち。）
フラン,法,フラン
もほう,模倣,もほう
ほうろく（給料。）,俸禄,ほうろく（給料。）
みね（ホウ）,峰、峯,みね（ホウ）
てっぽう,鉄砲,てっぽう
ほうぎょ（死ぬ。）,崩御,ほうぎょ（死ぬ。）
ささげる,捧げる,ささげる
かっぽうぎ,割烹着,かっぽうぎ
ほうちゃく（出会うこと。）,逢着,ほうちゃく（出会うこと。）
ほうこ（よもぎで編んだ扉。粗末な家。）,蓬戸,ほうこ（よもぎで編んだ扉。粗末な家。）
しとみ,蔀,しとみ
かばん,鞄,かばん
ほめる,褒める,ほめる
せんぽう（先頭を切って進むもの。）,先鋒,せんぽう（先頭を切って進むもの。）
のがん、とき,鴇,のがん、とき
「さいほう」道具,裁縫,「さいほう」道具
ほうと（大きなもくろみ。）,鵬図,ほうと（大きなもくろみ。）
けつぼう,欠乏,けつぼう
とぼしい,乏しい,とぼしい
う（干支のうさぎ。ボウ。）,卯,う（干支のうさぎ。ボウ。）
せわしい,忙しい,せわしい
おぼうさん,お坊さん,おぼうさん
さまたげる,妨げる,さまたげる
ぼうし（かやと、いばら。）,茅茨,ぼうし（かやと、いばら。）
それがし、なにがし,某,それがし、なにがし
ぶんぼう（弱小なもの、つまらないもののたとえ。）,蚊虻,ぶんぼう（弱小なもの、つまらないもののたとえ。）
かいぼうがく,解剖学,かいぼうがく
つむぐ,紡ぐ,つむぐ
ほうが（物事のはじまり。）,萌芽,ほうが（物事のはじまり。）
かたわら,傍ら,かたわら
ぼうかんしゃ,傍観者,ぼうかんしゃ
ぼうし（被り物。）,帽子,ぼうし（被り物。）
「へんぼう」をとげる,変貌,「へんぼう」をとげる
かまぼこ,蒲鉾,かまぼこ
ふくよか,膨よか,ふくよか
たばかる,謀る,たばかる
はかりごと,謀,はかりごと
こうきょう（美しい顔。）,紅?,こうきょう（美しい顔。）
ぼくせん,卜占,ぼくせん
むつまじい,睦まじい,むつまじい
「しんぼく」を深める,親睦,「しんぼく」を深める
ぼくひ（召使い。）,僕婢,ぼくひ（召使い。）
ぼくさつ,撲殺,ぼくさつ
せいぼく（書簡文で、相手の幸福・健康を指す言い方。）,清穆,せいぼく（書簡文で、相手の幸福・健康を指す言い方。）
ぼっこう（さかんになる。）,勃興,ぼっこう（さかんになる。）
そとぼり,外堀,そとぼり
ほんそう,奔走,ほんそう
およそ,凡そ,およそ
おぼん,お盆,おぼん
ともえ,巴,ともえ
はちょう（自作の詩歌の謙称語。）,巴調,はちょう（自作の詩歌の謙称語。）
はあく,把握,はあく
さらい（農具。）,杷,さらい（農具。）
びわ（楽器。）,琵琶,びわ（楽器。）
すこぶる,頗る,すこぶる
へんぱ（片寄って不公平なこと。）,偏頗,へんぱ（片寄って不公平なこと。）
でんぱ,伝播,でんぱ
はしゅ（たねまき。）,播種,はしゅ（たねまき。）
はきゃく（悪い部分を捨て去ること。）,簸却,はきゃく（悪い部分を捨て去ること。）
なは,那覇,なは
ばしょう,芭蕉,ばしょう
しゃば,娑婆,しゃば
ののしる,罵る,ののしる
ほえる,吠える,ほえる
さかずき,盃,さかずき
いはい（戒名を記す板。）,位牌,いはい（戒名を記す板。）
ひえ（植物。）,稗,ひえ（植物。）
はいし（小説。）,稗史,はいし（小説。）
やから,輩,やから
ろうばい,狼狽,ろうばい
つちかう,培う,つちかう
ばいしんいん,陪審員,ばいしんいん
うめ,梅、楳,うめ
すすける,煤ける,すすける
ばいしょう,賠償,ばいしょう
ひょうし（リズム。）,拍子,ひょうし（リズム。）
こまいぬ,狛犬、狛,こまいぬ
しょうはく（常緑樹。）,松柏,しょうはく（常緑樹。）
はがす,剥がす,はがす
はくせい（標本。）,剥製,はくせい（標本。）
はくらい（外国から運ばれて来ること。）,舶来,はくらい（外国から運ばれて来ること。）
しゅはく（すだれ。）,珠箔,しゅはく（すだれ。）
ばくぜん,漠然,ばくぜん
はんばく,反駁,はんばく
そくばく,束縛,そくばく
ばくしょ（虫干し。）,曝書,ばくしょ（虫干し。）
ぞうちょ（象牙でできた、おはし。）,象箸,ぞうちょ（象牙でできた、おはし。）
はたけ,畑、畠,はたけ
きふ（はだ。）,肌膚,きふ（はだ。）
さばく（動詞。）,捌く,さばく（動詞。）
はけぐち,捌け口,はけぐち
はちまき,鉢巻,はちまき
きんぱつ,金髪,きんぱつ
はつらつ,溌剌、?溂,はつらつ
いかだ,筏,いかだ
しゅうばつ（小船を多数つなぎ並べ、板を渡していかだのようにしたもの。）,舟筏,しゅうばつ（小船を多数つなぎ並べ、板を渡していかだのようにしたもの。）
「ばち」が当たる,罰,「ばち」が当たる
ばつぞく,閥族,ばつぞく
はなしか（落語家。）,噺家,はなしか（落語家。）
川の「はんらん」,氾濫,川の「はんらん」
はんせん（ふね。）,帆船,はんせん（ふね。）
はんようてき,汎用的,はんようてき
どうはん（一緒に行く。）,同伴,どうはん（一緒に行く。）
はんい（反逆の意志。）,叛意,はんい（反逆の意志。）
かはん（ほとり。）,河畔,かはん（ほとり。）
まだら、ぶち,斑,まだら、ぶち
うんぱん,運搬,うんぱん
うるさい,煩い,うるさい
はんざつ,煩雑,はんざつ
はんぷ（配る。）,頒布,はんぷ（配る。）
とうはん（仏堂に飾る旗。）,幢幡,とうはん（仏堂に飾る旗。）
ばんじゃく,盤石、磐石,ばんじゃく
はんかがい,繁華街,はんかがい
はんばつ,藩閥,はんばつ
名誉「ばんかい」,挽回,名誉「ばんかい」
ばんから（?ハイカラ。）,蛮カラ,ばんから（?ハイカラ。）
ばんじん（未開の人。）,蕃人,ばんじん（未開の人。）
おうひ（きさき。）,王妃,おうひ（きさき。）
ひご（まもる。）,庇護,ひご（まもる。）
びわ（植物。）,枇杷,びわ（植物。）
びしゃもんてん,毘沙門天,びしゃもんてん
ひぞく（群盗。）,匪賊,ひぞく（群盗。）
とびら,扉,とびら
ひぜん（あやがあって、美しいさま。）,斐然,ひぜん（あやがあって、美しいさま。）
ひいろ（赤。）,緋色,ひいろ（赤。）
ひめん,罷免,ひめん
まかりとおる,罷り通る,まかりとおる
ひぼう（そしること。）,誹謗,ひぼう（そしること。）
あんぴ（たづなをとる。）,鞍轡,あんぴ（たづなをとる。）
まゆげ,眉毛,まゆげ
みけん,眉間,みけん
ちゅうえき（わき。）,肘腋,ちゅうえき（わき。）
ひざ,膝,ひざ
ひき（助数詞。）,匹、疋,ひき（助数詞。）
ぶんぴつえき,分泌液,ぶんぴつえき
ひっきょう,畢竟,ひっきょう
ほひつ（天子・君主などが政治を行うのを、たすけること。）,輔弼,ほひつ（天子・君主などが政治を行うのを、たすけること。）
ひっぱく,逼迫,ひっぱく
ひょううつ（あや模様がりっぱなさま。）,彪蔚,ひょううつ（あや模様がりっぱなさま。）
ごびゅう,誤謬,ごびゅう
どひょう,土俵,どひょう
ひょうへん,豹変,ひょうへん
ただよう,漂う,ただよう
ひょうはく,漂白,ひょうはく
しるべ、しるし,標,しるべ、しるし
ひょうたん,瓢箪,ひょうたん
しゅびょうほう,種苗法,しゅびょうほう
れいびょう,霊廟,れいびょう
がびょう,画鋲,がびょう
びょうち（停泊する場所。）,錨地,びょうち（停泊する場所。）
ひんば（めすの馬。）,牝馬,ひんば（めすの馬。）
ひんぴん（調和がとれているさま。）,彬彬、斌斌,ひんぴん（調和がとれているさま。）
ひんきゃく,賓客,ひんきゃく
しきりに,頻りに,しきりに
ひんど,頻度,ひんど
死に「ひんする」,瀕する,死に「ひんする」
へいしゅ（びんづめの酒。）,瓶酒,へいしゅ（びんづめの酒。）
なぎ,凪,なぎ
めいご（意味のわかりにくい語。）,謎語,めいご（意味のわかりにくい語。）
なついん,捺印,なついん
なべ,鍋,なべ
し「にくい」,難い,し「にくい」
にそう（女性の僧。）,尼僧,にそう（女性の僧。）
じしん（そむく気持ちや疑いの心。）,弐心,じしん（そむく気持ちや疑いの心。）
におう,匂う,におう
しし（肉。）,宍、肉,しし（肉。）
にょうそ,尿素,にょうそ
いばり、しと,尿,いばり、しと
したためる,認める,したためる
むしろ,寧ろ,むしろ
ほとぼり,熱,ほとぼり
ひねる、ねじる,捻る,ひねる、ねじる
ねんざ,捻挫,ねんざ
ねばねば,粘々,ねばねば
ねんし（糸を二本以上合わせ、よりをかけたもの。）,撚糸,ねんし（糸を二本以上合わせ、よりをかけたもの。）
のうけつ（うみしると血が混じったもの。）,膿血,のうけつ（うみしると血が混じったもの。）
いくじのう,育児嚢,いくじのう
あえもの,和え物,あえもの
なごむ,和む,なごむ
やわらぐ,和らぐ,やわらぐ
わこく（日本。）,倭国,わこく（日本。）
えくぼ,笑窪,えくぼ
ひずむ、ゆがむ,歪む,ひずむ、ゆがむ
わいきょく（ねじまげる。）,歪曲,わいきょく（ねじまげる。）
かいわい,界隈,かいわい
まかない,賄い,まかない
わいろ,賄賂,わいろ
きょうそく（座ったときにひじをおいて体をもたせかける道具。）,脇息,きょうそく（座ったときにひじをおいて体をもたせかける道具。）
わくもん（質問に答える形式で、自分の意見を述べている文章形態。）,或問,わくもん（質問に答える形式で、自分の意見を述べている文章形態。）
とまどう,戸惑う,とまどう
おちゃわん,お茶碗、お茶椀,おちゃわん
「わんがん」戦争,湾岸,「わんがん」戦争
しい（植物。）,椎,しい（植物。）
あいづち,相槌,あいづち
ついらく,墜落,ついらく
てっつい,鉄槌、鉄鎚,てっつい
つぼ（面積。）,坪,つぼ（面積。）
そうが（相手を攻撃する武器・手段。）,爪牙,そうが（相手を攻撃する武器・手段。）
かくしゅ（物事の到来を待ちわびること。）,鶴首,かくしゅ（物事の到来を待ちわびること。）
ていしょ（みぎわ。なぎさ。）,汀渚,ていしょ（みぎわ。なぎさ。）
苦言を「ていする」,呈する,苦言を「ていする」
ていじょう（差し上げること。）,呈上,ていじょう（差し上げること。）
きゅうてい,宮廷,きゅうてい
たいてい,大抵,たいてい
ていとうけん,抵当権,ていとうけん
ていたく,邸宅,ていたく
髪を「そる」,剃る,髪を「そる」
ていはつ,剃髪,ていはつ
「ていそう」を守る,貞操,「ていそう」を守る
がいてい（人柄のおだやかなこと。）,豈悌,がいてい（人柄のおだやかなこと。）
身を「テイする」,挺する,身を「テイする」
ていげん（だんだんへること。）,逓減,ていげん（だんだんへること。）
くぎ、（テイ）,釘,くぎ、（テイ）
たんてい（職業。）,探偵,たんてい（職業。）
うんてい（遊具。）,雲梯,うんてい（遊具。）
ていぼう,堤防,ていぼう
ひっさげる、さげる,提げる,ひっさげる、さげる
ていはく（船がいかりをおろしてとまること。）,碇泊、停泊,ていはく（船がいかりをおろしてとまること。）
ていしょう（めでたいしるし。）,禎祥,ていしょう（めでたいしるし。）
「きょうてい」場,競艇,「きょうてい」場
かなえ,鼎,かなえ
つづる,綴る,つづる
ていぶん（作文。）,綴文,ていぶん（作文。）
ていせい（野卑でみだらな音楽。）,鄭声,ていせい（野卑でみだらな音楽。）
草を「なぐ」,薙ぐ,草を「なぐ」
ちはつ（髪の毛をそり落として仏門に入ること。）,薙髪,ちはつ（髪の毛をそり落として仏門に入ること。）
ひづめ,蹄,ひづめ
長良川の「うかい」,鵜飼,長良川の「うかい」
なずむ,泥む,なずむ
ねぎ（神職の階位の一つ。）,禰宜,ねぎ（神職の階位の一つ。）
でいそ（父と祖先の御霊屋。）,禰祖,でいそ（父と祖先の御霊屋。）
テキカ（おぎの花。）,荻花,テキカ（おぎの花。）
つまむ、つむ,摘む,つまむ、つむ
したたる,滴る,したたる
たまたま,適,たまたま
かぶらや,鏑,かぶらや
ほうてき（武器。）,鋒鏑,ほうてき（武器。）
こうてつ（その役目の人をかえること。）,更迭,こうてつ（その役目の人をかえること。）
なわて（あぜみち。）,畷,なわて（あぜみち。）
てっぱい,撤廃,てっぱい
きてつ（わだち。）,軌轍,きてつ（わだち。）
よどむ,淀む,よどむ
てんさい（植物。）,甜菜,てんさい（植物。）
ほてん,補填,ほてん
てんまつ,顛末,てんまつ
まつわる,纏わる,まつわる
まとめる,纏める,まとめる
てんそく,纏足,てんそく
つくだ,佃,つくだ
おり（かす。）,澱,おり（かす。）
でんぷん,澱粉,でんぷん
おうと,嘔吐,おうと
ため息を「つく」,吐く,ため息を「つく」
うさぎ,兎、菟,うさぎ
とほ（詩聖。）,杜甫,とほ（詩聖。）
ねたむ、そねむ,妬む,ねたむ、そねむ
あんど,安堵,あんど
とれつ（大勢で横に並び立つこと。）,堵列,とれつ（大勢で横に並び立つこと。）
まみれる,塗れる,まみれる
かけごと,賭け事,かけごと
めっき、トキン,鍍金,めっき、トキン
インチ,吋,インチ
ともす,灯す,ともす
ざっとう,雑沓、雑踏,ざっとう
こける（ころぶ。）,転ける、倒ける,こける（ころぶ。）
こごえる,凍える,こごえる
とうげん（きまり文句。）,套言,とうげん（きまり文句。）
ときん（修験者がかぶる黒い小さなずきん。）,兜巾,ときん（修験者がかぶる黒い小さなずきん。）
「あいとう」の意,哀悼,「あいとう」の意
ゆとうとみ,湯桶読み,ゆとうとみ
とうた,淘汰,とうた
とうりゅう（旅先で、ある期間とどまること。）,逗留,とうりゅう（旅先で、ある期間とどまること。）
ピサの「しゃとう」,斜塔,ピサの「しゃとう」
とうさい,搭載,とうさい
とうりょう,棟梁,とうりょう
てんねんとう,天然痘,てんねんとう
えんとうけい,円筒形,えんとうけい
天下を「すべる」,統べる,天下を「すべる」
とうとく（人々や軍隊を取り締まること。）,董督,とうとく（人々や軍隊を取り締まること。）
ちとう（ため池。）,池塘,ちとう（ため池。）
しゅもくざめ,撞木鮫,しゅもくざめ
どうきゅう（ビリヤード。）,撞球,どうきゅう（ビリヤード。）
あまどい,雨樋,あまどい
とろける,蕩ける,とろける
「どとう」の勢い,怒濤、怒涛,「どとう」の勢い
戸籍「とうほん」,謄本,戸籍「とうほん」
とうまい（無知。）,檮昧,とうまい（無知。）
もくとう,黙?、黙祷,もくとう
ばとう（あぶみ。）,馬鐙,ばとう（あぶみ。）
とうらく（上がり下がり。）,騰落,とうらく（上がり下がり。）
とうゆ（アブラギリの種子からとる乾性油。）,桐油,とうゆ（アブラギリの種子からとる乾性油。）
ややもすれば,動もすれば,ややもすれば
ぶどう,葡萄,ぶどう
あかがね,銅,あかがね
ひとみ,瞳,ひとみ
とうげ,峠,とうげ
つが（植物。）,栂,つが（植物。）
とくひつ（先のすり切れた筆。ちびた筆。）,禿筆,とくひつ（先のすり切れた筆。ちびた筆。）
てんじく,天竺,てんじく
かくまう,匿う,かくまう
かんとく,監督,かんとく
トクと,篤と,トクと
ぼうとく,冒?、冒涜,ぼうとく
とちぎけん,栃木県,とちぎけん
たむろする,屯する,たむろする
とんでんへい,屯田兵,とんでんへい
こんとん,混沌,こんとん
とんこう（誠実で人情にあついこと。）,敦厚,とんこう（誠実で人情にあついこと。）
とんじ（言いのがれ。）,遁辞,とんじ（言いのがれ。）
とみに,頓に,とみに
とんざ,頓挫,とんざ
とんと,頓と,とんと
ひたぶる,頓,ひたぶる
トン（単位。）,噸,トン（単位。）
のんき,呑気,のんき
どんしゅう（ふねをまるのみにすること。）,?舟,どんしゅう（ふねをまるのみにすること。）
どんよく,貪欲,どんよく
のろい（おそい。）,鈍い,のろい（おそい。）
なまる、にぶる,鈍る,なまる、にぶる
くもる,曇る,くもる
どんぶり,丼,どんぶり
わびる,詫びる,わびる
ダース,打,ダース
だきょう,妥協,だきょう
あみだ,阿弥陀,あみだ
だえき,唾液,だえき
船の「かじ」,舵、柁,船の「かじ」
だしゅ（かじとり。）,舵手,だしゅ（かじとり。）
しずく,雫,しずく
だらく,堕落,だらく
たいだ,怠惰,たいだ
だえん,楕円,だえん
ふてぶてしい,太太しい,ふてぶてしい
たいざん（大きくて高い山。）,岱山,たいざん（大きくて高い山。）
たいけい（こけむした小道。）,苔径,たいけい（こけむした小道。）
だるい,怠い,だるい
なまける,怠ける,なまける
ほとんど,殆ど,ほとんど
ほとほと,殆,ほとほと
きたい（非常にあぶないこと。）,危殆,きたい（非常にあぶないこと。）
にんたい,忍耐,にんたい
たいじ（こども。）,胎児,たいじ（こども。）
すさる、しさる,退る,すさる、しさる
天下「たいへい」,泰平,天下「たいへい」
うずたかい,堆い,うずたかい
たいほ,逮捕,たいほ
わざと,態と,わざと
だいたいこつ,大腿骨,だいたいこつ
まゆずみ,黛,まゆずみ
たいせい（濃い青色。）,黛青,たいせい（濃い青色。）
オットー「たいかん」,戴冠,オットー「たいかん」
ないし,乃至,ないし
だいこう（おれさま。）,乃公、迺公,だいこう（おれさま。）
うてな,台,うてな
たくはつ,托鉢,たくはつ
かいたく,開拓,かいたく
たくぼく（きつつき。）,啄木,たくぼく（きつつき。）
かこつける,託ける,かこつける
ことづかる,託かる,ことづかる
かこつ,託つ,かこつ
たくま（玉をとぎみがいて形を整えること。）,琢磨,たくま（玉をとぎみがいて形を整えること。）
ばってき,抜擢,ばってき
ちょうたく（異例の昇進をする。）,超擢,ちょうたく（異例の昇進をする。）
せんたく（あらう。）,洗濯,せんたく（あらう。）
すすぐ,濯ぐ,すすぐ
どうたく,銅鐸,どうたく
しょうだく,承諾,しょうだく
にごる,濁る,にごる
たこいと,凧糸,たこいと
ただし,但し,ただし
たんしゅう（たじま、の異称。）,但州,たんしゅう（たじま、の異称。）
だったん（タタール。）,韃靼,だったん（タタール。）
たんちょうづる,丹頂鶴,たんちょうづる
だんな,旦那,だんな
へいたん,平坦,へいたん
かつぐ,担ぐ,かつぐ
になう,担う,になう
たんにん,担任,たんにん
だいたん,大胆,だいたん
ふける（没頭する。）,耽る,ふける（没頭する。）
たんでき,耽溺,たんでき
たんぱくしつ,蛋白質,たんぱくしつ
水を「たたえる」,湛える,水を「たたえる」
たんぜん（落ち着いて静かなさま。）,湛然,たんぜん（落ち着いて静かなさま。）
たんがん,嘆願、歎願,たんがん
とどまつ,椴松、椴,とどまつ
はしたない,端ない,はしたない
ほころびる,綻びる,ほころびる
はたん,破綻,はたん
だんか,檀家,だんか
たんれん,鍛錬,たんれん
はずむ,弾む,はずむ
かだん,花壇,かだん
だんきょう、たんきょう（急流のひびき。）,灘響,だんきょう、たんきょう（急流のひびき。）
ちえ（知恵のこと。）,智慧,ちえ（知恵のこと。）
しれもの,痴れ者,しれもの
ちかん（犯罪。）,痴漢,ちかん（犯罪。）
ちせつ,稚拙,ちせつ
ごちそう,ご馳走,ごちそう
はせる,馳せる,はせる
くも、チチュ、チチュウ,蜘蛛,くも、チチュ、チチュウ
ちみつ,緻密,ちみつ
ちくいち,逐一,ちくいち
ちつじょ,秩序,ちつじょ
ちっそく,窒息,ちっそく
ちゃくなん,嫡男,ちゃくなん
うし（干支のうし。）、チュウ,丑,うし（干支のうし。）、チュウ
ちゅうきょ（何もないこと。）,沖虚,ちゅうきょ（何もないこと。）
ちゅうしゅつ,抽出,ちゅうしゅつ
酒を「つぐ」,注ぐ,酒を「つぐ」
せっちゅうあん,折衷案,せっちゅうあん
ちゅうたい（二つのものを結びつけるもの。）,紐帯,ちゅうたい（二つのものを結びつけるもの。）
しょうちゅう,焼酎,しょうちゅう
けんちゅう（柞蚕の糸で織った一種のつむぎ。）,繭紬,けんちゅう（柞蚕の糸で織った一種のつむぎ。）
ちゅうぼう,厨房,ちゅうぼう
くりや,厨,くりや
ちゅうしゃく,註釈、注釈,ちゅうしゃく
ちゅうぞう,鋳造,ちゅうぞう
ちょま（植物。）,苧麻,ちょま（植物。）
いちじるしい,著しい,いちじるしい
ちょさん（役に立たない、無能な人や物のこと。）,樗散,ちょさん（役に立たない、無能な人や物のこと。）
おうち（植物。）,樗,おうち（植物。）
お金を「もうける」,儲ける,お金を「もうける」
ちょい（皇太子。）,儲位,ちょい（皇太子。）
ひのと,丁,ひのと
ちょうもん（死者の遺族を訪問すること。）,弔問,ちょうもん（死者の遺族を訪問すること。）
きざす,兆す,きざす
つるす,吊す,つるす
がじょう（絵を集めた折本、または冊子。）,画帖,がじょう（絵を集めた折本、または冊子。）
てちょう（手帳。）,手帖,てちょう（手帳。）
ちょうらく,凋落,ちょうらく
とばり,帳,とばり
ちょうこく,彫刻,ちょうこく
デルフト「ちょうぼう」,眺望,デルフト「ちょうぼう」
魚を「つる」,釣る,魚を「つる」
ちょうちょう（ぺらぺらと軽々しくしゃべること。）,喋喋,ちょうちょう（ぺらぺらと軽々しくしゃべること。）
ちょうまん（腸管内に液体やガスがたまり、腹がふくれる症状。）,脹満,ちょうまん（腸管内に液体やガスがたまり、腹がふくれる症状。）
ちょうよう（はりつけて使うこと。）,貼用,ちょうよう（はりつけて使うこと。）
最後「つうちょう」,通牒,最後「つうちょう」
はらわた,腸,はらわた
ちょうやくりょく,跳躍力,ちょうやくりょく
りゅうちょう,流暢,りゅうちょう
ちょうこく（はじめて国を建てること。）,肇国,ちょうこく（はじめて国を建てること。）
つた,蔦,つた
ちょうし（千葉。）,銚子,ちょうし（千葉。）
あざける,嘲る,あざける
あざわらう,嘲笑う,あざわらう
ちょうめい（すみわたって、あかるいこと。）,澄明,ちょうめい（すみわたって、あかるいこと。）
耳を「すます」,澄ます,耳を「すます」
「ちょうほう」活動,諜報,「ちょうほう」活動
こらしめる,懲らしめる,こらしめる
こりごり,懲り懲り,こりごり
ちょうあい,寵愛,ちょうあい
ちょくれい,勅令,ちょくれい
しんちょく,進捗,しんちょく
チン、われ,朕,チン、われ
ちんしょ（きぬたを打つ音。）,砧杵,ちんしょ（きぬたを打つ音。）
「ひねた」子供,陳ねた,「ひねた」子供
つばき,椿,つばき
ちんじゅ（長生き。）,椿寿,ちんじゅ（長生き。）
ちんあつ,鎮圧,ちんあつ
じんらい（流れのはやい、せ。）,迅瀬,じんらい（流れのはやい、せ。）
ぜせい,是正,ぜせい
いげた、い,井,いげた、い
かばね,姓,かばね
イッセイに,一斉,イッセイに
きせい（実家帰り。）,帰省,きせい（実家帰り。）
すごむ,凄む,すごむ
せいぜつ（この上ないほどすさまじいさま。）,凄絶,せいぜつ（この上ないほどすさまじいさま。）
ゆうせい（俗世間から離れてひっそりと暮らすこと。）,幽栖,ゆうせい（俗世間から離れてひっそりと暮らすこと。）
せいきょ,逝去,せいきょ
さやか,清か,さやか
さかる,盛る,さかる
じょせい（むこ。）,女婿,じょせい（むこ。）
せいち（ゆっくりと休息すること。）,棲遅,せいち（ゆっくりと休息すること。）
せいてつ（兄弟姉妹の生んだ男の子および女の子。）,甥姪,せいてつ（兄弟姉妹の生んだ男の子および女の子。）
せいたい（貸し借りのこと。）,貰貸,せいたい（貸し借りのこと。）
かんせい（やすらか。）,閑靖,かんせい（やすらか。）
うけおう,請け負う,うけおう
許しを「こう」,許しを請う,許しを「こう」
せいきゅうしょ,請求書,せいきゅうしょ
ふしん（土木・建築の工事。）,普請,ふしん（土木・建築の工事。）
かくせい,覚醒,かくせい
とろ（川が深くて、水の流れがゆっくりと静かなところ。）,瀞,とろ（川が深くて、水の流れがゆっくりと静かなところ。）
ぜいじゃく,脆弱,ぜいじゃく
せっき（入り日の光。）,夕暉,せっき（入り日の光。）
せっこう（敵の内情や周辺の状勢をさぐること。）,斥候,せっこう（敵の内情や周辺の状勢をさぐること。）
ちょうせきりょく,潮汐力,ちょうせきりょく
せきじつ（むかし。）,昔日,せきじつ（むかし。）
せきしゅつぶつ,析出物,せきしゅつぶつ
せきつい,脊椎,せきつい
せきがん（片目。）,隻眼,せきがん（片目。）
せきべつ（名残おしいこと。）,惜別,せきべつ（名残おしいこと。）
せきがく（学識が広く充実していること。）,碩学,せきがく（学識が広く充実していること。）
ぎょうせき,業績,ぎょうせき
古代の「いせき」,遺跡、遺蹟,古代の「いせき」
せっそく（下手であるが出来がはやいこと。）,拙速,せっそく（下手であるが出来がはやいこと。）
せっとう,窃盗,せっとう
くず,屑,くず
ぎょくせつ（詩文の中のすぐれた一節。）,玉屑,ぎょくせつ（詩文の中のすぐれた一節。）
栄養を「とる」,摂る,栄養を「とる」
ノット,節,ノット
まず,先ず,まず
とがる,尖る,とがる
せんご（誤ること。）,舛誤,せんご（誤ること。）
とま,苫,とま
のたまう,宣う,のたまう
もっぱら,専ら,もっぱら
うがつ,穿つ,うがつ
ほじる、ほじくる,穿る,ほじる、ほじくる
せんこう（穴をあけること。）,穿孔,せんこう（穴をあけること。）
あかね,茜,あかね
団扇で「あおぐ」,扇ぐ、煽ぐ,団扇で「あおぐ」
せんぬき,栓抜き,せんぬき
せんだん（双葉より芳しい。）,栴檀,せんだん（双葉より芳しい。）
ひらめく,閃く,ひらめく
せんこう（光。）,閃光,せんこう（光。）
くしろ,釧,くしろ
わんせん（うで輪。）,腕釧,わんせん（うで輪。）
せんがい（切りそろえる。）,揃刈,せんがい（切りそろえる。）
そよぐ,戦ぐ,そよぐ
豆を「いる」,煎る,豆を「いる」
センじる,煎じる,センじる
うらやむ,羨む,うらやむ
るいせん,涙腺,るいせん
せんさく,詮索,せんさく
じっせん,実践,じっせん
あおる,煽る,あおる
おだてる,煽てる,おだてる
せんじょうてき,扇情的、煽情的,せんじょうてき
びんせん,便箋,びんせん
せんてつ,銑鉄,せんてつ
「ちょくせん」和歌集,勅撰,「ちょくせん」和歌集
ずさん,杜撰,ずさん
くぐる、もぐる,潜る,くぐる、もぐる
せんがん（矢を射たり、外を見るために設けられた城壁の小窓。）,箭眼,せんがん（矢を射たり、外を見るために設けられた城壁の小窓。）
げせん,下賤,げせん
せんと,遷都,せんと
すいせん,推薦,すいせん
せんだつ（俗世間を超越すること。）,?脱,せんだつ（俗世間を超越すること。）
まっとうする,全うする,まっとうする
まったい,全い,まったい
じんぜん（なすこともなく、段々に月日がたつさま。）,荏苒,じんぜん（なすこともなく、段々に月日がたつさま。）
しかも,然も,しかも
さりとて,然りとて,さりとて
しかし,然し,しかし
しかり,然り,しかり
しかじか,然然（云々）,しかじか
ぜんしゅう,禅宗,ぜんしゅう
ぜんしんてき,漸進的,ぜんしんてき
ようやく,漸く,ようやく
やや,漸,やや
「はいぜん」係,配膳,「はいぜん」係
しゅうぜん,修繕,しゅうぜん
センチメートル,糎,センチメートル
ひっす、ひっしゅ,必須,ひっす、ひっしゅ
かしぐ,炊ぐ,かしぐ
そうすい（リーダー。）,総帥,そうすい（リーダー。）
そっせん,帥先、率先,そっせん
とげる,遂げる,とげる
おおせる,遂せる,おおせる
すいび（山のほのかな青緑色のもや。）,翠微,すいび（山のほのかな青緑色のもや。）
かすい（いなほのように、長い花軸に群がってつく花序。）,花穂,かすい（いなほのように、長い花軸に群がってつく花序。）
ぼうすい（糸をつむぐための道具。）,紡錘,ぼうすい（糸をつむぐための道具。）
きり（大工道具。）,錐,きり（大工道具。）
ずいいん（地位などの高い人に付きしたがっていく人。）,随員,ずいいん（地位などの高い人に付きしたがっていく人。）
みずみずしい,瑞々しい,みずみずしい
ずいけん（めでたい種々の自然現象。）,瑞験,ずいけん（めでたい種々の自然現象。）
しべ,蕊,しべ
こつずい,骨髄,こつずい
とぼそ,枢,とぼそ
あがめる,崇める,あがめる
みずかさ,水嵩,みずかさ
すうこう（山が高いこと。）,嵩高,すうこう（山が高いこと。）
すうせい,趨勢,すうせい
すうそん（幼い孫。）,雛孫,すうそん（幼い孫。）
すえる,据える,すえる
きっきょ（一所懸命に働くこと。）,拮据,きっきょ（一所懸命に働くこと。）
ろうさん（生えてから長い年月を経た、すぎの木。）,老杉,ろうさん（生えてから長い年月を経た、すぎの木。）
すぎ,杉、椙,すぎ
いきょ（衣服のすそ。）,衣裾,いきょ（衣服のすそ。）
あねご、あね、ねえ,姐,あねご、あね、ねえ
そばみち（切り立った山のけわしい道。）,岨道,そばみち（切り立った山のけわしい道。）
けんそ（けわしい所。）,嶮岨,けんそ（けわしい所。）
そげき,狙撃,そげき
そし,阻止,そし
そぜい,租税,そぜい
そち,措置,そち
そあく,粗悪,そあく
うとい、疏い,疎い,うとい、疏い
おろそか、おろか,疎か,おろそか、おろか
まばら,疎ら,まばら
うとむ,疎む,うとむ
そがい（のけものにすること。）,疎外、疏外,そがい（のけものにすること。）
そぞう,塑像,そぞう
そしゅう（捕らえられて異郷にある人。）,楚囚,そしゅう（捕らえられて異郷にある人。）
そとう（どろぼう。）,鼠盗,そとう（どろぼう。）
さかのぼる,遡る,さかのぼる
そきゅう,遡及,そきゅう
きそ,基礎,きそ
そせい（生き返る。）,蘇生,そせい（生き返る。）
よみがえる,蘇る,よみがえる
しょうえん,荘園,しょうえん
そうさく（さがす。）,捜索,そうさく（さがす。）
そうにゅう,挿入,そうにゅう
すげる,挿げる,すげる
くわ（植物。）,桑,くわ（植物。）
そうや（一日中。）,蚤夜,そうや（一日中。）
そうじ,掃除,そうじ
埃を「はらう」,掃う,埃を「はらう」
ぞうし（宮中や官庁などの高級官吏や女官の部屋。）,曹司,ぞうし（宮中や官庁などの高級官吏や女官の部屋。）
そうゆう（前に行ったことがあること。）,曽遊,そうゆう（前に行ったことがあること。）
そうしつ（うしなうこと。）,喪失,そうしつ（うしなうこと。）
おそうざい,お惣菜,おそうざい
そうりょう（長。）,惣領,そうりょう（長。）
ふくそう（方々から集まって来ること。）,輻湊,ふくそう（方々から集まって来ること。）
こける（やせる。）,痩ける,こける（やせる。）
そうく（やせ細っている身体。）,痩?,そうく（やせ細っている身体。）
たまねぎ,玉葱,たまねぎ
そうせい（草木の青々としているさま。）,葱青,そうせい（草木の青々としているさま。）
よそう、よそおう,装う,よそう、よそおう
そうよう（かゆいところをかくこと。）,?痒,そうよう（かゆいところをかくこと。）
顔面「そうはく」,蒼白,顔面「そうはく」
そううん（船で荷物を運ぶこと。）,漕運,そううん（船で荷物を運ぶこと。）
そうけい（きわめて才知のあること。）,聡慧,そうけい（きわめて才知のあること。）
そうぐう,遭遇,そうぐう
みそ,味噌,みそ
よくそう,浴槽,よくそう
しっそう（いなくなる。）,失踪,しっそう（いなくなる。）
みさお,操,みさお
かんそう（かわく。）,乾燥,かんそう（かわく。）
しょうそう（あせる。）,焦燥,しょうそう（あせる。）
はしゃぐ,燥ぐ,はしゃぐ
こしき,甑,こしき
ふそう（茶釜の一つ。）,釜甑,ふそう（茶釜の一つ。）
そうはく（酒のしぼりかす。）,糟粕,そうはく（酒のしぼりかす。）
しも,霜,しも
くさむら,叢,くさむら
そうき（むらがり起こること。）,叢起,そうき（むらがり起こること。）
やぶ,藪,やぶ
そうたく（多くの物事が集まった場所。）,藪沢,そうたく（多くの物事が集まった場所。）
そうきん（沈金。）,鎗金,そうきん（沈金。）
ざわつく,騒つく,ざわつく
ぞめく,騒く,ぞめく
そうとつ（かまどの煙突。）,竈突,そうとつ（かまどの煙突。）
にくい,憎い,にくい
おくる（give）,贈る,おくる（give）
そくしん,促進,そくしん
のっとる,則る,のっとる
いくむ、やすむ,息む,いくむ、やすむ
ほそく（つかまえること。）,捕捉,ほそく（つかまえること。）
そばめる,側める,そばめる
ぞくご,俗語,ぞくご
あわ（植物。）,粟,あわ（植物。）
かんぞく（政府米。）,官粟,かんぞく（政府米。）
ぞくしん（人を傷つけようとする心。）,賊心,ぞくしん（人を傷つけようとする心。）
たつみ,巽,たつみ
そんい（南東の方角。）,巽位,そんい（南東の方角。）
そんしょく,遜色,そんしょく
そんとう（多くの人が、がやがやと話しあうさま。）,噂沓,そんとう（多くの人が、がやがやと話しあうさま。）
ほうそん（よい酒。）,芳樽,ほうそん（よい酒。）
こなす,熟す,こなす
うれる、なれる,熟れる,うれる、なれる
しゅんさい,俊才,しゅんさい
しゅんけん（山などがたかくけわしいこと。）,峻険,しゅんけん（山などがたかくけわしいこと。）
はやぶさ,隼,はやぶさ
しゅんこう（工事をやり終えること。）,竣工,しゅんこう（工事をやり終えること。）
むくげ,舜,むくげ
しゅんめ、しゅんば,駿馬,しゅんめ、しゅんば
まばたく、またたく、しばたたく,瞬く,まばたく、またたく、しばたたく
まじろぐ,瞬ぐ,まじろぐ
じゅんかん（新聞・雑誌などを、一〇日ごとに刊行すること。）,旬刊,じゅんかん（新聞・雑誌などを、一〇日ごとに刊行すること。）
ひじゅん,批准,ひじゅん
じゅんしょく,殉職,じゅんしょく
じゅんぼく（飾り気がなく、真心があること。）,惇朴、淳朴、純朴、醇朴,じゅんぼく（飾り気がなく、真心があること。）
じゅんかん,循環,じゅんかん
うるう,閏,うるう
せいじゅん（平年とうるう年。また、正統のものと正統でないもの。）,正閏,せいじゅん（平年とうるう年。また、正統のものと正統でないもの。）
むじゅん,矛盾、矛楯,むじゅん
なぞらえる,準える,なぞらえる
なじむ,馴染む,なじむ
なれそめ,馴れ初め,なれそめ
うるおう,潤う,うるおう
うるむ,潤む,うるむ
ほとびる,潤びる,ほとびる
じゅんしゅ,遵守,じゅんしゅ
うぶ,初,うぶ
きゅうしょ（きねと、うす。）,臼杵,きゅうしょ（きねと、うす。）
しょみん,庶民,しょみん
かしょ（いねと、きび。）,禾黍,かしょ（いねと、きび。）
へその「お」,へその緒,へその「お」
しょげん（前書き。）,緒言,しょげん（前書き。）
ちょ,緒,ちょ
もろもろ,諸々、諸,もろもろ
あけぼの,曙,あけぼの
しょこう（夜明けの光。）,曙光,しょこう（夜明けの光。）
じねんじょ,自然薯,じねんじょ
ばれいしょ,馬鈴薯,ばれいしょ
かんしょ（さつまいも。）,甘藷,かんしょ（さつまいも。）
けつじょ,欠如,けつじょ
じじょ（相手を、「おまえ」「きさま」のように遠慮なく呼び合うこと。）,爾汝,じじょ（相手を、「おまえ」「きさま」のように遠慮なく呼び合うこと。）
じょのくち,序の口,じょのくち
じょじし,叙事詩,じょじし
おもむろに,徐に,おもむろに
じょじょに,徐々に,じょじょに
かんじょ（度量が広く、思いやりの深いこと。）,寛恕,かんじょ（度量が広く、思いやりの深いこと。）
のける、よける,除ける,のける、よける
すき（農具。）,鋤,すき（農具。）
うんじょ（くさぎり、すくこと。）,耘鋤,うんじょ（くさぎり、すくこと。）
ますめ,升目,ますめ
じょうしょう（のぼること。）,上升,じょうしょう（のぼること。）
しょうかん,召喚,しょうかん
じょうしょう（中国の官制。）,丞相,じょうしょう（中国の官制。）
しょうき（芸術家などが技巧をこらし、好評を得ようとする気持ち。）,匠気,しょうき（芸術家などが技巧をこらし、好評を得ようとする気持ち。）
しょうや（代官のもとで村の長として事務の統轄にあたった者。）,庄屋,しょうや（代官のもとで村の長として事務の統轄にあたった者。）
しょうろく,抄録,しょうろく
あやかる、にる,肖る,あやかる、にる
わらわ、めかけ,妾,わらわ、めかけ
しょうふく（めかけから生まれること。）,妾腹,しょうふく（めかけから生まれること。）
なおさら,尚更,なおさら
しょううん（物事の勢いがさかんになるめぐりあわせ。）,昌運,しょううん（物事の勢いがさかんになるめぐりあわせ。）
しょうかい（軍隊で、敵襲を警戒して見張りをすること。）,哨戒,しょうかい（軍隊で、敵襲を警戒して見張りをすること。）
しゅんしょう（春の夕方。）,春宵,しゅんしょう（春の夕方。）
はっしょう（起源。）,発祥,はっしょう（起源。）
たたえる,称える,たたえる
てんびん,天秤,てんびん
しょうりょう（重さをはかること。）,秤量,しょうりょう（重さをはかること。）
となえる,唱える,となえる
しょうふ,娼婦,しょうふ
びんしょう,敏捷,びんしょう
まっしょうしんけい,末梢神経,まっしょうしんけい
こうしょう,交渉,こうしょう
しょうかい,紹介,しょうかい
しょうぶ（植物。）,菖蒲、菖,しょうぶ（植物。）
そしょう,訴訟,そしょう
「しょうなん」地方,湘南地方,「しょうなん」地方
くべる,焼べる,くべる
じらす,焦らす,じらす
しょうえん（銃砲の発射や爆弾の炸裂など火薬の発火によって出るけむり。）,硝煙,しょうえん（銃砲の発射や爆弾の炸裂など火薬の発火によって出るけむり。）
おけしょう,お化粧,おけしょう
めかす,粧す,めかす
かたどる,象る,かたどる
床が「いたむ」,床が傷む,床が「いたむ」
すいしょう（すすめる。）,推奨,すいしょう（すすめる。）
たこ（動物。）,蛸,たこ（動物。）
つまびらか,詳らか,つまびらか
かつて,嘗て,かつて
しょうし（ためしてみること。）,嘗試,しょうし（ためしてみること。）
ひょうしょうしき,表彰式,ひょうしょうしき
引き「ずる」,引き摺る,引き「ずる」
まこも,?,まこも
も、もすそ,裳,も、もすそ
いしょう（縫い目のない、も。）,帷裳,いしょう（縫い目のない、も。）
しょうしゃ（屋根だけで壁のない簡単な建物。),廠舎,しょうしゃ（屋根だけで壁のない簡単な建物。)
あこがれる,憧れる,あこがれる
しょうのう（カンフル。）,樟脳,しょうのう（カンフル。）
ばしょう,芭蕉,ばしょう
しょうげき,衝撃,しょうげき
きこり,樵,きこり
しょうそ（たきぎを拾うことと草刈りをすること。）,樵蘇,しょうそ（たきぎを拾うことと草刈りをすること。）
きこる、こる,樵る,きこる、こる
さび,錆,さび
さや,鞘,さや
つぐなう,償う,つぐなう
げんかしょうきゃく,減価償却,げんかしょうきゃく
がんしょう,岩礁,がんしょう
しのだけ,篠竹,しのだけ
くわ、すき,鍬,くわ、すき
しょうにゅうどう,鍾乳洞,しょうにゅうどう
しょうゆ,醤油,しょうゆ
「けいしょう」を鳴らす,警鐘,「けいしょう」を鳴らす
身の「たけ」,身の丈,身の「たけ」
がんじょう,頑丈,がんじょう
じょうけい（五刑の一つ。）,杖刑,じょうけい（五刑の一つ。）
もうじょう（草の乱れ生ずる状態。）,蒙茸,もうじょう（草の乱れ生ずる状態。）
あまつさえ,剰え,あまつさえ
ちょうじょう（この上なく満足なこと。）,重畳,ちょうじょう（この上なく満足なこと。）
「どじょう」汚染,土壌汚染,「どじょう」汚染
社長「れいじょう」,社長令嬢,社長「れいじょう」
じょうらん（みだれ騒ぐこと。）,擾乱,じょうらん（みだれ騒ぐこと。）
ほうじょう（五穀がゆたかにみのること。）,豊穣,ほうじょう（五穀がゆたかにみのること。）
じょうい（天皇位をゆずる。）,譲位,じょうい（天皇位をゆずる。）
かもす,醸す,かもす
じょうせい（酒・?油などをつくること。）,醸成,じょうせい（酒・?油などをつくること。）
ぬぐう,拭う,ぬぐう
ふっしょく,払拭,ふっしょく
はにわ,埴輪,はにわ
しょくど、はにつち（粘土を多く含んだ粘り気のある土。）,埴土,しょくど、はにつち（粘土を多く含んだ粘り気のある土。）
「せいしょく」活動,生殖活動,「せいしょく」活動
かざる,飾る,かざる
しょくたく（仕事をたのみまかせること。）,嘱託、属託,しょくたく（仕事をたのみまかせること。）
むしばむ,蝕む,むしばむ
ぶじょく,侮辱,ぶじょく
しり,尻,しり
しん（中心。）,芯,しん（中心。）
かのと,辛,かのと
しんしゃ（紅色のうわぐすり。）,辰砂,しんしゃ（紅色のうわぐすり。）
しんえき（身体を流れる液体の総称。）,津液,しんえき（身体を流れる液体の総称。）
はぐ（竹の棒に羽根などをつけて矢を作る。）,矧ぐ,はぐ（竹の棒に羽根などをつけて矢を作る。）
ぎょくしん（美人のくちびる。）,玉唇,ぎょくしん（美人のくちびる。）
にんしん,妊娠,にんしん
しんじん（詳しく問いただすこと。）,審訊,しんじん（詳しく問いただすこと。）
きょうじん（つよい。）,強靭,きょうじん（つよい。）
しなやか,靭やか,しなやか
ほうじん（豊かにみのること。）,豊稔,ほうじん（豊かにみのること。）
ちり,塵,ちり
わがまま,我儘,わがまま
これ,之、此,これ
しき（人々が団結して物事を行うときの意気込み。）,士気,しき（人々が団結して物事を行うときの意気込み。）
み（干支のへび。）,巳,み（干支のへび。）
つかえる（ふさがる。）,支える,つかえる（ふさがる。）
よす,止す,よす
つかまつる,仕る,つかまつる
しさい（詳細。）,仔細、子細,しさい（詳細。）
シカン、ひたすら,只管,シカン、ひたすら
しゅし（要点。）,趣旨,しゅし（要点。）
たゆむ、たるむ、ゆるむ,弛む,たゆむ、たるむ、ゆるむ
しかん（ゆるむ。）,弛緩,しかん（ゆるむ。）
しがん（現世。）,此岸,しがん（現世。）
しこう（高貴な人のそば近くに仕えること。）,伺候,しこう（高貴な人のそば近くに仕えること。）
しし（熱心にはげむさま。）,孜孜,しし（熱心にはげむさま。）
ふくし（サービス。）,福祉,ふくし（サービス。）
しし（四本の足。）,四肢,しし（四本の足。）
しし（しかばね。）,死屍,しし（しかばね。）
おぼしい,思しい,おぼしい
おふせ,お布施,おふせ
しいてき,恣意的,しいてき
といし,砥石、砥,といし
やに,脂,やに
しのぶ,偲ぶ,しのぶ
さじ,匙,さじ
たんし、たんす,?笥,たんし、たんす
かくして,斯くして,かくして
しぶん（この学問。特に、儒教の学問についていう。）,斯文,しぶん（この学問。特に、儒教の学問についていう。）
「のぞき」見る,覗き,「のぞき」見る
しし（跡取りの子。）,嗣子,しし（跡取りの子。）
しし（らいおん。）,獅子、獅,しし（らいおん。）
メス,雌,メス
しふく（将来の活躍する機会をじっと待っていること。）,雌伏,しふく（将来の活躍する機会をじっと待っていること。）
しんし（真面目な。）,真摯,しんし（真面目な。）
たまう,賜う,たまう
たまもの,賜,たまもの
しはい（天皇や皇族が競技の優勝者に贈る杯。）,賜杯,しはい（天皇や皇族が競技の優勝者に贈る杯。）
ししゅ（くちひげと、あごひげ。）,髭鬚,ししゅ（くちひげと、あごひげ。）
はかる（自分の意見を検討してもらう。）,諮る,はかる（自分の意見を検討してもらう。）
しもん（専門知識のある個人や機関に、意見を求めること。）,諮問,しもん（専門知識のある個人や機関に、意見を求めること。）
しかして,而して,しかして
じりつ（三十歳。）,而立,じりつ（三十歳。）
はべる,侍る,はべる
じじょ（高貴な人のそばに仕えて身のまわりの世話をする女性。）,侍女,じじょ（高貴な人のそばに仕えて身のまわりの世話をする女性。）
じ（病気。）,痔,じ（病気。）
じようきょうそう,滋養強壮,じようきょうそう
いつくしむ,慈しむ,いつくしむ
じぜんじぎょう,慈善事業,じぜんじぎょう
じふ（皇位の印。特に、三種の神器のうちの八尺瓊曲玉。）,璽符,じふ（皇位の印。特に、三種の神器のうちの八尺瓊曲玉。）
しぎ（鳥。）,鴫,しぎ（鳥。）
しっせき,叱責,しっせき
しっぺい,疾病,しっぺい
とうに,疾うに,とうに
とっくに,疾っくに,とっくに
とく（はやく。）,疾く,とく（はやく。）
ことごとく,悉く,ことごとく
しったん（完全になし遂げること。）,悉曇,しったん（完全になし遂げること。）
ひる（環形動物。）,蛭,ひる（環形動物。）
しついん（虫けらのようにつまらない人間。）,蛭?,しついん（虫けらのようにつまらない人間。）
しっと,嫉妬,しっと
そねむ、ねたむ,嫉む,そねむ、ねたむ
しっこく,漆黒,しっこく
といただす,問い質す,といただす
「たち」がわるい,質が悪い,「たち」がわるい
くしけずる,櫛る,くしけずる
しっぴ（くしの歯のようにすきまなく並んでいること。）,櫛比,しっぴ（くしの歯のようにすきまなく並んでいること。）
しび（人の顔つきの尊敬語。）,芝眉,しび（人の顔つきの尊敬語。）
しゃてい,舎弟,しゃてい
つげ,柘（柘植）,つげ
おんしゃ,恩赦,おんしゃ
しゃはん（この辺。）,這般,しゃはん（この辺。）
しゃふつ,煮沸,しゃふつ
よこしま,邪,よこしま
へび,蛇,へび
いっしゃく（1/100升）,一勺,いっしゃく（1/100升）
ものさし、さし,尺,ものさし、さし
しゃくう,杓う,しゃくう
しゃくし,杓子,しゃくし
あらたか,灼,あらたか
しゃくりょう,酌量,しゃくりょう
しゃくぜん,釈然,しゃくぜん
しゃくじょう（僧・修験者の持つつえ。）,錫杖,しゃくじょう（僧・修験者の持つつえ。）
もしくは,若しくは,もしくは
わびさび,侘び寂び,わびさび
さびれる,寂れる,さびれる
じゃっき（問題や事件などをひきおこすこと。）,惹起,じゃっき（問題や事件などをひきおこすこと。）
はれる,腫れる,はれる
しゅしょう（けなげ。）,殊勝,しゅしょう（けなげ。）
ししゅ（といはかる。）,咨諏,ししゅ（といはかる。）
おもむき,趣,おもむき
ことほぐ,寿ぐ,ことほぐ
まじない、のろい,呪い,まじない、のろい
たてごと,竪琴,たてごと
じゅりつ（まっすぐにたつこと。）,竪立,じゅりつ（まっすぐにたつこと。）
しじゅほうしょう,紫綬褒章,しじゅほうしょう
じゅよう,需要,じゅよう
じゅきょう,儒教,じゅきょう
じゅたい（とどこおること。）,濡滞,じゅたい（とどこおること。）
しゅうじん,囚人,しゅうじん
なかす,中洲,なかす
しゅうしょ（川の中の小島。）,洲嶼,しゅうしょ（川の中の小島。）
くさい、におい,臭い,くさい、におい
しゅうちょう（未開の部族のかしら。）,酋長,しゅうちょう（未開の部族のかしら。）
しゅうちん（小さな本。）,袖珍,しゅうちん（小さな本。）
しゅうちしん,羞恥心,しゅうちしん
はぎ（植物。）,萩,はぎ（植物。）
ふく（屋根を、瓦などでおおうこと。）,葺く,ふく（屋根を、瓦などでおおうこと。）
ほしゅう（家屋や城壁などのこわれた部分を修理する｡ ）,補葺,ほしゅう（家屋や城壁などのこわれた部分を修理する｡ ）
たかる,集る,たかる
つどう,集う,つどう
あいしゅう,哀愁,あいしゅう
ほうしゅう,報酬,ほうしゅう
しゅうぼく（おだやかでむつまじいさま。）,輯睦,しゅうぼく（おだやかでむつまじいさま。）
みにくい,醜い,みにくい
ぬいとり,?,ぬいとり
ししゅう,刺?,ししゅう
わし,鷲,わし
じゅうき（日常生活でよく使う家具類や道具類。）,什器,じゅうき（日常生活でよく使う家具類や道具類。）
にじゅう,廿,にじゅう
じゅうてき（野蛮な国の人民。）,戎狄,じゅうてき（野蛮な国の人民。）
しぶる,渋る,しぶる
じゅうとうほう,銃刀法,じゅうとうほう
ほしいまま,縦,ほしいまま
よしんば,縦んば,よしんば
しゅくし（長年の望み。）,夙志,しゅくし（長年の望み。）
しゅくてつ（おじと、めいまたは甥(おい)。,叔姪,しゅくてつ（おじと、めいまたは甥(おい)。
しとやか,淑やか,しとやか
しゅくとく（上品でしとやかな女性の美徳。）,淑徳,しゅくとく（上品でしとやかな女性の美徳。）
しゅくせい（異分子を排除すること。）,粛清,しゅくせい（異分子を排除すること。）
とうしゅく（大豆をまぜて炊いたかゆ。）,豆粥,とうしゅく（大豆をまぜて炊いたかゆ。）
ちぢれる,縮れる,ちぢれる
しんざん（僧がはじめて寺の住職になること。）,晋山,しんざん（僧がはじめて寺の住職になること。）
ひたす,浸す,ひたす
水に「つかる」,水に浸かる,水に「つかる」
しっしん（病気。）,湿疹,しっしん（病気。）
しん（始皇帝で知られる王朝。）、はた,秦,しん（始皇帝で知られる王朝。）、はた
しんし（ジェントルマン。）,紳士,しんし（ジェントルマン。）
しんちょう（注意深い。）,慎重,しんちょう（注意深い。）
つつましい,慎しい,つつましい
はしばみ,榛,はしばみ
しんけい（いばら。）,榛荊,しんけい（いばら。）
にぎにぎしい,賑々しい,にぎにぎしい
しんきゅう（施しを与えること。）,賑給,しんきゅう（施しを与えること。）
たきぎ、まき,薪,たきぎ、まき
しんすい（炊事のこと。）,薪水,しんすい（炊事のこと。）
「じんしん」の乱,壬申の乱,「じんしん」の乱
みずのえ,壬,みずのえ
じんそく,迅速,じんそく
いたぶる,甚振る,いたぶる
はなはだしい,甚だしい,はなはだしい
じんだい,甚大,じんだい
いたく（とても。）,甚く,いたく（とても。）
おんさ,音叉,おんさ
ながら,乍ら,ながら
いささか,些か,いささか
ささい,些細,ささい
さた,沙汰,さた
よなげる,沙げる,よなげる
そそのかす,唆す,そそのかす
きょうさ,教唆,きょうさ
さらさ,更紗,さらさ
さぎ（犯罪。）,詐欺,さぎ（犯罪。）
「さが」天皇,嵯峨天皇,「さが」天皇
さりゅう（みのかさ。）,蓑笠,さりゅう（みのかさ。）
せっさ,切瑳,せっさ
いながら,坐ら,いながら
います、まします,坐す,います、まします
そぞろに,坐に,そぞろに
くじく,挫く,くじく
ざせつ,挫折,ざせつ
「かいさい」を叫ぶ,快哉,「かいさい」を叫ぶ
さいはい,采配,さいはい
さいこ（粗末な家。）,柴戸,さいこ（粗末な家。）
さいしょう（役職。）,宰相,さいしょう（役職。）
さいしょ（書物を日にさらすこと。）,晒書,さいしょ（書物を日にさらすこと。）
さいばい,栽培,さいばい
さいさく（敵を防ぐために、先のとがった竹や木でつくった柵。）,砦柵,さいさく（敵を防ぐために、先のとがった竹や木でつくった柵。）
そったく（またとない好機。）,?啄,そったく（またとない好機。）
なしくずし,済し崩し,なしくずし
こまごま、ほそぼそ,細々,こまごま、ほそぼそ
ささやか,細やか,ささやか
いつき,斎,いつき
いつく,斎く,いつく
しょさい,書斎,しょさい
さいかく（サイのつの。）,犀角,さいかく（サイのつの。）
さいむ,債務,さいむ
もよい,催い,もよい
ふさぐ,塞ぐ,ふさぐ
じょうさい（お城。）,城塞,じょうさい（お城。）
さいたま,埼玉,さいたま
じょうざい,錠剤,じょうざい
さかき,榊,さかき
きく（山道が曲がりくねってけわしいさま。）,崎嶇,きく（山道が曲がりくねってけわしいさま。）
はつる,削る,はつる
しがらみ、とりで、サク,柵,しがらみ、とりで、サク
さくぼう（新月と満月。）,朔望,さくぼう（新月と満月。）
すぼむ、つぼむ,窄む,すぼむ、つぼむ
きょうさく（すぼめせばめること。）,狭窄,きょうさく（すぼめせばめること。）
けんさく（調べる。）,検索,けんさく（調べる。）
さくにゅう,搾乳,さくにゅう
情報が「さくそう」する,錯綜,情報が「さくそう」する
花が「さく」,咲く,花が「さく」
竹の「ささ」,笹,竹の「ささ」
さくほう,冊封,さくほう
べっさつ,別冊,べっさつ
さっしん,刷新,さっしん
せつな,刹那,せつな
こさつ（由緒ある歴史の古い寺。）,古刹,こさつ（由緒ある歴史の古い寺。）
あやめる,殺める,あやめる
さんぷ（さっぷの慣用読み。）,撒布,さんぷ（さっぷの慣用読み。）
こする,擦る,こする
なすりつける,擦りつける,なすりつける
すれすれ,擦れ擦れ,すれすれ
さつま,薩摩,さつま
きべい（うつわ。）,器皿,きべい（うつわ。）
さんばし,桟橋,さんばし
こがい（ようさん。）,蚕飼,こがい（ようさん。）
さんしょく（次第に他の領域を侵していくこと。）,蚕食,さんしょく（次第に他の領域を侵していくこと。）
みじめ,惨め,みじめ
むごい,惨い,むごい
さんげき,惨劇,さんげき
さんか,傘下,さんか
ばらまく,散蒔く,ばらまく
ひる（植物。）,蒜,ひる（植物。）
ばんさんかい,晩餐会,ばんさんかい
さんさん,燦々,さんさん
へんさん,編纂,へんさん
さんびか,賛美歌、讃美歌,さんびか
しばし,暫し,しばし
しばらく,暫く,しばらく
ざんてい,暫定,ざんてい
こせき,戸籍,こせき
つちのと,己,つちのと
かっこ（堅固なさま。）,確乎,かっこ（堅固なさま。）
しゅうとめ,姑,しゅうとめ
こそく,姑息,こそく
もも、また,股,もも、また
からびる,枯びる,からびる
きつね,狐,きつね
うさんくさい,胡散臭い,うさんくさい
うろん,胡乱,うろん
ごま,胡麻,ごま
いこ（ころもと、はかま。）,衣袴,いこ（ころもと、はかま。）
こしょう（つぼと、さかずき。）,壺觴,こしょう（つぼと、さかずき。）
こも、まかも,菰,こも、まかも
やとう（to employ）,雇う,やとう（to employ）
さんご,珊瑚,さんご
こか（またのした。）,跨下,こか（またのした。）
つづみ,鼓,つづみ
のり（接合剤。）,糊,のり（接合剤。）
きんこ（自由刑。）,禁錮,きんこ（自由刑。）
かえりみる,顧みる,かえりみる
ごかく,互角,ごかく
ごちょう（軍隊の階級。）,伍長,ごちょう（軍隊の階級。）
さえる,冴える,さえる
ごふく,呉服,ごふく
ごじん（われわれ。）,吾人,ごじん（われわれ。）
ごらく,娯楽,ごらく
さとる,悟る,さとる
ゴトウ、ゴドウ、あおぎり,梧桐,ゴトウ、ゴドウ、あおぎり
ごいし,碁石,ごいし
ごまかす,誤魔化す,ごまかす
だいごみ,醍醐味,だいごみ
まがたま,勾玉,まがたま
こうばい（傾き。）,勾配,こうばい（傾き。）
くじゃく,孔雀,くじゃく
こうけつ（あな。）,孔穴,こうけつ（あな。）
いさお,功,いさお
はたく,叩く,はたく
こうとう（地面に頭をすりつけて、お辞儀をすること。）,叩頭,こうとう（地面に頭をすりつけて、お辞儀をすること。）
たくむ,巧む,たくむ
きのえ,甲,きのえ
いきかう,行き交う,いきかう
こもごも,交,こもごも
のち、きさき,后,のち、きさき
こうどう（地下の通路。）,坑道,こうどう（地下の通路。）
あらがう,抗う,あらがう
夜が「ふける」,更ける,夜が「ふける」
こうかつ（ずるがしこい。）,佼黠、狡猾,こうかつ（ずるがしこい。）
かのえ,庚,かのえ
ちょうこう（宵の明星。）,長庚,ちょうこう（宵の明星。）
たかぶる,昂る,たかぶる
げっこう（いきり立つこと。）,激昂、激高,げっこう（いきり立つこと。）
くい（棒状のもの。）,杭,くい（棒状のもの。）
うべなう,肯う,うべなう
がえんじる,肯じる,がえんじる
こうかく（酒のさかな。）,肴核,こうかく（酒のさかな。）
ここう（なくてはならないもの。）,股肱,ここう（なくてはならないもの。）
こうしゃく（貴族の階級。）,侯爵,こうしゃく（貴族の階級。）
あつかましい,厚かましい,あつかましい
こうい（よごれている衣服。）,垢衣,こうい（よごれている衣服。）
こうかん（ちまた。）,巷間,こうかん（ちまた。）
あたかも,恰も,あたかも
かっぷく,恰幅,かっぷく
こうずい（災害。）,洪水,こうずい（災害。）
すめらぎ,皇,すめらぎ
すさむ,荒む,すさむ
こうがい（suburb）,郊外,こうがい（suburb）
いそうろう,居候,いそうろう
ぎょうこう（思いがけない幸運。）,僥倖,ぎょうこう（思いがけない幸運。）
こうとう（広大なようす。）,浩蕩,こうとう（広大なようす。）
はっこう（天下。）,八紘,はっこう（天下。）
ひかえる,控える,ひかえる
こうじょ,控除,こうじょ
こうがい（あらすじ。）,梗概,こうがい（あらすじ。）
さつき,皐,さつき
あわせ,袷,あわせ
服の「ボタン」,釦,服の「ボタン」
のど,喉,のど
きょうこう,恐慌,きょうこう
くびる、しぼる,絞る,くびる、しぼる
首を「しめる」,絞める,首を「しめる」
こうしゅけい,絞首刑,こうしゅけい
びくう、びこう,鼻腔,びくう、びこう
しんこう（はまぐり。）,蜃蛤,しんこう（はまぐり。）
うなじ,項,うなじ
うなだれる,項垂れる,うなだれる
さっぽろ,札幌,さっぽろ
こうじ（釣り針につけたえさ。）,鉤餌,こうじ（釣り針につけたえさ。）
なんこう（皮膚外用剤。）,軟膏,なんこう（皮膚外用剤。）
はっこう,発酵、?酵,はっこう
たいこうけんち,太閤検地,たいこうけんち
げんこうようし,原稿用紙,げんこうようし
こうそ（白い絹の喪服。）,縞素,こうそ（白い絹の喪服。）
きょうじる,興じる,きょうじる
きんこう,均衡,きんこう
ぬか,糠,ぬか
そうこう（粗末な食物。）,糟糠,そうこう（粗末な食物。）
わら,藁,わら
あがなう,購う,あがなう
こうかん（さめ皮の鎧。）,鮫函,こうかん（さめ皮の鎧。）
おおとり,鴻,おおとり
こうがく（学問に深く通じていること。）,鴻学,こうがく（学問に深く通じていること。）
くぐい、まと,鵠,くぐい、まと
かくはん,撹拌,かくはん
こじき,乞食,こじき
きつめい（命ごいをすること。）,乞命,きつめい（命ごいをすること。）
ごうもん,拷問,ごうもん
ごうまん,傲慢,ごうまん
ごうかい,豪快,ごうかい
ざんごう,塹壕,ざんごう
ごうしゅう（オーストラリア。）,濠州,ごうしゅう（オーストラリア。）
かむ,噛む,かむ
とどろく,轟く,とどろく
ごうおん,轟音,ごうおん
こくもつ,穀物,こくもつ
じごく,地獄,じごく
こつぜん,忽然,こつぜん
たちまち,忽ち,たちまち
ゆるがせにする,忽せにする,ゆるがせにする
とぼける、ぼける、ほうける,惚ける,とぼける、ぼける、ほうける
ほれる,惚れる,ほれる
こうこつ,恍惚,こうこつ
こま,駒,こま
げきく（人生は短く、歳月は早く過ぎること。）,隙駒,げきく（人生は短く、歳月は早く過ぎること。）
けいこく（少しの間。）,頃刻,けいこく（少しの間。）
うしとら,艮,うしとら
ひつじさる,坤,ひつじさる
こんよ（大地。）,坤輿,こんよ（大地。）
こんぶ,昆布,こんぶ
こんとう,昏倒,こんとう
いこん,遺恨,いこん
けっこん,結婚,けっこん
こんぽう,梱包,こんぽう
こんせき,痕跡,こんせき
こんぺき,紺碧,こんぺき
たましい,魂,たましい
こんでん,墾田,こんでん
ねんごろ,懇ろ,ねんごろ
こんしんかい,懇親会,こんしんかい
くそ（いやしい人間、つまらない人間のたとえ。）,狗鼠,くそ（いやしい人間、つまらない人間のたとえ。）
くらぶ,倶楽部,くらぶ
くけい,矩形,くけい
かけひき,駆け引き,かけひき
くじょ,駆除,くじょ
たいく,体?,たいく
ぐする,具する,ぐする
つぶさに,具に,つぶさに
きぐ（あやぶみ、おそれること。）,危惧,きぐ（あやぶみ、おそれること。）
ぐずる,愚図る,ぐずる
うつける,空ける,うつける
むなしい,空しい,むなしい
たまに,偶に,たまに
ぐうわ,寓話,ぐうわ
そうぐう,遭遇,そうぐう
たまたま,遇,たまたま
くし,串,くし
かがむ,屈む,かがむ
くぐまる,屈まる,くぐまる
くっさく,掘削,くっさく
ほる,掘る,ほる
どうくつ,洞窟,どうくつ
ゆうしょう（クマの手のひらの肉。）,熊掌,ゆうしょう（クマの手のひらの肉。）
くめ,粂,くめ
そうし（繭から生糸をたぐりとる作業。）,繰糸,そうし（繭から生糸をたぐりとる作業。）
くんしょう,勲章,くんしょう
くんとう（徳により感化し、すぐれた人間にすること。）,薫陶,くんとう（徳により感化し、すぐれた人間にすること。）
おおげさ,大袈裟,おおげさ
けいしょう（儀式で用いる尊い玉。）,圭璋,けいしょう（儀式で用いる尊い玉。）
なりふり,形振り,なりふり
くき,茎,くき
けいりゅう（つなぎとめておくこと。）,係留,けいりゅう（つなぎとめておくこと。）
ちぎる（約束する。）,契る,ちぎる（約束する。）
けいき（きっかけ。）,契機,けいき（きっかけ。）
めぐむ,恵む,めぐむ
けいま,桂馬,けいま
けいさん（SiO2）,珪酸（硅酸）,けいさん（SiO2）
けいはつ,啓発,けいはつ
かかげる,掲げる,かかげる
けいさい,掲載,けいさい
けいこく（谷間。）,渓谷,けいこく（谷間。）
あぜ、うね,畦,あぜ、うね
ほけい（はたけのうね。）,圃畦,ほけい（はたけのうね。）
けいしょう（天子・諸侯を補佐して政治を行う臣。）,卿相,けいしょう（天子・諸侯を補佐して政治を行う臣。）
くぎょう,公卿,くぎょう
かしぐ,傾ぐ,かしぐ
たずさえる,携える,たずさえる
ままはは、けいぼ,継母,ままはは、けいぼ
けいせん（紙面の枠や仕切りを表す縦横の線。）,罫線,けいせん（紙面の枠や仕切りを表す縦横の線。）
けいはい（神社や仏閣にもうで、拝むこと。）,詣拝,けいはい（神社や仏閣にもうで、拝むこと。）
しょうけい、どうけい,憧憬,しょうけい、どうけい
けいがん,慧眼,けいがん
こっけい,滑稽,こっけい
きゅうけい,休憩,きゅうけい
けいどうみゃく,頸動脈,けいどうみゃく
つなぐ,繋ぐ,つなぐ
にわとり、とり,鶏,にわとり、とり
けいこう（かぐわしい香り。）,馨香,けいこう（かぐわしい香り。）
げいげき,迎撃,げいげき
けんげき（つるぎとほこ。）,剣戟,けんげき（つるぎとほこ。）
けた,桁,けた
いこう（着物などを掛けておく家具。）,衣桁,いこう（着物などを掛けておく家具。）
ページ、かしら,頁,ページ、かしら
バージェス「けつがん」,頁岩,バージェス「けつがん」
ひけつ,秘訣,ひけつ
けっしゅつ,傑出,けっしゅつ
いさぎよい,潔い,いさぎよい
わらび,蕨,わらび
くだり、くだん,件,くだり、くだん
まみえる,見える,まみえる
かた（体の部分。）,肩,かた（体の部分。）
包丁を「とぐ」,研ぐ,包丁を「とぐ」
つましい,倹しい,つましい
つづまやか,倹やか,つづまやか
けんたいき,倦怠期,けんたいき
あぐむ、うむ,倦む,あぐむ、うむ
げんまん,拳万,げんまん
のき,軒,のき
すこやか,健やか,すこやか
まくる、めぐる,捲る,まくる、めぐる
けんせい,牽制,けんせい
やかましい、かまびすしい,喧しい,やかましい、かまびすしい
しゅとけん,首都圏,しゅとけん
すずり,硯,すずり
けんでん（文筆を生活の糧にすること。）,硯田,けんでん（文筆を生活の糧にすること。）
けんらん,絢爛,けんらん
けんどう（母親の部屋。）,萱堂,けんどう（母親の部屋。）
けんし（きぬいと。）,絹糸,けんし（きぬいと。）
さかしら,賢しら,さかしら
けんきょ,謙虚,けんきょ
へりくだる,謙る,へりくだる
けんばん,鍵盤,けんばん
けんし（まゆと、いと。）,繭糸,けんし（まゆと、いと。）
けんちょ,顕著,けんちょ
けそう,懸想,けそう
まぼろし,幻,まぼろし
つる,弦、絃,つる
えいげん（すぐれた人。）,英彦,えいげん（すぐれた人。）
「きり」がない,限,「きり」がない
うつつ,現,うつつ
げんそう（船体に取りつけられた通風・採光用の小窓。）,舷窓,げんそう（船体に取りつけられた通風・採光用の小窓。）
げんご（ことわざ。）,諺語,げんご（ことわざ。）
いかつい,厳つい,いかつい
いかめしい,厳しい,いかめしい
たくらむ,企む,たくらむ
かぶき,歌舞伎,かぶき
ぎがく（仮面をかぶり、楽器演奏に合わせて無言で踊る劇。）,伎楽,ぎがく（仮面をかぶり、楽器演奏に合わせて無言で踊る劇。）
こいねがう,希う,こいねがう
きぶく（喪に服すること。）,忌服,きぶく（喪に服すること。）
くしくも,奇しくも,くしくも
きかん（たいへん寒いこと。）,祁寒,きかん（たいへん寒いこと。）
ききん,飢饉,ききん
きはつせい,揮発性,きはつせい
けう,稀有,けう
いき（はっきりしない。）,依稀,いき（はっきりしない。）
あおい,葵,あおい
たっとぶ、とうとぶ,貴ぶ,たっとぶ、とうとぶ
きぼう（そしること。）,毀謗,きぼう（そしること。）
きそう（ちりとりと、ほうき。また、掃除すること。）,箕帚、箕箒,きそう（ちりとりと、ほうき。また、掃除すること。）
つき（植物。）,槻,つき（植物。）
きぜん（自分の信念をきっぱりと貫き、物事に動じないさま。）,毅然,きぜん（自分の信念をきっぱりと貫き、物事に動じないさま。）
きんきちほう,近畿地方,きんきちほう
はたおり,機織り,はたおり
きけん（うかがい見ること。）,窺見,きけん（うかがい見ること。）
きしょう（所属などをあらわすために、帽子や衣服などにつけるしるし。）,徽章,きしょう（所属などをあらわすために、帽子や衣服などにつけるしるし。）
ぎょき（魚を捕るいそ。）,漁磯,ぎょき（魚を捕るいそ。）
きりん,麒麟、麒,きりん
ひれ,鰭,ひれ
まいこ、ブギ,舞妓,まいこ、ブギ
むべ,宜,むべ
べんぎ,便宜,べんぎ
「ぎおん」祭,祇園、祗園,「ぎおん」祭
あざむく,欺く,あざむく
ぎきょく,戯曲,ぎきょく
ざれる、じゃれる、たわむれる,戯れる,ざれる、じゃれる、たわむれる
たわける,戯ける,たわける
よしみ,誼,よしみ
ゆうぎ,友誼,ゆうぎ
ぎおん（オノマトペ。）,擬音,ぎおん（オノマトペ。）
まがい、もどき,擬,まがい、もどき
ギセイ、いけにえ,犠牲,ギセイ、いけにえ
いっきく（ひとすくい。）,一掬,いっきく（ひとすくい。）
まり,鞠,まり
きくいく（養い育てること。）,鞠育,きくいく（養い育てること。）
こうじ,麹、?,こうじ
きくいん（酒を作るところ。）,麹院,きくいん（酒を作るところ。）
きつおん,吃音,きつおん
どもる,吃る,どもる
まで,迄,まで
ききょう（植物の名前。）,桔梗,ききょう（植物の名前。）
きつえんしゃ,喫煙者,きつえんしゃ
かえって,却って,かえって
ぎゃくたい,虐待,ぎゃくたい
しいたげる,虐げる,しいたげる
きゅうえん（うらみ。）,仇怨,きゅうえん（うらみ。）
きゅうはい（腐って役に立たないこと。）,朽廃,きゅうはい（腐って役に立たないこと。）
うす,臼,うす
水を「くむ」,汲む,水を「くむ」
きゅうきゅう（他を顧みるゆとりがなく、一心につとめるさま。小さなことにあくせくするさま。）,汲汲,きゅうきゅう（他を顧みるゆとりがなく、一心につとめるさま。小さなことにあくせくするさま。）
おきゅう,お灸,おきゅう
やいと,灸,やいと
キューバ,玖馬,キューバ
くっきょう（つまるところ。結局。）,究竟,くっきょう（つまるところ。結局。）
あざなう,糾う,あざなう
きゅうだん（責め立てる。）,糾弾,きゅうだん（責め立てる。）
おい（書物・衣類などを入れて背負う脚付きの箱。）,笈,おい（書物・衣類などを入れて背負う脚付きの箱。）
にら,韮,にら
きゅうかく,嗅覚,きゅうかく
キュウビ、みぞおち,鳩尾,キュウビ、みぞおち
きゅうしゃ（うまや。）,厩舎,きゅうしゃ（うまや。）
きゅうくつ,窮屈,きゅうくつ
きょてん,拠点,きょてん
こぞる,挙る,こぞる
うつろ,虚ろ,うつろ
ばかり（副助詞。）,許り,ばかり（副助詞。）
きょかい（悪い集団のかしら。）,渠魁,きょかい（悪い集団のかしら。）
すいきょ（いきを吐くこと。）,吹?,すいきょ（いきを吐くこと。）
のこ、のこぎり,鋸,のこ、のこぎり
すなどる、あさる,漁る,すなどる、あさる
きょうぎょ（強暴で人をうけ容れない。）,彊禦,きょうぎょ（強暴で人をうけ容れない。）
きょうと（凶行をはたらく者。）,兇徒,きょうと（凶行をはたらく者。）
きょうさい（世の中の悪や乱れをただして救うこと。）,匡済,きょうさい（世の中の悪や乱れをただして救うこと。）
おびやかす、おどかす,脅かす,おびやかす、おどかす
えいごう,永劫,えいごう
きょうだつ、こうだつ（おどかして奪い取ること。）,劫奪,きょうだつ、こうだつ（おどかして奪い取ること。）
きょうりん（アンズの林。医師。）,杏林,きょうりん（アンズの林。医師。）
きょうじゅ（恩恵をうけ入れ、自分のものとして楽しむこと。）,享受,きょうじゅ（恩恵をうけ入れ、自分のものとして楽しむこと。）
おびえる,怯える,おびえる
ひるむ,怯む,ひるむ
きょうじゃく（気が小さいこと。）,怯弱,きょうじゃく（気が小さいこと。）
いわんや,況んや,いわんや
きゃん、おとこだて,?,きゃん、おとこだて
きょうかく（ばくちなどで世を渡る人。）,?客,きょうかく（ばくちなどで世を渡る人。）
きょうこく,峡谷,きょうこく
きょうじゅん（つつしんでしたがうこと。）,恭順,きょうじゅん（つつしんでしたがうこと。）
きょうはく,脅迫,きょうはく
あながち,強ち,あながち
したたか,強か,したたか
きょうしょう（高い松。）,喬松,きょうしょう（高い松。）
かきょう（在外中国人。）,華僑,かきょう（在外中国人。）
キョウバク、そば,蕎麦,キョウバク、そば
きょうせい,矯正,きょうせい
あえ,饗,あえ
きょうえん（もてなしの会食。）,饗宴,きょうえん（もてなしの会食。）
指示を「あおぐ」,仰ぐ,指示を「あおぐ」
あおのく,仰く,あおのく
おっしゃる,仰る,おっしゃる
あおむけ,仰向け,あおむけ
ぎょうぎょうしい,仰々しい,ぎょうぎょうしい
のけぞる,仰け反る,のけぞる
ぎょうぎょう（山などがきわめて高いさま。）,尭尭,ぎょうぎょう（山などがきわめて高いさま。）
あかつき,暁,あかつき
こごる、こる,凝る,こごる、こる
しこり,凝り,しこり
きょくじつ（あさひ。）,旭日,きょくじつ（あさひ。）
つぼね,局,つぼね
きんちゃく,巾着,きんちゃく
ふきん（おの。）,斧斤,ふきん（おの。）
ならす,均す,ならす
せり（植物。）,芹,せり（植物。）
けんきん（君主に物品を奉ること。）,献芹,けんきん（君主に物品を奉ること。）
きんき（非常によろこぶこと。）,欣喜,きんき（非常によろこぶこと。）
きんたい（山や川に囲まれた要害の地。）,衿帯、襟帯,きんたい（山や川に囲まれた要害の地。）
いそしむ,勤しむ,いそしむ
きんぼ（相手を尊敬し、したうこと。）,欽慕,きんぼ（相手を尊敬し、したうこと。）
こと（楽器。）,琴,こと（楽器。）
わずか,僅か,わずか
きんさ,僅差,きんさ
もうきんるい,猛禽類,もうきんるい
にしき,錦,にしき
りんご,林檎,りんご
ぎんみ,吟味,ぎんみ
しろがね,銀,しろがね
ほてる,火照る,ほてる
かえい（いなほ。）,禾穎,かえい（いなほ。）
かでん（うり畑）,瓜田,かでん（うり畑）
がらん,伽藍,がらん
よとぎ,夜伽,よとぎ
けったい、けたい,卦体,けったい、けたい
かちょう（占いに現れた形。）,卦兆,かちょう（占いに現れた形。）
くだもの、はか,果,くだもの、はか
さいなむ,苛む,さいなむ
かれつ（きびしくはげしいこと。）,苛烈,かれつ（きびしくはげしいこと。）
めいか（馬のくつわ飾りが音を立てること。）,鳴珂,めいか（馬のくつわ飾りが音を立てること。）
おしゃかさま,お釈迦様,おしゃかさま
うずしお,渦潮,うずしお
よぎる、すぎる,過ぎる,よぎる、すぎる
けんか,喧嘩,けんか
いとま、ひま,暇,いとま、ひま
まがまがしい,禍々しい,まがまがしい
わざわい,禍い,わざわい
せいか（くつを作ること。）,製靴,せいか（くつを作ること。）
よみする,嘉する,よみする
かしょう（ほめたたえること。）,嘉尚,かしょう（ほめたたえること。）
やもめ,寡,やもめ
かもく（口数が少ないこと。）,寡黙,かもく（口数が少ないこと。）
えのき,榎,えのき
からふと,樺太,からふと
かしょく（かばの樹皮でを巻いて作った燭。）,樺燭,かしょく（かばの樹皮でを巻いて作った燭。）
こうこ（いかにも好ましいこと。ちょうどよいこと。）,好箇、好個,こうこ（いかにも好ましいこと。ちょうどよいこと。）
かせぐ,稼ぐ,かせぐ
えび,蝦,えび
がま,蝦蟇,がま
かすむ,霞む,かすむ
うんか（くもと、かすみ。）,雲霞,うんか（くもと、かすみ。）
グラム、かわら,瓦,グラム、かわら
がかい（くずれること。）,瓦解,がかい（くずれること。）
がらくた,我楽多,がらくた
あんが（楽な姿勢で横になること。）,安臥,あんが（楽な姿勢で横になること。）
がぜん,俄然,がぜん
にわか,俄か,にわか
ねんがじょう,年賀状,ねんがじょう
まゆげ、あり、が,蛾,まゆげ、あり、が
がび（美人のまゆの形容。）,蛾眉,がび（美人のまゆの形容。）
みやびやか,雅やか,みやびやか
がき,餓鬼,がき
がぎょ（ウマを自由に使いこなすこと。）,駕御（駕馭）,がぎょ（ウマを自由に使いこなすこと。）
かいじん（灰と燃えかす。）,灰燼,かいじん（灰と燃えかす。）
からし、あくた,芥,からし、あくた
けしつぶ,芥子粒,けしつぶ
かいたい（とてもわずかなこと。）,芥蔕,かいたい（とてもわずかなこと。）
けしからぬ,怪しからぬ,けしからぬ
かどわかす,拐す,かどわかす
かいたい（預かった金銭・物品などを持ち逃げすること。）,拐帯,かいたい（預かった金銭・物品などを持ち逃げすること。）
かいこう（ひろげて盛んにすること。制度・事業などに用いる。）,恢弘、恢宏,かいこう（ひろげて盛んにすること。制度・事業などに用いる。）
かいぞう（自分の才能や知識などを目立たぬように隠すこと。）,晦蔵,かいぞう（自分の才能や知識などを目立たぬように隠すこと。）
はだける、ひらける、あける,開ける,はだける、ひらける、あける
つちくれ、かたまり,塊,つちくれ、かたまり
かいしょ（漢字の書体の一つ。）,楷書,かいしょ（漢字の書体の一つ。）
ほぐす,解す,ほぐす
ほぐれる、ほつれる,解れる,ほぐれる、ほつれる
ほどく,解く,ほどく
かしら、さきがけ,魁,かしら、さきがけ
ついえる,潰える,ついえる
いかいよう,胃潰瘍,いかいよう
えし,壊死,えし
いだく、なつく,懐く,いだく、なつく
ふところ,懐,ふところ
かいぎ（疑いをもつこと。）,懐疑,かいぎ（疑いをもつこと。）
はいかい（日本文学の一形態。）,俳諧,はいかい（日本文学の一形態。）
ひのき,檜、桧,ひのき
かいこう（横ばいに歩くこと。左から右へ横書きに書く欧米などの文字。横文字。）,蟹行,かいこう（横ばいに歩くこと。左から右へ横書きに書く欧米などの文字。横文字。）
ばいか,貝貨,ばいか
だんがい,弾劾,だんがい
がいそう（急にせきこむこと。）,咳嗽,がいそう（急にせきこむこと。）
しわぶく、せく,咳く,しわぶく、せく
がいさい（物事の行き止まりになる所。）,涯際,がいさい（物事の行き止まりになる所。）
がいせんもん,凱旋門,がいせんもん
ふんがい,憤慨,ふんがい
むげ,無碍,むげ
しょうがいしゃ,障碍者、障害者,しょうがいしゃ
がいぜんせい,蓋然性,がいぜんせい
けだし,蓋し,けだし
がいはく（学問や知識が非常に広いさま。）,該博,がいはく（学問や知識が非常に広いさま。）
かんがいのうぎょう,灌漑農業,かんがいのうぎょう
がいこつ,骸骨,がいこつ
がいちゅう（よろいと、かぶと。）,鎧冑,がいちゅう（よろいと、かぶと。）
かいまみる,垣間見る,かいまみる
えんり（竹や柴などで目をあらく編んで作ったかき。）,垣籬,えんり（竹や柴などで目をあらく編んで作ったかき。）
じゅくし（よく熟れたかき。）,熟柿,じゅくし（よく熟れたかき。）
から,殻,から
くるわ,郭、廓,くるわ
じょうかく（おしろ。）,城郭,じょうかく（おしろ。）
おぼつかない,覚束ない,おぼつかない
はなわ,塙,はなわ
ひかくきゅう,比較級,ひかくきゅう
こうちょ（きわだってはっきりしていること。）,較著,こうちょ（きわだってはっきりしていること。）
かくせい（これまでの不正を取り除き、清めること。）,廓清、郭清,かくせい（これまでの不正を取り除き、清めること。）
つかむ,掴む、?む,つかむ
かくしゃく（あかあかと盛んに光り輝くさま。）,赫灼,かくしゃく（あかあかと盛んに光り輝くさま。）
しかと,確と,しかと
しっかり,確り,しっかり
えもの,獲物,えもの
かくとく,獲得,かくとく
いかく,威嚇,いかく
しゅうかく,収穫,しゅうかく
がくふ（妻の父親。）,岳父,がくふ（妻の父親。）
きんつば,金鍔,きんつば
ひたい,額,ひたい
うわあご、じょうがく,上顎,うわあご、じょうがく
がくぎょ（わに。）,鰐魚,がくぎょ（わに。）
かけじく,掛け軸,かけじく
かし（植物。）,樫,かし（植物。）
せきこ（砂嘴、砂州、沿岸州などによって海の一部が外海と隔てられてできた湖沼。）,潟湖,せきこ（砂嘴、砂州、沿岸州などによって海の一部が外海と隔てられてできた湖沼。）
かっこ（）,括弧,かっこ（）
くくる、くびる,括る,くくる、くびる
くびれる,括れる,くびれる
そうかつ（まとめる。）,総括,そうかつ（まとめる。）
どうかつ,恫喝,どうかつ
こかつ（かれる。）,枯渇,こかつ（かれる。）
やはず、はず,筈,やはず、はず
かっとう,葛藤,かっとう
ぬめる、すべる,滑る,ぬめる、すべる
ぬめぬめ,滑滑,ぬめぬめ
かっくう,滑空,かっくう
かちいろ、かっしょく,褐色,かちいろ、かっしょく
ちょっかつ,直轄,ちょっかつ
かつ（and）,且つ,かつ（and）
まさに,且に,まさに
こうしょ（一時のまにあわせ。）,苟且,こうしょ（一時のまにあわせ。）
こしゅ（老人、とるに足らない者、落ち目の身などのたとえ。）,枯株,こしゅ（老人、とるに足らない者、落ち目の身などのたとえ。）
ふそう（炊事道具。）,釜竈,ふそう（炊事道具。）
れんり（かまのようにするどいこと。）,鎌利,れんり（かまのようにするどいこと。）
ざんがい（賊や相手の勢力を討ち滅ぼす。）,斬刈,ざんがい（賊や相手の勢力を討ち滅ぼす。）
ひる（かわく。）,干る,ひる（かわく。）
かんかんがくがく,侃々諤々,かんかんがくがく
はこだて,函館、箱館,はこだて
かむる,冠る,かむる
かんいん,姦淫,かんいん
かんきつるい,柑橘類,かんきつるい
こうじ、みかん,柑,こうじ、みかん
かんしゅ（さらし首。）,竿首,かんしゅ（さらし首。）
さお,竿,さお
かんじ（にっこりとほほえむさま。）,莞爾,かんじ（にっこりとほほえむさま。）
かんべん,勘弁,かんべん
わずらう,患う,わずらう
すげ、すが,菅,すげ、すが
かんろく,貫禄,かんろく
わめく,喚く,わめく
こたえる、こらえる、たえる,堪える,こたえる、こらえる、たえる
かんにんぶくろ,堪忍袋,かんにんぶくろ
たんのう,堪能,たんのう
あえない,敢えない,あえない
かんこう（困難などをものともせず、思い切って行うこと。）,敢行,かんこう（困難などをものともせず、思い切って行うこと。）
ひつぎ,棺,ひつぎ
かんおけ,棺桶,かんおけ
まま（ときどき。）,間々,まま（ときどき。）
かんじつげつ（用事や仕事のないひまな時期。あくせくせず、心に余裕のあること。）,閑日月,かんじつげつ（用事や仕事のないひまな時期。あくせくせず、心に余裕のあること。）
かんこく（山と山の間のくぼんだ所。）,澗谷,かんこく（山と山の間のくぼんだ所。）
ゆるゆる,緩々,ゆるゆる
ぬるび,緩火,ぬるび
いかん（思い通りにいかないで、心残りなこと。）,遺憾,いかん（思い通りにいかないで、心残りなこと。）
かんそう（詩歌や文章。）,翰藻,かんそう（詩歌や文章。）
やかた、たち、たて,舘、館,やかた、たち、たて
かんし（死んで君主などをいさめること。）,諫死,かんし（死んで君主などをいさめること。）
かんがみる,鑑みる,かんがみる
がんぐ、おもちゃ,玩具,がんぐ、おもちゃ
もてあそぶ,玩ぶ,もてあそぶ
かり、ガン,雁,かり、ガン
かたくな,頑,かたくな
がんみ（食物をよくかんで味わうこと。）,翫味、玩味,がんみ（食物をよくかんで味わうこと。）
がんしゅ（病気。）,癌腫,がんしゅ（病気。）
がんさく,贋作,がんさく
いわお,巌,いわお
がんとう（大きな岩の上。）,巌頭,がんとう（大きな岩の上。）
おもねる,阿る,おもねる
あしゃ（言葉の不自由な人。）,?者,あしゃ（言葉の不自由な人。）
あぜん,?然,あぜん
あせい（みだらな音楽。カエルの鳴く声。）,蛙声,あせい（みだらな音楽。カエルの鳴く声。）
きゅうあい（宮中に仕える美女。）,宮娃,きゅうあい（宮中に仕える美女。）
あいさつ,挨拶,あいさつ
まなむすめ,愛娘,まなむすめ
あいまい,曖昧,あいまい
あくさく、あくせく,?促,あくさく、あくせく
あくおん（あついめぐみ。手あつい恩恵｡）,渥恩,あくおん（あついめぐみ。手あつい恩恵｡）
へす,圧す,へす
あっせん,斡旋,あっせん
こく、しごく,扱く,こく、しごく
ずつ,宛,ずつ
さながら,宛ら,さながら
らんき（山のなかの、ひんやりとうるおった空気。）,嵐気,らんき（山のなかの、ひんやりとうるおった空気。）
あんま,按摩,あんま
いおり,庵,いおり
あんば（体操器具。）,鞍馬,あんば（体操器具。）
もってのほか,以ての外,もってのほか
いてき（外国人を蔑んでいう言葉）,夷狄,いてき（外国人を蔑んでいう言葉）
きぬぎぬ（男女が一夜を共にし、迎えた朝。また、その朝の別れ。）,衣衣（後朝）,きぬぎぬ（男女が一夜を共にし、迎えた朝。また、その朝の別れ。）
いろり,囲炉裏,いろり
じょうめん（老翁を表す能面の総称。）,尉面,じょうめん（老翁を表す能面の総称。）
たいい（軍の階級。）,大尉,たいい（軍の階級。）
いしゅく,萎縮,いしゅく
しぼむ,萎む,しぼむ
しおれる,萎れる,しおれる
しなびる,萎びる,しなびる
ごいりょく,語彙力,ごいりょく
あし、よし,葦,あし、よし
あめ（おいしい。）,飴,あめ（おいしい。）
いあん,慰安,いあん
いわゆる、ショイ,所謂,いわゆる、ショイ
いわれ,謂れ,いわれ
いくいく（香りが高いさま。文化・文物の盛んなさま。）,郁郁,いくいく（香りが高いさま。文化・文物の盛んなさま。）
いき（長崎県の島。）,壱岐,いき（長崎県の島。）
はぐれる,逸れる,はぐれる
はやる、はしる,逸る,はやる、はしる
こぼれる、あふれる,溢れる,こぼれる、あふれる
いつり（余分の利益。）,溢利,いつり（余分の利益。）
いんか（聞き入れて許すこと。）,允可,いんか（聞き入れて許すこと。）
おえつ,嗚咽,おえつ
じびいんこうか,耳鼻咽喉科,じびいんこうか
えんか、えんげ,咽下,えんか、えんげ
むせぶ,咽ぶ,むせぶ
いんせき（血のつながりのない親戚。）,姻戚,いんせき（血のつながりのない親戚。）
らくいん（父親に認知されない庶子、私生児のこと。）,落胤,らくいん（父親に認知されない庶子、私生児のこと。）
いんとう（酒や異性とのみだらな遊びにふけること。）,淫蕩,いんとう（酒や異性とのみだらな遊びにふけること。）
おんいのせい,蔭位の制,おんいのせい
かげ、おかげ,蔭,かげ、おかげ
おんいん,音韻,おんいん
ゆうしょく（地位が高い職務。）,右職,ゆうしょく（地位が高い職務。）
うかい（まわり道すること。）,迂回,うかい（まわり道すること。）
うと（太陽と月。）,烏兎,うと（太陽と月。）
かばい（仏、菩薩の功徳をほめたたえて歌うこと。）,歌唄,かばい（仏、菩薩の功徳をほめたたえて歌うこと。）
うつうつ（草木がこんもりと生い茂るさま。心がふさいで気分が晴れないさま。）,蔚蔚,うつうつ（草木がこんもりと生い茂るさま。心がふさいで気分が晴れないさま。）
うっけつ,鬱血,うっけつ
うっとうしい,鬱陶しい,うっとうしい
うね,畝,うね
うんぬん,云々,うんぬん
とこしえ,永,とこしえ
えいこう（船が他の船を引いて航行すること。）,曳航,えいこう（船が他の船を引いて航行すること。）
はえ（名誉。）,栄え,はえ（名誉。）
ろうえい、ろうせつ,漏洩,ろうえい、ろうせつ
えいき（月が満ちたり欠けたりすること。栄えることと衰えること。）,盈虧,えいき（月が満ちたり欠けたりすること。栄えることと衰えること。）
ぎょくえい（水晶。）,玉瑛,ぎょくえい（水晶。）
えいたん,詠嘆,えいたん
ようごう（神仏が仮の姿となって、この世に現れること。）,影向,ようごう（神仏が仮の姿となって、この世に現れること。）
えいだん（天子・天皇の決断。）,叡断,えいだん（天子・天皇の決断。）
えいきごう（♯）,嬰記号,えいきごう（♯）
やくびょうがみ,疫病神,やくびょうがみ
えつらく,悦楽,えつらく
えっけん（貴人や目上の人にお目にかかること。）,謁見,えっけん（貴人や目上の人にお目にかかること。）
けみする,閲する,けみする
まろやか,円やか,まろやか
まどか,円か,まどか
えんぜん（ぴったり合うさま。おおわれて、暗いさま。）,奄然,えんぜん（ぴったり合うさま。おおわれて、暗いさま。）
ひいては,延いては,ひいては
えんち（園地。）,苑地,えんち（園地。）
えんこん,怨恨,えんこん
えんぺい（おおい隠すこと。月が他の星をさえぎり隠す現象。）,掩蔽,えんぺい（おおい隠すこと。月が他の星をさえぎり隠す現象。）
えんそく（土砂などを用いて水の流れをせきとめること。）,堰塞,えんそく（土砂などを用いて水の流れをせきとめること。）
さいえん（すぐれた女性。）,才媛,さいえん（すぐれた女性。）
えんげん,淵源,えんげん
えんせいかん,厭世観,えんせいかん
ましら,猿,ましら
とび、とんび,鳶,とび、とんび
えんけん（いかりがた。）,鳶肩,えんけん（いかりがた。）
えんきょ（仕事をせずに、くつろいで過ごすこと。）,燕居,えんきょ（仕事をせずに、くつろいで過ごすこと。）
えんおう（おしどり。）,鴛鴦,えんおう（おしどり。）
つややか、あでやか,艶やか,つややか、あでやか
なまめかしい,艶めかしい,なまめかしい
えんしょ（恋文。）,艶書,えんしょ（恋文。）
おいて,於いて,おいて
くぼむ、へこむ,凹む,くぼむ、へこむ
おうとつ,凹凸,おうとつ
おうせい,旺盛,おうせい
おうぶん（ヨーロッパで用いられる文字。また、それを使って書かれた文章。）,欧文,おうぶん（ヨーロッパで用いられる文字。また、それを使って書かれた文章。）
おうだ（なぐる。）,殴打,おうだ（なぐる。）
おきな,翁,おきな
おうおう（おじいさんとおばあさん。）,翁媼,おうおう（おじいさんとおばあさん。）
かおう（あひる。）,家鴨,かおう（あひる。）
ふすま、わたいれ、あお,襖,ふすま、わたいれ、あお
すおう（昔の服。武家装束。）,素襖,すおう（昔の服。武家装束。）
うぐいす,鶯,うぐいす
おうせん（試験の合格・出世・転居などを祝う語。）,鶯遷,おうせん（試験の合格・出世・転居などを祝う語。）
かもめ,鴎,かもめ
おうめい（隠居すること。）,?盟,おうめい（隠居すること。）
おうむ,鸚鵡,おうむ
いんこ,鸚哥,いんこ
おっくう,億劫,おっくう
こうふ（小高いおか。）,岡阜,こうふ（小高いおか。）
おくそく,憶測、臆測,おくそく
ぐはんしょうねん,虞犯少年,ぐはんしょうねん
おそれ,虞,おそれ
しゃにん（任務を辞めること。）,卸任,しゃにん（任務を辞めること。）
ぬるい、ぬくい,温い,ぬるい、ぬくい