ころう（殿堂の屋根の高くとがり出たかど。）,觚稜,ころう（殿堂の屋根の高くとがり出たかど。）,524,0.000303785
こうじょ（控除。）,扣除,こうじょ（控除。）,550,0.001478685
こうこう（心臓と膈膜との間の部分。）,膏肓,こうこう（心臓と膈膜との間の部分。）,556,0.002105546
りょこう（村里。）,閭巷,りょこう（村里。）,1580,0.002458349
たんせき（上着をぬぎ、肩をあらわすこと。はだぬぎ。）,袒裼,たんせき（上着をぬぎ、肩をあらわすこと。はだぬぎ。）,1091,0.003264647
てきちょう（米の売買。）,糴糶,てきちょう（米の売買。）,1174,0.003639006
けつじょう（くさびがた。）,楔状,けつじょう（くさびがた。）,965,0.003660675
しゃくもん（法華経二八品の中で、序品から安楽行品までの前半の一四品のこと。）,迹門,しゃくもん（法華経二八品の中で、序品から安楽行品までの前半の一四品のこと。）,951,0.004163737
じょうぜつ（口数が多いこと。）,饒舌,じょうぜつ（口数が多いこと。）,880,0.005432862
とっさ（一瞬のこと。）,咄嗟,とっさ（一瞬のこと。）,1251,0.007588111
そうれき（かいばおけ。）,槽櫪,そうれき（かいばおけ。）,1614,0.008456009
そう（小さい舟を数えるのに用いる助数詞。）,艘,そう（小さい舟を数えるのに用いる助数詞。）,1040,0.00983265
ぶんらん（秩序・規律・道徳などがみだれること。）,紊乱,ぶんらん（秩序・規律・道徳などがみだれること。）,1399,0.009928201
けいがん（厨子を開いて、中の仏像を拝ませること。）,啓龕,けいがん（厨子を開いて、中の仏像を拝ませること。）,285,0.011373466
むげ,無礙,むげ,208,0.014917157
せめぐ,鬩ぐ,せめぐ,464,0.015205035
あえぐ,喘ぐ,あえぐ,1007,0.015439997
たんか（物語詩。）,譚歌,たんか（物語詩。）,1104,0.017071996
しんぎん（苦しんでうめくこと。なやみ苦しむこと。）,呻吟,しんぎん（苦しんでうめくこと。なやみ苦しむこと。）,894,0.017377072
どきゅう（いしゆみ。）,弩弓,どきゅう（いしゆみ。）,1209,0.018034599
でんぶ（おしり。）,臀部,でんぶ（おしり。）,1200,0.018271564
すがる,縋る,すがる,1150,0.018736154
いだてん,韋駄天,いだてん,35,0.018902065
あさり（貝類。）,鯏,あさり（貝類。）,75,0.01958788
ぞうふ（喪のある家に贈る進物。）,贈賻,ぞうふ（喪のある家に贈る進物。）,1380,0.020235884
ひんしゅく,顰蹙,ひんしゅく,798,0.021016237
いやしくも,苟も,いやしくも,561,0.021307817
しんしん（官位・身分の高い人。）,縉紳,しんしん（官位・身分の高い人。）,906,0.021454459
そうしゅう（なつめと、干し肉。）,棗脩,そうしゅう（なつめと、干し肉。）,782,0.022697274
さくさん（虫。）,柞蚕,さくさん（虫。）,671,0.023029505
ちん（犬。）,狆,ちん（犬。）,1115,0.023036595
わいせつ,猥褻,わいせつ,967,0.023504439
ひいき,贔屓,ひいき,320,0.024260579
がいく（ちまた。まち。）,街衢,がいく（ちまた。まち。）,421,0.024357179
こうし（かぶら矢。）,嚆矢,こうし（かぶら矢。）,604,0.024744659
めいてい（酔っぱらった状態。）,酩酊,めいてい（酔っぱらった状態。）,1157,0.024926583
かいだ（なまける。）,懈惰,かいだ（なまける。）,193,0.027028203
めいえん（茶会。）,茗宴,めいえん（茶会。）,1493,0.027391429
青天の「へきれき」,霹靂,青天の「へきれき」,1417,0.029231084
おとがい、あご,頤,おとがい、あご,45,0.029510749
はじかみ,薑,はじかみ,377,0.031346658
たんりゅう（水の勢いが強くはやい流れ。）,湍流,たんりゅう（水の勢いが強くはやい流れ。）,1095,0.032841605
わびさび,侘び寂び,わびさび,1059,0.033529987
びまん（風潮などが広がりはびこること。）,瀰漫,びまん（風潮などが広がりはびこること。）,1341,0.035912398
がいてい（乳児。）,孩提,がいてい（乳児。）,200,0.036177068
べんぱつ,辮髪,べんぱつ,1435,0.036594824
きんえき（よろこぶ。）,欣懌,きんえき（よろこぶ。）,99,0.037428039
しゅうへき（しわと、ひだ。）,皺襞,しゅうへき（しわと、ひだ。）,787,0.03813489
どうこく（ひどく悲しみ、大声をあげて泣くこと。なげく。）,慟哭,どうこく（ひどく悲しみ、大声をあげて泣くこと。なげく。）,1239,0.03919158
しゅんぽう（山や岩のひだを立体的に描く筆づかい。）,皴法,しゅんぽう（山や岩のひだを立体的に描く筆づかい。）,803,0.039830228
こうちゅう（いなご。）,蝗虫,こうちゅう（いなご。）,602,0.040379202
しんさん（下着。）,襯衫,しんさん（下着。）,909,0.040796053
とういす（トウの茎を編んで作ったいす。）,籐椅子,とういす（トウの茎を編んで作ったいす。）,1236,0.041261877
もみけす,揉み消す,もみけす,792,0.043193004
こうば（ののしり、はずかしめること。）,詬罵,こうば（ののしり、はずかしめること。）,591,0.043369976
ようま（小さいこと。）,幺麼,ようま（小さいこと。）,1518,0.043763506
あいきょう（かわいらしい。）,愛嬌,あいきょう（かわいらしい。）,370,0.044990705
そうろう（あおあおと澄んだなみの色。）,滄浪,そうろう（あおあおと澄んだなみの色。）,1026,0.046060115
ここ（乳飲み子の泣く声。）,呱呱,ここ（乳飲み子の泣く声。）,516,0.046523227
きく（険しいこと。 容易でないこと。）,崎嶇,きく（険しいこと。 容易でないこと。）,415,0.04721619
かくしゅ（解雇。）,馘首,かくしゅ（解雇。）,220,0.047881106
せんじょ（月にすむというヒキガエル。）,蟾蜍,せんじょ（月にすむというヒキガエル。）,993,0.048303859
きゆ（身分不相応のことをのぞみねがうこと。）,覬覦,きゆ（身分不相応のことをのぞみねがうこと。）,313,0.048380826
きんたん（争いの糸口。）,釁端,きんたん（争いの糸口。）,406,0.048657895
ようせい（わかくして死ぬこと。）,夭逝,ようせい（わかくして死ぬこと。）,1519,0.048937279
けいぼく（にわとり。）,鶏鶩,けいぼく（にわとり。）,1478,0.050138884
きょうてい（箱の底。）,篋底,きょうてい（箱の底。）,371,0.051191955
ちはく（たましいをうばうこと。）,褫魄,ちはく（たましいをうばうこと。）,1109,0.051371485
ちんにゅう（突然、無断で入りこんでくること。）,闖入,ちんにゅう（突然、無断で入りこんでくること。）,1149,0.051666684
えんまん（どこまでも広がる様。）,衍曼,えんまん（どこまでも広がる様。）,1485,0.05238984
ちゅうりょ（仲間。ともがら。）,儔侶,ちゅうりょ（仲間。ともがら。）,1122,0.054527977
せつだん（切断。）,截断,せつだん（切断。）,966,0.05531436
こうが（月にすむという美女。）,?娥,こうが（月にすむという美女。）,171,0.055749619
すする,啜る,すする,961,0.056010667
さいろう（ヤマイヌとオオカミ。転じて、欲深く無慈悲な人のたとえ。）,犲狼、豺狼,さいろう（ヤマイヌとオオカミ。転じて、欲深く無慈悲な人のたとえ。）,658,0.056242166
和気「あいあい」,藹藹,和気「あいあい」,14,0.056291069
かんぷ（心に深く感じること。）,感孚,かんぷ（心に深く感じること。）,1369,0.056710489
頭脳「めいせき」,明晰,頭脳「めいせき」,953,0.057825764
しき（他人をそしること。）,刺譏,しき（他人をそしること。）,317,0.057843203
フリョ、とりこ,俘虜、俘,フリョ、とりこ,1371,0.057900302
こんてい（土台をなし、よりどころとなっている所・事柄。）,根柢,こんてい（土台をなし、よりどころとなっている所・事柄。）,1156,0.05835133
とき（戦場などで士気を高めるために、一斉にあげる声。）,鬨,とき（戦場などで士気を高めるために、一斉にあげる声。）,607,0.058937494
ふくいく（香りの高いさま。）,馥郁,ふくいく（香りの高いさま。）,1391,0.059241674
りりょう（黒色の竜。）,驪竜,りりょう（黒色の竜。）,1572,0.059370528
かったつ（心が広く、物事にこだわらないようす。）,豁達、闊達,かったつ（心が広く、物事にこだわらないようす。）,235,0.060235237
たくけい（はりつけ。）,磔刑,たくけい（はりつけ。）,1080,0.060463954
そうれい（窓につけた格子。）,窓櫺,そうれい（窓につけた格子。）,1611,0.061559819
ぎか、ぎわ（太陽。）,羲和,ぎか、ぎわ（太陽。）,322,0.062059171
けってき（えぐりだすこと。）,抉剔,けってき（えぐりだすこと。）,468,0.062279876
ぼんぜい（寺院の境内。）,梵砌,ぼんぜい（寺院の境内。）,1481,0.06306242
たいき（大きな道。）,大逵,たいき（大きな道。）,300,0.063627623
かし（はでやかに飾り、ぜいたくなこと。）,華侈,かし（はでやかに飾り、ぜいたくなこと。）,701,0.064589987
しぎん（歯ぐき。）,歯齦,しぎん（歯ぐき。）,408,0.066209392
ぎしゅう（かじをそろえて、船出の用意をすること。）,艤楫,ぎしゅう（かじをそろえて、船出の用意をすること。）,783,0.066497466
しんねん（憂え思うこと。）,軫念,しんねん（憂え思うこと。）,899,0.067844965
きしゅう（旅で感じるわびしさ。）,羇愁、羈愁,きしゅう（旅で感じるわびしさ。）,319,0.068912286
しんこ（白米を水にさらしたのち、日に乾かして粉にしたもの。 ）,?粉,しんこ（白米を水にさらしたのち、日に乾かして粉にしたもの。 ）,687,0.06894604
すいたつ（むちうつ。 ）,捶撻,すいたつ（むちうつ。 ）,1084,0.06951999
バッカン、むぎわら,麦稈,バッカン、むぎわら,259,0.070471216
トウバク、すり,掏摸,トウバク、すり,1213,0.070986701
びしょう（眉とまつ毛。 極めて近い距離。）,眉睫,びしょう（眉とまつ毛。 極めて近い距離。）,840,0.071082562
えんこう（猿類の総称。）,猿猴,えんこう（猿類の総称。）,579,0.071609045
こけん（人の値打ち。）,沽券、估券,こけん（人の値打ち。）,514,0.074580019
いつじ（世にあまり知られていない、隠れた事実。逸事とも。）,軼事,いつじ（世にあまり知られていない、隠れた事実。逸事とも。）,57,0.075114091
い（植物。）,藺,い（植物。）,1597,0.075237539
たんたん（水を深くたたえているさま。 ）,潭潭,たんたん（水を深くたたえているさま。 ）,1099,0.07539073
どうもう（性質が荒っぽくたけだけしいこと。）,獰猛,どうもう（性質が荒っぽくたけだけしいこと。）,1245,0.075422513
かんこ（しおからい湖。）,鹹湖,かんこ（しおからい湖。）,279,0.075803892
カンカ、るつぼ,坩堝,カンカ、るつぼ,158,0.076319579
しれつ（火勢が強いように、勢いが激しくさかんなこと。）,熾烈,しれつ（火勢が強いように、勢いが激しくさかんなこと。）,734,0.076463401
こうえん（思いがけず急に起こること。）,溘焉,こうえん（思いがけず急に起こること。）,587,0.076640952
けんかく（厳しく調べること。）,検覈,けんかく（厳しく調べること。）,222,0.077399064
あくせく、あくさく,齷齪,あくせく、あくさく,18,0.078092087
ふくさ（やちりめんの、儀礼に用いる小形のふろしき。）,帛紗,ふくさ（やちりめんの、儀礼に用いる小形のふろしき。）,1281,0.078317619
こうこう（明るい。）,杲杲,こうこう（明るい。）,558,0.078337507
こうせい（非常にまれなこと。）,曠世,こうせい（非常にまれなこと。）,611,0.07843168
かいらくえん,偕楽園,かいらくえん,179,0.079377914
りょうし（すきなどの農具。）,良耜,りょうし（すきなどの農具。）,717,0.079687928
びらん（ただれ崩れること。）,糜爛,びらん（ただれ崩れること。）,1339,0.080143246
なんご（男女の仲むつまじいささやきあい。）,喃語,なんご（男女の仲むつまじいささやきあい。）,1255,0.080388094
げきぜつ（モズの鳴き声の意から、意味が分からないために、ただやかましく聞こえる外国の言葉。）,鴃舌,げきぜつ（モズの鳴き声の意から、意味が分からないために、ただやかましく聞こえる外国の言葉。）,460,0.080740654
わんげつ（弓のような形の月。）,彎月,わんげつ（弓のような形の月。）,1644,0.08077621
はさみ,鋏,はさみ,372,0.081589285
えんじいろ,臙脂色,えんじいろ,125,0.082291561
おうさつ（みなごろし。）,鏖殺,おうさつ（みなごろし。）,142,0.083517128
そうよく（入浴して身体をきよめること。）,澡浴,そうよく（入浴して身体をきよめること。）,1038,0.083912519
みお（海や川で、水が流れる道すじ。）,澪,みお（海や川で、水が流れる道すじ。）,1606,0.084024521
らっぱ,喇叭,らっぱ,1551,0.08415607
かがりび,篝火,かがりび,605,0.084491701
しょうえん（毒気や悪気を含む霧・もや。）,瘴煙,しょうえん（毒気や悪気を含む霧・もや。）,851,0.085172419
おうろう（高く狭い地。）,甌窶,おうろう（高く狭い地。）,418,0.085616956
へんぺい（平ら。）,扁平,へんぺい（平ら。）,1422,0.086939444
たくましい,逞しい,たくましい,1161,0.08811826
ほふる,屠る,ほふる,1203,0.089323834
せんもう（意識障害の一種。）,譫妄,せんもう（意識障害の一種。）,995,0.089415045
おうと（はくこと。）,嘔吐,おうと（はくこと。）,135,0.090043235
かすがい,鎹,かすがい,226,0.090200567
ていい（涙と鼻しる。）,涕洟,ていい（涙と鼻しる。）,32,0.091449362
ひょうかく（芸者買いをする男。）,嫖客,ひょうかく（芸者買いをする男。）,1348,0.091498226
けっしょう（血液の成分。）,血漿,けっしょう（血液の成分。）,846,0.094151358
へんぽん（旗などがひらひらと風にひるがえるさま。）,翩翻,へんぽん（旗などがひらひらと風にひるがえるさま。）,1427,0.095602962
どうかん（子供。）,童丱,どうかん（子供。）,243,0.096133306
いざりうお,躄魚,いざりうお,1415,0.096876285
まてがい,蟶貝,まてがい,1171,0.097005885
あうん,阿吽,あうん,616,0.09758959
ふげき（かんなぎの総称。）,巫覡,ふげき（かんなぎの総称。）,1370,0.097784154
どうこう（手すきで田畑の雑草を除き、耕すこと。）,耨耕,どうこう（手すきで田畑の雑草を除き、耕すこと。）,1244,0.097926399
がいあん（世の中が治まって安らかなこと。）,乂安、艾安,がいあん（世の中が治まって安らかなこと。）,197,0.098060717
ていしゅう（編集する。）,綴緝,ていしゅう（編集する。）,788,0.098264323
しんこう（はまぐり。）,蜃蛤,しんこう（はまぐり。）,902,0.098645022
こうしん（精神や神経がたかぶり、病状などが進行すること。）,亢進,こうしん（精神や神経がたかぶり、病状などが進行すること。）,548,0.099942869
せきれき（落ち葉などがたてる寂しげな音のさま。）,淅瀝,せきれき（落ち葉などがたてる寂しげな音のさま。）,952,0.100727355
ぼうだ（涙がとめどなく流れ落ちるさま。）,滂沱,ぼうだ（涙がとめどなく流れ落ちるさま。）,1064,0.100926675
あっぱれ,遖,あっぱれ,22,0.101423578
せんぜい（せみのぬけがら。）,?蛻,せんぜい（せみのぬけがら。）,947,0.104060306
かりゅう（つぶ。）,顆粒,かりゅう（つぶ。）,169,0.104148329
がいがい（雪や霜などで、あたり一面が白く見えるさま。）,皚皚,がいがい（雪や霜などで、あたり一面が白く見えるさま。）,206,0.105649447
あざ,痣,あざ,720,0.106283314
えんきょく（遠回し。）,婉曲,えんきょく（遠回し。）,110,0.106290161
るじゅつ（こまごまと述べること。）,縷述,るじゅつ（こまごまと述べること。）,1598,0.107135575
だいせん（書物の名を書いて表紙にはる紙・布。）,題簽,だいせん（書物の名を書いて表紙にはる紙・布。）,992,0.107856375
かんじき、そり,橇,かんじき、そり,375,0.108064643
やぶさか,吝か,やぶさか,1587,0.109406275
人口に「かいしゃ」する,膾炙,人口に「かいしゃ」する,195,0.111056469
ホウカン、たいこもち,?間,ホウカン、たいこもち,1461,0.111371835
ようしん（皮膚にできる吹き出物。）,痒疹,ようしん（皮膚にできる吹き出物。）,1529,0.11216058
けいせつ（体を折り曲げること。）,磬折,けいせつ（体を折り曲げること。）,445,0.113040872
かき（花の咲く、くさ。）,花卉,かき（花の咲く、くさ。）,287,0.113745474
させい（しわがれ声。）,嗄声,させい（しわがれ声。）,652,0.114276518
ひこう（しいなと、ぬか。）,秕糠,ひこう（しいなと、ぬか。）,1313,0.11488301
ひたき（鳥。）,鶲,ひたき（鳥。）,145,0.115431187
つぐむ,噤む,つぐむ,401,0.115695405
ほうてき（なげうつこと。ほうってしまうこと。）,抛擲,ほうてき（なげうつこと。ほうってしまうこと。）,1439,0.116580428
じょうこう（城と濠。）,城隍,じょうこう（城と濠。）,585,0.116634644
てきがいしん,敵愾心,てきがいしん,204,0.117544915
つぼみ,蕾,つぼみ,1547,0.117978957
ぎが（山などの高くそびえるさま。）,巍峨,ぎが（山などの高くそびえるさま。）,325,0.118824368
せんてん（丁重にもてなす。）,洗腆,せんてん（丁重にもてなす。）,1187,0.118893711
さぞ,嘸,さぞ,1382,0.119473144
セイレイ、とんぼ,蜻蛉,セイレイ、とんぼ,938,0.12035912
たすき,襷,たすき,1082,0.122032849
あいだい（船頭のかけ声。）,欸乃,あいだい（船頭のかけ声。）,10,0.122164351
ごうゆう（気ままにあそび楽しむこと。）,遨遊,ごうゆう（気ままにあそび楽しむこと。）,621,0.122293744
こうそ（天皇の位。）,皇祚,こうそ（天皇の位。）,1013,0.122365639
ひかん（身体が痩せ、腹がふくれてくる小児病。）,脾疳,ひかん（身体が痩せ、腹がふくれてくる小児病。）,254,0.122701471
ずいずい（恐れおののいて、びくびくするさま。）,惴惴,ずいずい（恐れおののいて、びくびくするさま。）,927,0.122705781
とうじょう（勢いよくとびあがること。）,騰驤,とうじょう（勢いよくとびあがること。）,883,0.124181879
ききん（食糧不足。）,饑饉,ききん（食糧不足。）,318,0.124962709
こわくてき,蠱惑的,こわくてき,536,0.12514728
しゅじゅ（身長がきわめて低い人。）,侏儒,しゅじゅ（身長がきわめて低い人。）,771,0.126171083
がいせつ（ぴたりとあうこと。適切なこと。）,剴切,がいせつ（ぴたりとあうこと。適切なこと。）,203,0.127914282
じゅうたん,絨毯,じゅうたん,793,0.128099572
しし（物事に熱心に励むさま。）,孳孳,しし（物事に熱心に励むさま。）,746,0.128981742
こんよう（照り輝くこと。）,焜燿,こんよう（照り輝くこと。）,1537,0.129514863
かつもく（注意してよく見ること。）,刮目,かつもく（注意してよく見ること。）,228,0.130781567
れいきゅうしゃ,霊柩車,れいきゅうしゃ,337,0.130809515
こたつ（あったかい。）,炬燵,こたつ（あったかい。）,346,0.131285727
そうこう（船倉に荷物を出し入れするため、甲板にあけた四角い穴。）,艙口,そうこう（船倉に荷物を出し入れするため、甲板にあけた四角い穴。）,1039,0.131419774
もつれる,縺れる,もつれる,1618,0.131420201
かくたん（たんをはくこと。）,喀痰,かくたん（たんをはくこと。）,214,0.131455899
とうつう（ずきずきとうずくように痛むこと。）,疼痛,とうつう（ずきずきとうずくように痛むこと。）,1211,0.131487099
しょうけつ（悪い事がはびこること。）,猖獗,しょうけつ（悪い事がはびこること。）,476,0.131821691
しんしん（時間や物事の進みが早いさま。）,駸駸,しんしん（時間や物事の進みが早いさま。）,908,0.132301449
「べき」級数,冪,「べき」級数,1419,0.132890641
ないまぜ,綯い交ぜ,ないまぜ,1222,0.133043694
かっきん（職務に励むこと。）,恪勤,かっきん（職務に励むこと。）,210,0.133048645
ぎゃくしつ（おこり。病。）,瘧疾,ぎゃくしつ（おこり。病。）,330,0.13358885
えいてつ（明るく透きとおっていること。）,瑩徹,えいてつ（明るく透きとおっていること。）,86,0.134789319
じょうし（便所にはいること。）,上廁,じょうし（便所にはいること。）,718,0.135769726
かいぎゃく（ユーモア。）,諧謔,かいぎゃく（ユーモア。）,331,0.136606901
てんぜん（あつかましいさま。）,靦然,てんぜん（あつかましいさま。）,1194,0.136849407
ぐふう（強風や暴風。）,颶風,ぐふう（強風や暴風。）,422,0.138190111
じんぜん（なすこともなく、段々に月日がたつさま。）,荏苒,じんぜん（なすこともなく、段々に月日がたつさま。）,1005,0.138519857
くんぜん（酔う。）,醺然,くんぜん（酔う。）,432,0.139005232
してい（律令制で中央官庁や貴人の家の雑役に従事した者のうち、炊事役の者。）,廝丁,してい（律令制で中央官庁や貴人の家の雑役に従事した者のうち、炊事役の者。）,731,0.13976931
そまびと（きこり。）,杣人,そまびと（きこり。）,1054,0.140170868
あいたい（雲が空をおおって暗いさま。）,靉靆,あいたい（雲が空をおおって暗いさま。）,16,0.141509016
はり（ガラスの別称。）,玻璃,はり（ガラスの別称。）,1265,0.141888514
かすり,絣,かすり,1452,0.142777095
しゅんぐ（無知でおろかなこと。）,蠢愚,しゅんぐ（無知でおろかなこと。）,805,0.14484024
いきち（刺激の最小値。）,閾値,いきち（刺激の最小値。）,52,0.145940095
ていげん（かなえの両耳にかけ渡した、金属製のとって。）,鼎鉉,ていげん（かなえの両耳にかけ渡した、金属製のとって。）,510,0.146287027
ぼうだい（非常に大きいさま。）,尨大、厖大,ぼうだい（非常に大きいさま。）,1465,0.146367314
しごう（おくりな。）,諡号,しごう（おくりな。）,738,0.148120498
せんけん（専権。）,擅権,せんけん（専権。）,985,0.148225368
とうかい（才能・地位・形跡などをつつみ隠すこと。）,韜晦,とうかい（才能・地位・形跡などをつつみ隠すこと。）,1235,0.148243082
こうり（墓地。）,蒿里,こうり（墓地。）,590,0.150851483
らいかい（胸中に積もっている悲憤慷慨の気持。）,磊嵬、磊?,らいかい（胸中に積もっている悲憤慷慨の気持。）,186,0.151241146
こんずい（人を頼り、後ろについていくこと。）,跟随,こんずい（人を頼り、後ろについていくこと。）,641,0.153290629
さんだつ（心を痛め悲しむさま。）,惨怛,さんだつ（心を痛め悲しむさま。）,1087,0.153659118
さんしょううお,鯢,さんしょううお,455,0.153746748
しょうり（やわらげおさめること。）,燮理,しょうり（やわらげおさめること。）,856,0.153967111
ついじょう（あとを追いかけること。）,追躡,ついじょう（あとを追いかけること。）,881,0.154031899
せきぞく（やじり。）,石鏃,せきぞく（やじり。）,1053,0.154258679
ひょうかん（動作がすばやく、気性がきつくて強いこと。）,慓悍、剽悍,ひょうかん（動作がすばやく、気性がきつくて強いこと。）,1349,0.154496638
さんてん（いただき。）,山巓,さんてん（いただき。）,1197,0.15637395
もぐさ、よもぎ,艾,もぐさ、よもぎ,198,0.157201432
うわばみ,蠎、蠎蛇,うわばみ,1474,0.157392643
ぜんまい,薇,ぜんまい,1338,0.158058857
ぼうてつ（おいぼれること。）,耄耋,ぼうてつ（おいぼれること。）,1179,0.158525051
えんえん（ヘビなどがうねり進むようす。）,蜿蜒,えんえん（ヘビなどがうねり進むようす。）,116,0.158710546
くちなし,梔,くちなし,715,0.158904769
どたい（のろいウマ。）,駑駘,どたい（のろいウマ。）,1210,0.158975256
はそう（つめでかくこと。）,爬?,はそう（つめでかくこと。）,1264,0.159275469
わし（一人称。）,儂,わし（一人称。）,1240,0.160088164
やくこう（のどをしめつけること。）,扼喉,やくこう（のどをしめつけること。）,1506,0.160148354
みぞれ,霙,みぞれ,88,0.160385603
へいか（リンゴの果実。）,苹果,へいか（リンゴの果実。）,1402,0.160585989
せいちゅう（そばから干渉して自由な活動を妨げること。）,掣肘,せいちゅう（そばから干渉して自由な活動を妨げること。）,933,0.161071243
どくろ、されこうべ,髑髏,どくろ、されこうべ,1250,0.161248958
けんしゅん（山が高くけわしいこと。）,嶮峻,けんしゅん（山が高くけわしいこと。）,498,0.161633718
はららご、にしん,鯡,はららご、にしん,1334,0.162120074
こんこん（水などが尽きずにあふれでるさま。）,滾滾,こんこん（水などが尽きずにあふれでるさま。）,642,0.162706323
ほのか,仄か,ほのか,1049,0.162768359
こうきん（造物主。）,洪鈞,こうきん（造物主。）,398,0.162891516
ゆうこう（静かな竹藪。たかむら。）,幽篁,ゆうこう（静かな竹藪。たかむら。）,600,0.163462027
けつじょ（欠如。）,闕如,けつじょ（欠如。）,477,0.164416012
ちゅっちょく（功績のない者をしりぞけて、功績のある者を昇官させること。）,黜陟,ちゅっちょく（功績のない者をしりぞけて、功績のある者を昇官させること。）,1127,0.165264404
こめびつ,米櫃,こめびつ,315,0.166498869
いがぐり,毬栗,いがぐり,339,0.166688011
じょうちゅう（扁形動物。）,絛虫,じょうちゅう（扁形動物。）,1220,0.167040284
めいが（虫。）,螟蛾,めいが（虫。）,1496,0.167353402
しんかん（天子がみずから書いた文書。）,宸翰,しんかん（天子がみずから書いた文書。）,896,0.168860945
もたらす,齎す,もたらす,943,0.169956477
ぎてつ（ありづか。）,蟻垤,ぎてつ（ありづか。）,1178,0.170006338
しんしん（草木の葉が盛んに生い茂るさま。）,蓁蓁,しんしん（草木の葉が盛んに生い茂るさま。）,901,0.171066255
きぼう（衣食などの足りないこと。）,匱乏,きぼう（衣食などの足りないこと。）,306,0.171862432
かんよう（徐々に育成していくこと。）,涵養,かんよう（徐々に育成していくこと。）,255,0.17226298
ぼういん（広く調べだすこと。）,旁引,ぼういん（広く調べだすこと。）,1440,0.172357629
ゆえつ（のりこえること。）,踰越,ゆえつ（のりこえること。）,1510,0.17435845
効果「てきめん」,覿面,効果「てきめん」,1175,0.175183588
きゅうさん（にわかに降るあられ。）,急霰,きゅうさん（にわかに降るあられ。）,688,0.175702076
たいじ（じっとにらみ合って対立すること。）,対峙,たいじ（じっとにらみ合って対立すること。）,745,0.175934642
れきせき（つぶて。）,礫石,れきせき（つぶて。）,1615,0.176356124
かつま（作業。）,羯磨,かつま（作業。）,233,0.176641612
じゅばん（和服用の下着。）,襦袢,じゅばん（和服用の下着。）,780,0.176661401
ふんゆ（ニレの木。）,枌楡,ふんゆ（ニレの木。）,1398,0.176785713
そじょう（まないたの上。）,俎上,そじょう（まないたの上。）,1010,0.177082089
じんう（体の器官。）,腎盂,じんう（体の器官。）,69,0.178223642
どうかつ（人を脅す。）,恫?,どうかつ（人を脅す。）,183,0.178687678
えくぼ,靨,えくぼ,1541,0.179133457
ふつぜん（むっとして怒りを表すさま。）,怫然,ふつぜん（むっとして怒りを表すさま。）,1394,0.179632588
へいもん（贈り物をたずさえて訪問する。）,聘問,へいもん（贈り物をたずさえて訪問する。）,1407,0.179890397
まんさん（よろめきながら歩くさま。）,蹣跚,まんさん（よろめきながら歩くさま。）,1304,0.180655677
もみ（植物。）,樅,もみ（植物。）,845,0.181932568
ごうり（ほんの少しであること。）,毫釐,ごうり（ほんの少しであること。）,617,0.182410676
はんちゅう（範囲。）,範疇,はんちゅう（範囲。）,1123,0.182930536
くすぶる,燻ぶる,くすぶる,429,0.184211057
しびん（病人などが寝たままで排尿できるようにした容器。）,溲瓶,しびん（病人などが寝たままで排尿できるようにした容器。）,784,0.185449945
けんとつ（すすけて黒くなった煙突。）,黔突,けんとつ（すすけて黒くなった煙突。）,499,0.185587656
へいり（やぶれたはきもの。）,敝履,へいり（やぶれたはきもの。）,1406,0.186152251
ばいしゃく（結婚をとりもつこと。）,媒酌、媒妁,ばいしゃく（結婚をとりもつこと。）,762,0.186184792
そんきょ,蹲踞,そんきょ,1058,0.186586592
ばくふ（大きくて勢いのある滝。）,瀑布,ばくふ（大きくて勢いのある滝。）,1291,0.187029581
虎視「たんたん」,眈眈,虎視「たんたん」,1089,0.187534795
ろうがい（肺結核の呼称。）,癆咳,ろうがい（肺結核の呼称。）,1632,0.187652799
「しった」激励,??咤,「しった」激励,1060,0.188167194
コンロ,焜炉,コンロ,639,0.188550336
きりん（麒麟。）,騏驎,きりん（麒麟。）,316,0.189017126
ざんごう（城の周囲のほり。）,塹壕,ざんごう（城の周囲のほり。）,691,0.18961231
かさ（くびかせとくさり。）,枷鎖,かさ（くびかせとくさり。）,150,0.191103947
こうりょう（古代中国の想像上の動物。）,蛟竜,こうりょう（古代中国の想像上の動物。）,584,0.191697718
ていこく（大きな声をあげて泣き叫ぶこと。）,啼哭,ていこく（大きな声をあげて泣き叫ぶこと。）,1162,0.193394754
てんと（みやこをある地に定めること。）,奠都,てんと（みやこをある地に定めること。）,1186,0.19405872
かくしゅ（つかみとること。）,攫取,かくしゅ（つかみとること。）,224,0.194937384
ふるい,篩,ふるい,736,0.195038067
きょうぜん（おそれて心がさわぐさま。）,恟然,きょうぜん（おそれて心がさわぐさま。）,357,0.195378436
かんそう（良くない点を忠告し改めさせようと争うこと。）,諫諍,かんそう（良くない点を忠告し改めさせようと争うこと。）,1036,0.19553538
ひそ（元素。）,砒素,ひそ（元素。）,1312,0.195576244
こんべん（天子の礼服と礼服を着たときにかぶる冠。）,袞冕,こんべん（天子の礼服と礼服を着たときにかぶる冠。）,634,0.195656721
しょうじょ（上級の官位に任用されること。）,陞叙,しょうじょ（上級の官位に任用されること。）,831,0.196611124
しちょう（猛禽。）,鷙鳥,しちょう（猛禽。）,743,0.197105539
けんれい（あやまち。）,愆戻,けんれい（あやまち。）,489,0.197795067
しびょう（祖先や先人を、神としてまつった建物。）,祀廟,しびょう（祖先や先人を、神としてまつった建物。）,703,0.200129285
じょじょうし（作者の感動や情緒を主題としてのべた詩。）,抒情詩,じょじょうし（作者の感動や情緒を主題としてのべた詩。）,818,0.200753295
かつぜん（金石など硬い物が触れ合うときの高く鋭い音。）,戛然,かつぜん（金石など硬い物が触れ合うときの高く鋭い音。）,229,0.201093095
ねぶる,舐る,ねぶる,713,0.202213597
ういきょう（植物。）,茴香,ういきょう（植物。）,74,0.20298775
えんしょう（猿の声。）,猿嘯,えんしょう（猿の声。）,850,0.203094631
らんよ（あじろかご。）,籃輿,らんよ（あじろかご。）,1559,0.203405173
ほうげつ（芽生えとひこばえ。）,萌?,ほうげつ（芽生えとひこばえ。）,480,0.20433872
りこう（ウシにすきを引かせて田畑を耕すこと。）,犂耕,りこう（ウシにすきを引かせて田畑を耕すこと。）,1568,0.204718349
のし、ひのし,熨,のし、ひのし,41,0.20472648
こか（またのした。）,胯下,こか（またのした。）,519,0.205239842
とっけつ（遊牧民。）,突厥,とっけつ（遊牧民。）,472,0.205302182
ひょう（氷塊。）,雹,ひょう（氷塊。）,1283,0.206297886
かも、けり（鳥。）,鳧,かも、けり（鳥。）,1377,0.206312619
たで（植物。）,蓼,たで（植物。）,1584,0.20637665
やや（副詞。）,稍,やや（副詞。）,837,0.206565917
さが（木や石が角ばって、突き出たりからんだりしているさま。）,槎牙,さが（木や石が角ばって、突き出たりからんだりしているさま。）,653,0.20696127
かふ（座禅をするときの足の組み方。）,跏趺,かふ（座禅をするときの足の組み方。）,159,0.207692783
ろかく（戦場で、敗北した敵から軍用品や兵器などを奪うこと。）,鹵獲,ろかく（戦場で、敗北した敵から軍用品や兵器などを奪うこと。）,1620,0.209076706
けいがん（慧眼。）,炯眼,けいがん（慧眼。）,435,0.209699813
カキョ、ちさ（レタス。）,萵苣,カキョ、ちさ（レタス。）,344,0.2102151
「しゅくすい」の歓（貧しい生活を送りながらも孝養に励んで、親を喜ばせること。）,菽水,「しゅくすい」の歓（貧しい生活を送りながらも孝養に励んで、親を喜ばせること。）,797,0.210930185
ろうこう（せま苦しく、きたない街。）,陋巷,ろうこう（せま苦しく、きたない街。）,1627,0.212984231
がくぜん（はなはだしくおどろくさま。）,愕然,がくぜん（はなはだしくおどろくさま。）,236,0.213165002
げいご（うわごと。）,囈語,げいご（うわごと。）,458,0.213258954
だかつ（へびとさそり。人が非常に忌み嫌うもののたとえ。）,蛇蝎,だかつ（へびとさそり。人が非常に忌み嫌うもののたとえ。）,234,0.213978259
しゅし（２つの川の名前。 流域で孔子が弟子たちに道を講じた。 孔子の学問。）,洙泗,しゅし（２つの川の名前。 流域で孔子が弟子たちに道を講じた。 孔子の学問。）,702,0.214911502
ぎょくぜん（ひときわ高くそびえているさま。）,嶷然,ぎょくぜん（ひときわ高くそびえているさま。）,323,0.217400447
きくじん（罪を取り調べてただすこと。）,鞫訊,きくじん（罪を取り調べてただすこと。）,326,0.217439153
ラッコ、ざりがに,?蛄,ラッコ、ざりがに,1552,0.218481636
じくろ（船首と船尾。）,舳艫,じくろ（船首と船尾。）,751,0.219134904
ていぼう（楽しんで見物すること。）,騁望,ていぼう（楽しんで見物すること。）,1170,0.219483887
らそつ（巡査。）,邏卒,らそつ（巡査。）,1543,0.219717897
かいびゃく（天地のはじめ。）,開闢,かいびゃく（天地のはじめ。）,1416,0.22005116
ひょうが（無謀な行動のたとえ。）,馮河,ひょうが（無謀な行動のたとえ。）,1346,0.220286014
かくらん（日射病。）,霍乱、癨乱,かくらん（日射病。）,217,0.221826952
しゅんじゅん（決断をためらって、ぐずぐずすること。）,逡巡,しゅんじゅん（決断をためらって、ぐずぐずすること。）,802,0.222547965
しゅうきょう（こおろぎ。）,秋蛩,しゅうきょう（こおろぎ。）,364,0.224249503
ほうれんそう,菠薐草,ほうれんそう,1266,0.224572913
めいらん（天子の車につける鈴。）,鳴鑾,めいらん（天子の車につける鈴。）,1564,0.224727835
ぜんぜん（だんだん行き進んでうつりかわるようす。）,冉冉,ぜんぜん（だんだん行き進んでうつりかわるようす。）,1004,0.225370333
つんざく、さく,劈く,つんざく、さく,1414,0.225869803
えんぜん（艶然とも。）,嫣然,えんぜん（艶然とも。）,115,0.22643547
けっさ（いつわりあざむくこと。）,譎詐,けっさ（いつわりあざむくこと。）,478,0.226750481
はぜ（植物。）,櫨,はぜ（植物。）,1623,0.226775949
ぎょうり（人情が薄いこと。）,澆漓,ぎょうり（人情が薄いこと。）,385,0.226955709
きき（いみきらうこと。）,諱忌,きき（いみきらうこと。）,314,0.228335955
きょくせき（おそるおそる歩くこと。非常におそれるさま。）,跼蹐,きょくせき（おそるおそる歩くこと。非常におそれるさま。）,391,0.22846892
ようちょう（美しくしとやかであるさま。）,窈窕,ようちょう（美しくしとやかであるさま。）,1136,0.228865194
はくぎょく（あらたま。）,璞玉,はくぎょく（あらたま。）,1285,0.228940822
こうしょう（一貫目以上の重い物を測るのに用いる。 桿の上の紐に棒を通し、二人で担って測る。ちぎり。）,杠秤,こうしょう（一貫目以上の重い物を測るのに用いる。 桿の上の紐に棒を通し、二人で担って測る。ちぎり。）,553,0.229111246
しれい（きびをついてつくったもち。）,粢糲,しれい（きびをついてつくったもち。）,1609,0.229200263
もたれる,凭れる,もたれる,1345,0.229244144
ヤード,碼,ヤード,1492,0.2292938
てにをは,弖爾乎波,てにをは,1153,0.231046645
こううん（田畑をたがやすこと。）,耕耘,こううん（田畑をたがやすこと。）,77,0.231643235
ひひ（動物。）,狒狒,ひひ（動物。）,1311,0.232800013
きゅうこ（しゅうととしゅうとめ。）,舅姑,きゅうこ（しゅうととしゅうとめ。）,343,0.233412738
ぎょうめい（強いという評判。）,驍名,ぎょうめい（強いという評判。）,388,0.2344894
しんかん（強いショックで震え動くこと。）,震撼,しんかん（強いショックで震え動くこと。）,270,0.234607564
ひえき（おぎなって利益を与えること。）,裨益,ひえき（おぎなって利益を与えること。）,1322,0.235475185
さんじょ（雑草などをかり、取り除くこと。）,芟除,さんじょ（雑草などをかり、取り除くこと。）,682,0.236469119
じょうだ（しなやかなさま。）,嫋娜,じょうだ（しなやかなさま。）,875,0.236706965
らんしょう（ものの始まり。）,濫觴,らんしょう（ものの始まり。）,861,0.237107734
たんか（威勢よく、歯切れのよい言葉。）,啖呵,たんか（威勢よく、歯切れのよい言葉。）,1092,0.238143267
かいらん（舟のともづなをといて出発すること。）,解纜,かいらん（舟のともづなをといて出発すること。）,1563,0.238466848
こうてん（大空。）,昊天,こうてん（大空。）,559,0.239801888
ぼつねん（没年。）,歿年,ぼつねん（没年。）,1479,0.24001705
えんぶだい（現世。）,閻浮提,えんぶだい（現世。）,119,0.240164893
そうめつ（すっかりほろぼすこと。）,剿滅、勦滅,そうめつ（すっかりほろぼすこと。）,1025,0.24025597
きんかん（にぎやかによろこぶ。）,欣驩,きんかん（にぎやかによろこぶ。）,283,0.240531575
はいたか（鳥。）,鷂,はいたか（鳥。）,1539,0.241178385
ちょうばい（せり売りすること。）,糶売,ちょうばい（せり売りすること。）,1145,0.24181548
あんぜん（悲しみでくらく沈んでいるさま。）,黯然,あんぜん（悲しみでくらく沈んでいるさま。）,29,0.243075842
えいいき（はかば。）,塋域,えいいき（はかば。）,85,0.243579568
ろうし（指折り数えること。）,僂指,ろうし（指折り数えること。）,1628,0.244056482
かいこ（打楽器。）,揩鼓,かいこ（打楽器。）,184,0.245022287
いぜんけい,已然形,いぜんけい,30,0.24531234
おういつ（満ちあふれること。）,汪溢,おういつ（満ちあふれること。）,130,0.245862528
かんえい（かんむりのひも。役人の身分をいう。）,冠纓,かんえい（かんむりのひも。役人の身分をいう。）,94,0.246068786
ちこう（穴ぐら。）,地窖,ちこう（穴ぐら。）,580,0.246443906
じんめつ（燃えて無くなること。）,燼滅,じんめつ（燃えて無くなること。）,913,0.246565093
はくぎ（他人の意見を批判してただすこと。）,駮議,はくぎ（他人の意見を批判してただすこと。）,1286,0.247407883
さて,扠,さて,646,0.247840683
きょうわく（うそを言ってまどわすこと。）,誑惑,きょうわく（うそを言ってまどわすこと。）,369,0.24814343
しょうき（主に中国の民間伝承に伝わる道教系の神。）,鍾馗,しょうき（主に中国の民間伝承に伝わる道教系の神。）,296,0.248144717
ほうしん（ヘルペス。）,疱疹,ほうしん（ヘルペス。）,1442,0.248550537
くけだい（裁縫用具の一つ。）,絎台,くけだい（裁縫用具の一つ。）,583,0.248584973
どんちょう（劇場で、巻いて上げ下ろしする厚地の幕。）,緞帳,どんちょう（劇場で、巻いて上げ下ろしする厚地の幕。）,1101,0.248651382
きょはく（おやゆび。転じて、仲間内ですぐれた人。）,巨擘,きょはく（おやゆび。転じて、仲間内ですぐれた人。）,1287,0.249223642
ふんけい（首をはねること。）,刎頸,ふんけい（首をはねること。）,1395,0.250394607
ろうすい（にわたずみ。）,潦水,ろうすい（にわたずみ。）,1630,0.250679296
そせい（よみがえること。）,甦生,そせい（よみがえること。）,1014,0.250679374
とも、へさき,舳,とも、へさき,752,0.250718205
へいら（つる草。）,薜蘿,へいら（つる草。）,1409,0.252884902
ちっきょ（虫が地中にかくれること。）,蟄居,ちっきょ（虫が地中にかくれること。）,1114,0.253037121
たいふう（台風。）,颱風,たいふう（台風。）,1072,0.253815683
えい（魚。）,?,えい（魚。）,914,0.254316374
らいよ（物をたまうこと。）,賚予,らいよ（物をたまうこと。）,1545,0.254791144
そんたく,忖度,そんたく,1055,0.255141292
ひょうよう（風にひるがえること。）,飄揺,ひょうよう（風にひるがえること。）,1352,0.255443631
けっち（つまずく。）,蹶躓,けっち（つまずく。）,1111,0.255760522
まつえい（子孫。）,末裔,まつえい（子孫。）,87,0.25699834
あんえい（暗い影。）,暗翳,あんえい（暗い影。）,90,0.2570911
ばっすい（抜粋。）,抜萃,ばっすい（抜粋。）,918,0.258195449
はいれい（道理にそむくこと。もとる。）,悖戻,はいれい（道理にそむくこと。もとる。）,1273,0.258235269
ごび（目がさめていることと、眠ること。）,寤寐,ごび（目がさめていることと、眠ること。）,545,0.258746261
ひんしつ（生まれつきの性質。）,稟質,ひんしつ（生まれつきの性質。）,1591,0.259054691
きょうど（騎馬民族。）,匈奴,きょうど（騎馬民族。）,355,0.259152049
きょしょく（かがり火。）,炬燭,きょしょく（かがり火。）,345,0.259325845
ひわ（鳥。）,鶸,ひわ（鳥。）,770,0.260195642
ばんきん（金属を薄く板のように打ちのばしてつくること。）,鈑金,ばんきん（金属を薄く板のように打ちのばしてつくること。）,1299,0.26035403
はいど（陶磁器を作る素地の土。）,坏土,はいど（陶磁器を作る素地の土。）,1269,0.260527541
くうきょう（体のあな。）,空竅,くうきょう（体のあな。）,379,0.262737362
うそう（一人称の人代名詞。 年寄りの男性が自分のことをへりくだっていう。）,迂叟,うそう（一人称の人代名詞。 年寄りの男性が自分のことをへりくだっていう。）,1022,0.26317791
けんせき（あやまちや不正などをとがめ責めること。）,譴責,けんせき（あやまちや不正などをとがめ責めること。）,506,0.26399354
ごうとう（書物の本文の上にある余白。）,鼇頭,ごうとう（書物の本文の上にある余白。）,624,0.264712807
あつぜつ（おしとどめて物事をさせないこと。）,遏絶,あつぜつ（おしとどめて物事をさせないこと。）,20,0.266103148
できじょ（あらいすすぐこと。 ）,滌除,できじょ（あらいすすぐこと。 ）,1176,0.266402293
けいちょう（考えが浅く、調子にのって行動する様子。）,軽佻,けいちょう（考えが浅く、調子にのって行動する様子。）,1132,0.266422907
せんそ（できものをすう。）,吮疽,せんそ（できものをすう。）,970,0.267217599
ていよう（おひつじ。）,羝羊,ていよう（おひつじ。）,1159,0.267924332
ざんぜつ（山が険しく切りたって、そびえたつさま。）,嶄絶,ざんぜつ（山が険しく切りたって、そびえたつさま。）,692,0.268318701
さいかい（岩石がごつごつした険しい山。）,崔嵬,さいかい（岩石がごつごつした険しい山。）,662,0.268871174
ひしめく,犇く,ひしめく,1480,0.27017405
とうこつ（骨。）,橈骨,とうこつ（骨。）,1242,0.271294665
ざんい（恥じ、怒ること。）,慙恚,ざんい（恥じ、怒ること。）,34,0.272589857
かんう（天下。）,寰宇,かんう（天下。）,269,0.273701188
せんてい（庭木の形を整えるために、余分な枝を切ること。）,剪定,せんてい（庭木の形を整えるために、余分な枝を切ること。）,974,0.27556891
ちんさつ（毒酒を飲ませて人を殺すこと。）,酖殺、鴆殺,ちんさつ（毒酒を飲ませて人を殺すこと。）,1094,0.275805922
ゆうゆう（気がふさぎ、心から楽しめないさま。）,悒悒,ゆうゆう（気がふさぎ、心から楽しめないさま。）,1513,0.276058683
せきとう（石のある坂路。）,石磴,せきとう（石のある坂路。）,1229,0.276185175
あか（仏前に供える水。）,閼伽,あか（仏前に供える水。）,21,0.276309889
キュウイン、みみず,蚯蚓,キュウイン、みみず,63,0.276487588
せっしょう（ 人々が引き続いて往来すること。）,接踵,せっしょう（ 人々が引き続いて往来すること。）,854,0.277597727
かんちつ（書物。）,巻帙,かんちつ（書物。）,1113,0.2777159
ひょうせつ（他人の詩歌や文章などをぬすんで、自分のものとして発表すること。）,剽窃,ひょうせつ（他人の詩歌や文章などをぬすんで、自分のものとして発表すること。）,1347,0.277984019
やし（植物。）,椰子、椰,やし（植物。）,1504,0.278334309
ろうこく（金属や木の表面に模様を彫りきざむこと。）,鏤刻,ろうこく（金属や木の表面に模様を彫りきざむこと。）,1635,0.279170258
ろうぎょ（魚をすくいとること。）,撈魚,ろうぎょ（魚をすくいとること。）,1629,0.279213727
こうすい（高尚で奥深いこと。）,高邃,こうすい（高尚で奥深いこと。）,926,0.279321546
かいらぎ,鰄,かいらぎ,49,0.279922737
おえつ,嗚咽,おえつ,46,0.279946322
こつこつ（たゆまずに精を出して働くさま。）,??、兀兀,こつこつ（たゆまずに精を出して働くさま。）,630,0.280128898
げんうん（めまい。）,眩暈,げんうん（めまい。）,79,0.280322506
けっさつ（医療において、外科的処置の際に用いられる身体の一部や医療機器を縛って固定する技術のこと。）,結紮,けっさつ（医療において、外科的処置の際に用いられる身体の一部や医療機器を縛って固定する技術のこと。）,678,0.28035523
しゅび（獣毛などを束ねて柄をつけた仏具。）,麈尾,しゅび（獣毛などを束ねて柄をつけた仏具。）,775,0.280412286
かんが（役所。）,官衙,かんが（役所。）,174,0.281517618
ぎょうそ（大勢のなかの、特に優秀な人材。）,翹楚,ぎょうそ（大勢のなかの、特に優秀な人材。）,386,0.281602568
しょうこう（すみずみまで、広くゆきわたること。）,浹洽,しょうこう（すみずみまで、広くゆきわたること。）,830,0.28196614
たんまん（でたらめ。）,誕謾,たんまん（でたらめ。）,1487,0.282384602
さくじょう（小銃の銃身内部を掃除するのに使う、鉄製の細長い棒。）,槊杖,さくじょう（小銃の銃身内部を掃除するのに使う、鉄製の細長い棒。）,674,0.283046271
こつりつ（とびぬけて高くそびえ立つさま。）,兀立,こつりつ（とびぬけて高くそびえ立つさま。）,629,0.286185827
えんかん（身分の高い人の死。）,捐館,えんかん（身分の高い人の死。）,108,0.286406527
きたん（深くはじて赤面すること。）,愧赧,きたん（深くはじて赤面すること。）,301,0.287126868
しぎゃく（残虐なことを好むこと。）,嗜虐,しぎゃく（残虐なことを好むこと。）,723,0.28753537
しょうよう（ちょっとした病気。）,小恙,しょうよう（ちょっとした病気。）,1527,0.28765784
せいしょう（西側の棟にある部屋。）,西廂,せいしょう（西側の棟にある部屋。）,834,0.288966796
とうしゅう（踏襲。）,蹈襲,とうしゅう（踏襲。）,1231,0.289415451
りんびょう（病気。）,痳病、淋病,りんびょう（病気。）,1590,0.289568485
せんぽう（舟のとま。）,船篷,せんぽう（舟のとま。）,1462,0.289790775
はやす（口をそろえてひやかしたりほめたりする。）,囃す,はやす（口をそろえてひやかしたりほめたりする。）,1046,0.289861623
ようかん（おいしい。）,羊羹,ようかん（おいしい。）,612,0.291729015
するめ（いか。）,鯣,するめ（いか。）,101,0.292148353
ろうかん（炎症などの疾患により体の組織や器官にできる異常な導管。）,瘻管,ろうかん（炎症などの疾患により体の組織や器官にできる異常な導管。）,1631,0.292749027
こうれい（夫婦。）,伉儷,こうれい（夫婦。）,549,0.292763261
かし（きず。 欠点。）,瑕疵,かし（きず。 欠点。）,708,0.293333767
えんそく（寝ころんで休むこと。）,偃息,えんそく（寝ころんで休むこと。）,109,0.294906597
たいう（夏朝の創始者。）,大禹,たいう（夏朝の創始者。）,70,0.294952596
もうぜい（やわらかい毛。）,毛毳,もうぜい（やわらかい毛。）,945,0.295551892
「うよ」曲折,紆余,「うよ」曲折,72,0.295728471
かんざけ（温めた日本酒。）,燗酒,かんざけ（温めた日本酒。）,1553,0.296570374
らんかん（てすり。）,闌干,らんかん（てすり。）,1554,0.296858072
きんきゅう（行きづまりくるしむこと。）,窘窮,きんきゅう（行きづまりくるしむこと。）,397,0.296927615
れいき（感染性の熱病や皮膚病などをひきおこす悪い気。）,癘気,れいき（感染性の熱病や皮膚病などをひきおこす悪い気。）,1607,0.297746616
ぼうし（ひとみ。）,眸子,ぼうし（ひとみ。）,1470,0.297813344
ほうろく（平たい素焼きの土なべ。）,焙烙,ほうろく（平たい素焼きの土なべ。）,1449,0.297901012
びっぴん（美人。）,別嬪,びっぴん（美人。）,1357,0.298315064
ろうじつ（一年の最後の日。）,臘日,ろうじつ（一年の最後の日。）,1634,0.298417738
そうはん（きずあと。）,瘡瘢,そうはん（きずあと。）,1034,0.298730487
うどん,饂飩,うどん,83,0.299086969
ひよどり,鵯,ひよどり,1335,0.299174166
ちゅうしょ（漢字の書体の一つ。）,籀書,ちゅうしょ（漢字の書体の一つ。）,1125,0.299470488
ぞうえき（古代の租税制度。）,徭役,ぞうえき（古代の租税制度。）,1530,0.300321224
のろ（動物。）,麕,のろ（動物。）,405,0.300744303
疲労「こんぱい」,困憊,疲労「こんぱい」,1274,0.300988329
たんでき（酒におぼれて、ほかをかえりみないこと。）,酖溺,たんでき（酒におぼれて、ほかをかえりみないこと。）,1093,0.301343134
しゃく,笏,しゃく,631,0.301625719
ききょ（両足を投げ出して座る。）,?踞,ききょ（両足を投げ出して座る。）,309,0.301696166
せきち（やせ地。）,瘠地,せきち（やせ地。）,955,0.302207466
ちょうかい（話す必要のないことをしゃべること。）,長喙,ちょうかい（話す必要のないことをしゃべること。）,181,0.304078648
さいしょ（晒書。）,?書,さいしょ（晒書。）,670,0.30581364
そんらい（酒だる。）,樽罍,そんらい（酒だる。）,1548,0.308290125
ふてい（けしからぬ態度や行い。）,不逞,ふてい（けしからぬ態度や行い。）,1160,0.30861369
「かんたん」の歩み（自分の本来のものを忘れて、やたらと他人のまねをして、両方ともうまくいかなくなるたとえ。）,邯鄲,「かんたん」の歩み（自分の本来のものを忘れて、やたらと他人のまねをして、両方ともうまくいかなくなるたとえ。）,248,0.308965339
ろくでなし,碌でなし,ろくでなし,1639,0.310601546
しゃしゅつ（そそぎだすこと。流れ出ること。）,瀉出,しゃしゅつ（そそぎだすこと。流れ出ること。）,760,0.310782767
きっくつ（物や体の一部が折れ曲がって伸びないこと。）,佶屈,きっくつ（物や体の一部が折れ曲がって伸びないこと。）,328,0.31228333
かいご（そむく。）,乖忤,かいご（そむく。）,537,0.31282674
ゴコウ、むかで,蜈蚣,ゴコウ、むかで,544,0.312869201
こおう（つぼ。）,壺罌,こおう（つぼ。）,144,0.313073191
ぼうぜん（驚いてあっけにとられるさま。）,惘然,ぼうぜん（驚いてあっけにとられるさま。）,1469,0.313136556
ないげき（うちわもめ。）,内郤,ないげき（うちわもめ。）,459,0.313186166
いたち,鼬,いたち,1516,0.314195053
しぎゃく（臣下や子が主君や親を殺すこと。）,弑逆,しぎゃく（臣下や子が主君や親を殺すこと。）,719,0.315086661
ふぼう（事実を曲げて言うこと。）,誣妄,ふぼう（事実を曲げて言うこと。）,1379,0.31555907
ほうき（掃除道具。）,箒,ほうき（掃除道具。）,1031,0.315566791
まんちゃく（だますこと。）,瞞着,まんちゃく（だますこと。）,1486,0.315804146
かいちゅう（虫。）,蛔虫,かいちゅう（虫。）,185,0.316089892
のうえ（僧衣。）,衲衣,のうえ（僧衣。）,1237,0.316207205
せんぎ（多人数で相談すること。）,僉議,せんぎ（多人数で相談すること。）,977,0.316812413
しんしん（ひどく痛むさま。）,岑岑,しんしん（ひどく痛むさま。）,892,0.317516664
かた（おびただしいこと。）,夥多,かた（おびただしいこと。）,163,0.318005503
きょうしゅ（事が起きているのに何もしないでただ見ていること。）,拱手,きょうしゅ（事が起きているのに何もしないでただ見ていること。）,358,0.319278107
きょうどう（人々の先に立ってみちびくこと。）,嚮導,きょうどう（人々の先に立ってみちびくこと。）,380,0.319789181
やすり,鑢,やすり,1581,0.319982983
ぼうかい（つとめて身をつつしむこと。）,懋戒,ぼうかい（つとめて身をつつしむこと。）,1475,0.320146106
きゅうこう（自分から実際に行うこと。）,躬行,きゅうこう（自分から実際に行うこと。）,338,0.321675969
きゆう（心配しなくてもいいことを心配すること。）,杞憂,きゆう（心配しなくてもいいことを心配すること。）,288,0.323391307
さくさん（酢酸。）,醋酸,さくさん（酢酸。）,675,0.323565363
さわら（樹木。）,椹,さわら（樹木。）,1148,0.324189044
ろさい（こじき。）,邏斎,ろさい（こじき。）,1544,0.324563859
せいはい（おしのけること。）,擠排,せいはい（おしのけること。）,940,0.324778122
くんし（むらがり集まること。）,麕至,くんし（むらがり集まること。）,404,0.325693395
じしゃ（高貴な人の葬儀で棺をのせて運ぶ車。）,?車,じしゃ（高貴な人の葬儀で棺をのせて運ぶ車。）,747,0.325934636
しゃらくさい,洒落臭い,しゃらくさい,659,0.329542897
しょうじょう（オランウータン。）,猩猩,しょうじょう（オランウータン。）,934,0.330642504
こうけつ（真っ白でけがれのないこと。）,皎潔,こうけつ（真っ白でけがれのないこと。）,362,0.330742224
ねぐら,塒,ねぐら,726,0.331117124
きぜん（ため息をつくさま。）,喟然,きぜん（ため息をつくさま。）,297,0.331888367
じょうみん（多くの人民。）,烝民,じょうみん（多くの人民。）,872,0.332982982
しどう（ほこら。）,祠堂,しどう（ほこら。）,709,0.333349822
さまつ（些末。）,瑣末,さまつ（些末。）,654,0.33359205
うし（むしば。）,齲歯,うし（むしば。）,73,0.334297939
らんい（ぼろの着物。）,襤衣,らんい（ぼろの着物。）,1557,0.33436264
げじゅ（仏教の教えを詩の形式で表したもの。）,偈頌,げじゅ（仏教の教えを詩の形式で表したもの。）,471,0.334561081
けまん（仏具。）,華鬘,けまん（仏具。）,1489,0.335084571
しんい（いかること。）,瞋恚,しんい（いかること。）,904,0.335369053
こうしん（友人どうしが速く寄り集まること。）,盍簪,こうしん（友人どうしが速く寄り集まること。）,570,0.33590158
れいし（植物。）,茘枝,れいし（植物。）,1566,0.336089528
ちゅうちょ,躊躇,ちゅうちょ,1126,0.336594189
しきみ,樒,しきみ,1490,0.336800251
ろうぜき（乱暴なふるまい。）,狼藉,ろうぜき（乱暴なふるまい。）,759,0.337303192
りかん（病気にかかること。）,罹患,りかん（病気にかかること。）,1570,0.337778259
こうけん（ほんのりと赤い顔。）,紅臉,こうけん（ほんのりと赤い顔。）,500,0.338494574
かじょう（遠い国。）,遐壌,かじょう（遠い国。）,162,0.339145287
ていがく（兄弟の情にたとえる。）,棣鄂,ていがく（兄弟の情にたとえる。）,238,0.339578043
しゃこ（鳥。）,鷓鴣,しゃこ（鳥。）,533,0.339612306
ていけつ（ひっさげること。）,提挈,ていけつ（ひっさげること。）,469,0.339729027
はくげき（手でうつこと。）,搏撃,はくげき（手でうつこと。）,1282,0.339959907
しんてい（鳴りひびく、いかずち。）,震霆,しんてい（鳴りひびく、いかずち。）,1169,0.340056958
けつけつ（孤立しているさま。）,孑孑,けつけつ（孤立しているさま。）,467,0.340066395
さいはい（ともがら。）,儕輩,さいはい（ともがら。）,667,0.340160139
そうふ（やもめ。）,孀婦,そうふ（やもめ。）,1044,0.340904711
あさり,蜊,あさり,1569,0.342920418
ふぬけ（意気地がないこと。）,腑抜け,ふぬけ（意気地がないこと。）,1375,0.343161874
げいきゅう（白い子鹿の皮の皮衣。）,麑裘,げいきゅう（白い子鹿の皮の皮衣。）,456,0.343756215
くこ（植物。）,枸杞,くこ（植物。）,412,0.344990481
へいげい（にらむ。）,睥睨、俾倪,へいげい（にらむ。）,452,0.345383852
もうこ（魚や獣を捕えるあみ。）,罔罟,もうこ（魚や獣を捕えるあみ。）,518,0.346040619
しゅゆ（植物。）,茱萸,しゅゆ（植物。）,772,0.346744424
いげつ（死後に残された妾腹の子。）,遺?,いげつ（死後に残された妾腹の子。）,479,0.347110658
どど（かまびすしい。）,呶呶,どど（かまびすしい。）,1207,0.347404654
しょうこう（塩化第二水銀。）,昇汞,しょうこう（塩化第二水銀。）,554,0.347994462
でんぷく（古代中国の地域。）,甸服,でんぷく（古代中国の地域。）,1198,0.348133446
ろか（液体や気体をこして、固形の不純物を取り除くこと。）,濾過,ろか（液体や気体をこして、固形の不純物を取り除くこと。）,1621,0.349288428
しょうふく（おそれしたがうこと。）,懾伏,しょうふく（おそれしたがうこと。）,867,0.349766316
くじ、ひご,籤,くじ、ひご,1002,0.349829355
せんべつ（はなむけ。）,餞別,せんべつ（はなむけ。）,989,0.349859508
こうしょう（化粧。）,紅妝,こうしょう（化粧。）,1019,0.349917669
しゅあん（時間がたった血のような暗いあか色。）,朱殷,しゅあん（時間がたった血のような暗いあか色。）,62,0.350936536
つらつら,倩,つらつら,972,0.350950347
うじむし,蛆虫,うじむし,813,0.351481991
ほうほう（物事が盛んなさま。）,彭彭,ほうほう（物事が盛んなさま。）,1447,0.351942481
しゃくやく（植物。）,芍薬,しゃくやく（植物。）,763,0.352460698
にんしん（妊娠。）,姙娠,にんしん（妊娠。）,1257,0.352661022
りんしょく（けち。）,吝嗇,りんしょく（けち。）,885,0.353093008
ぶくりょう（キノコ。）,茯苓,ぶくりょう（キノコ。）,1387,0.35339943
ひとく（薄い徳。）,菲徳,ひとく（薄い徳。）,1316,0.35382726
やつれる,窶れる,やつれる,416,0.35551767
しじゅん（相談すること。）,咨詢,しじゅん（相談すること。）,704,0.355826542
ほうはつ（ほとばしり出ること。）,迸発,ほうはつ（ほとばしり出ること。）,1453,0.355978813
こしょう（身分の高い人の供をすること。）,扈従,こしょう（身分の高い人の供をすること。）,520,0.356546782
さいきゅう（戒めとして降すわざわい。）,災咎,さいきゅう（戒めとして降すわざわい。）,334,0.356935843
ばくばく（静かでさびしいさま。）,寞寞,ばくばく（静かでさびしいさま。）,1289,0.357111075
いななく,嘶く,いななく,939,0.357128669
へんさん（僧衣の一種。）,褊衫,へんさん（僧衣の一種。）,1426,0.357364275
えんてき（雨だれ。）,簷滴,えんてき（雨だれ。）,124,0.357807497
さし（海流により運ばれた砂が、長年に渡って堆積して作られた地形。）,砂嘴,さし（海流により運ばれた砂が、長年に渡って堆積して作られた地形。）,729,0.358654878
たいとう（くずれ落ちること。）,頽唐,たいとう（くずれ落ちること。）,1074,0.359464137
うっちょう（香をつけた酒。）,鬱鬯,うっちょう（香をつけた酒。）,1135,0.359604406
ぎゃくと（物事の結末を前もって見てとること。）,逆睹,ぎゃくと（物事の結末を前もって見てとること。）,1205,0.35962473
くるめく,眩く,くるめく,509,0.359726874
あざみ,薊,あざみ,446,0.359794173
うずくまる,蹲る,うずくまる,1057,0.36084201
びょうし（軽んじて見ること。）,藐視,びょうし（軽んじて見ること。）,1356,0.361597694
えんすい（都から遠く離れた僻地。）,遠陲,えんすい（都から遠く離れた僻地。）,919,0.361774533
ちょうたく（宝石などを刻んで磨きあげること。）,雕琢,ちょうたく（宝石などを刻んで磨きあげること。）,1144,0.36236289
こうしょく（中国古代の官名で、農事をつかさどる長官。）,后稷,こうしょく（中国古代の官名で、農事をつかさどる長官。）,887,0.363479148
いしゃ（頼ること。）,倚藉,いしゃ（頼ること。）,33,0.363697163
ゴソ、むささび、ももんが,?鼠,ゴソ、むささび、ももんが,546,0.365497804
ぼうし（刀剣のきっさきの焼き刃。）,鋩子,ぼうし（刀剣のきっさきの焼き刃。）,1472,0.366365594
ひんせき（しりぞけてのけものにすること。）,擯斥,ひんせき（しりぞけてのけものにすること。）,1358,0.366764902
いえつ（喜んで満足すること。）,怡悦,いえつ（喜んで満足すること。）,31,0.366992794
せんさい（色糸や絹の布を用いて作る造花や細工物。）,翦綵,せんさい（色糸や絹の布を用いて作る造花や細工物。）,984,0.367277703
こちょう（胡蝶。）,蝴蝶,こちょう（胡蝶。）,532,0.36829103
せいふう（なまぐさい風。）,腥風,せいふう（なまぐさい風。）,937,0.3696262
跳梁「ばっこ」,跋扈,跳梁「ばっこ」,1294,0.370235785
ようらく（宝石を連ねて仏像の頭・首・胸などを飾るもの。）,瓔珞,ようらく（宝石を連ねて仏像の頭・首・胸などを飾るもの。）,1538,0.371079614
なまじ,憖,なまじ,407,0.371418533
かいり（わかれはなれること。）,乖離,かいり（わかれはなれること。）,176,0.37158539
りょうか（かがりび。）,燎火,りょうか（かがりび。）,1586,0.372103844
ものぐさい、ものうい,懶い,ものぐさい、ものうい,1556,0.372464364
かわす,躱す,かわす,1061,0.373651892
おうしょう（休みをとれないほど忙しく働くこと。）,鞅掌,おうしょう（休みをとれないほど忙しく働くこと。）,137,0.375199087
かとう（僧の頭を袈裟などで包み、目だけを出した装い。）,裹頭,かとう（僧の頭を袈裟などで包み、目だけを出した装い。）,164,0.376194163
だい（あごを下げ動かして、物を食べようとするさま。）,朶頤,だい（あごを下げ動かして、物を食べようとするさま。）,1062,0.376257215
けんかい（かたくなに自分の考えを守り、人と妥協しないさま。）,狷介,けんかい（かたくなに自分の考えを守り、人と妥協しないさま。）,485,0.376724404
ねじける,拗ける,ねじける,1524,0.376837643
たいか（大きな建物。）,大廈,たいか（大きな建物。）,161,0.377157372
りげん（民間で広く言いならわされてきたことわざ。）,俚諺,りげん（民間で広く言いならわされてきたことわざ。）,1565,0.377270745
しょうじょ（学校。）,庠序,しょうじょ（学校。）,824,0.378156878
ききょく（とげのあるカラタチといばら。悪者・のたとえ。）,枳棘,ききょく（とげのあるカラタチといばら。悪者・のたとえ。）,289,0.378802696
しんきゅう（はりを使って行う治療法。）,鍼灸,しんきゅう（はりを使って行う治療法。）,907,0.379184661
くびる,縊る,くびる,47,0.379860386
けつじん（使いつくすこと。）,竭尽,けつじん（使いつくすこと。）,475,0.379969822
もうろう（確かでないさま。）,朦朧,もうろう（確かでないさま。）,1500,0.381224174
いんちゅう（印章のつまみの部分。）,印鈕,いんちゅう（印章のつまみの部分。）,1119,0.381595583
きれい（美しい。）,綺麗,きれい（美しい。）,307,0.382149352
きゅうきゅう（山が高くけわしいさま。）,岌岌,きゅうきゅう（山が高くけわしいさま。）,332,0.383116057
ぼうちょう（さげがみの子ども。）,髦髫,ぼうちょう（さげがみの子ども。）,1142,0.383205906
けんぴ（亡母をうやまっていうことば。）,顕妣,けんぴ（亡母をうやまっていうことば。）,1310,0.383525165
さつりく（多人数をむごたらしく殺すこと。）,殺戮,さつりく（多人数をむごたらしく殺すこと。）,1573,0.3841024
しんき（早起き。）,晨起,しんき（早起き。）,898,0.384337733
こうそう（あわただしいさま。）,倥偬,こうそう（あわただしいさま。）,566,0.385666622
ほうか（ぬいめ。）,縫罅,ほうか（ぬいめ。）,168,0.386711991
せんこう（選考。）,銓衡,せんこう（選考。）,981,0.38822423
えんえきほう,演繹法,えんえきほう,100,0.388243083
ぼくちょく（飾り気がなく、正直であること。）,樸直,ぼくちょく（飾り気がなく、正直であること。）,1477,0.388895627
いすか（鳥。）,?,いすか（鳥。）,55,0.389312294
えんか（ながえのした。人に使われること。）,轅下,えんか（ながえのした。人に使われること。）,122,0.389369185
さそり,蠍,さそり,242,0.395089474
ゆが（ヨガ。）,瑜伽,ゆが（ヨガ。）,1509,0.395387207
さいじょ（古代中国の料理？）,菜茹,さいじょ（古代中国の料理？）,819,0.396310435
れいいん（宰相。）,令尹,れいいん（宰相。）,59,0.396527689
そらい（行き来すること。）,徂来,そらい（行き来すること。）,1009,0.397895373
かいかい（いましめ、教える。）,誡誨,かいかい（いましめ、教える。）,191,0.398301311
からめて,搦め手,からめて,768,0.398731965
こうけつ（死体を埋めるあな。）,壙穴,こうけつ（死体を埋めるあな。）,608,0.398979826
へいしん（主君に、特にかわいがられる臣下。）,嬖臣,へいしん（主君に、特にかわいがられる臣下。）,1408,0.400394048
はいだつ（束縛・習慣などを抜け出すこと。）,擺脱,はいだつ（束縛・習慣などを抜け出すこと。）,1276,0.401672584
毒を「あおる」,呷る,毒を「あおる」,557,0.402457945
がんかい（よくばる。）,玩?,がんかい（よくばる。）,182,0.404131363
しょうどう（つつしみかしこまること。恐れて身がすくむこと。）,竦動,しょうどう（つつしみかしこまること。恐れて身がすくむこと。）,838,0.404900244
へいい（人が、天から与えられた正しい道を守ること。）,秉彝,へいい（人が、天から与えられた正しい道を守ること。）,1401,0.405240606
たたり,祟り,たたり,915,0.405665523
いつぼう（シギとハマグリ。）,鷸蚌,いつぼう（シギとハマグリ。）,58,0.405884072
ききゅう（こいねがう。）,冀求,ききゅう（こいねがう。）,311,0.406004661
とうてつ（中国神話に登場する妖怪。）,饕餮,とうてつ（中国神話に登場する妖怪。）,1181,0.407514437
さすが,遉,さすが,1167,0.407559567
青春を「おうか」する,謳歌,青春を「おうか」する,141,0.408147268
せんそく（はだし。）,跣足,せんそく（はだし。）,979,0.408255887
がいちゅう（よろいと、かぶと。）,鎧冑,がいちゅう（よろいと、かぶと。）,1116,0.408659955
さんしゅう（不要な語句をけずって文章を整えること。）,刪修,さんしゅう（不要な語句をけずって文章を整えること。）,681,0.408825622
そゆ（乳から作った、バターに似た油。）,酥油,そゆ（乳から作った、バターに似た油。）,1015,0.409387888
ひご（ひなびた言葉。）,鄙語,ひご（ひなびた言葉。）,1327,0.410137465
ふいく（かしずき育てること。）,傅育,ふいく（かしずき育てること。）,1374,0.411491739
しのぎ,鎬,しのぎ,609,0.411800077
けんか（水辺にはえるオギとアシ。）,蒹葭,けんか（水辺にはえるオギとアシ。）,492,0.412028983
がんせい（ひとみ。）,眼睛,がんせい（ひとみ。）,935,0.412159153
こせん（商船。）,賈船,こせん（商船。）,529,0.412248161
わな,罠,わな,1366,0.414816872
さんぞく（蚕が繭をかけやすいように、わらなどで作った道具。）,蚕蔟,さんぞく（蚕が繭をかけやすいように、わらなどで作った道具。）,1052,0.415538721
いがみあう,啀み合う,いがみあう,202,0.41595711
りんじ（蔵人が書いて出した文書。）,綸旨,りんじ（蔵人が書いて出した文書。）,1593,0.416101013
じょかん（ゆったりとしていること。）,舒緩,じょかん（ゆったりとしていること。）,821,0.416139487
だかく（罪人などをとらえること。）,拿獲,だかく（罪人などをとらえること。）,1065,0.418268541
どうぼく（しもべ。）,僮僕,どうぼく（しもべ。）,1238,0.418453296
かんゆう（役人になって他郷に行くこと。）,宦遊,かんゆう（役人になって他郷に行くこと。）,250,0.418509339
おうか（わざわい。）,殃禍,おうか（わざわい。）,132,0.419509864
そらんじる,諳んじる,そらんじる,25,0.419556488
しょうせつ（あきらか。）,昭晢,しょうせつ（あきらか。）,962,0.420119232
れいそく（見識の狭いことのたとえ。）,蠡測,れいそく（見識の狭いことのたとえ。）,1612,0.420510856
いためる,炒める,いためる,822,0.421011813
オンポウ、どてら,褞袍、?袍,オンポウ、どてら,80,0.421308644
せんどう（寒さや恐れのために、小刻みにふるえて動くこと。）,顫動,せんどう（寒さや恐れのために、小刻みにふるえて動くこと。）,1001,0.422202247
けいとう（燭台にともされたともしび。）,檠灯,けいとう（燭台にともされたともしび。）,444,0.423371198
けいどく（身寄りのない独り者。）,煢独,けいどく（身寄りのない独り者。）,441,0.425658809
ふか（卵がかえること。）,孵化,ふか（卵がかえること。）,1378,0.425983508
ちょうたつ（鳴り物の音の調子はずれで下品な樣。）,嘲?,ちょうたつ（鳴り物の音の調子はずれで下品な樣。）,1083,0.426642481
むせる,噎せる,むせる,104,0.427130138
「しょうい」軍人,傷痍,「しょうい」軍人,37,0.427195008
らてい（はだか。）,裸?,らてい（はだか。）,1164,0.427447789
ようきょう（発狂したふりをすること。）,佯狂,ようきょう（発狂したふりをすること。）,1521,0.427820252
きんか（ムクゲの花。）,槿花,きんか（ムクゲの花。）,399,0.42995352
いはく（東北方の異族。）,夷貊,いはく（東北方の異族。）,1290,0.430625966
セキエキ、トカゲ,蜥蜴,セキエキ、トカゲ,98,0.430748408
こっかく（骨格。）,骨骼,こっかく（骨格。）,218,0.430858268
こうきゅう（黒羊の皮衣。）,羔裘,こうきゅう（黒羊の皮衣。）,571,0.430926814
きょうゆう（水が勢いよくわき出るさま。）,洶湧,きょうゆう（水が勢いよくわき出るさま。）,359,0.43229115
いし（昔、建物や城などの建っていたあと。）,遺址、遺趾,いし（昔、建物や城などの建っていたあと。）,700,0.432360453
こうこう（あわただしく忙しいさま。）,遑遑,こうこう（あわただしく忙しいさま。）,592,0.432727384
しょうすい（やせておとろえること。）,憔悴,しょうすい（やせておとろえること。）,844,0.433608312
もうまい（無知であること。）,曚昧,もうまい（無知であること。）,1499,0.433648504
しそう（さしずして、そそのかすこと。けしかけ。）,使嗾,しそう（さしずして、そそのかすこと。けしかけ。）,1028,0.434075515
ゆうぜい（いぼと、こぶ。）,肬贅、疣贅,ゆうぜい（いぼと、こぶ。）,1511,0.434450071
じょくしょ（むし暑いこと。）,溽暑,じょくしょ（むし暑いこと。）,890,0.434936738
げっしるい,齧歯類,げっしるい,481,0.435256289
かはく（ひじと手首の間の部分。）,下膊,かはく（ひじと手首の間の部分。）,1284,0.435283068
せいき（旗やのぼりの総称。）,旌旗,せいき（旗やのぼりの総称。）,932,0.437448428
しゅさん（さかずき。）,酒盞,しゅさん（さかずき。）,683,0.439779658
たいえん（天のこと。）,大圜,たいえん（天のこと。）,268,0.439936515
はこう（片足が不自由で、引きずるように歩くこと。）,跛行,はこう（片足が不自由で、引きずるように歩くこと。）,1268,0.442006248
えんか、えんげ（のみこむこと。）,嚥下,えんか、えんげ（のみこむこと。）,123,0.443365887
じゅそ（のろい。）,呪詛,じゅそ（のろい。）,814,0.443780172
ひきわり（うすで穀類をひいて割りくだくこと。 ）,碾割り,ひきわり（うすで穀類をひいて割りくだくこと。 ）,1190,0.445601569
ざる（ざる。竹で編んだかご。）,笊,ざる（ざる。竹で編んだかご。）,1023,0.44686392
とうせい（玄米をついて白くすること。）,搗精,とうせい（玄米をついて白くすること。）,1217,0.447746031
けいこ（ツクツクボウシ。）,?蛄,けいこ（ツクツクボウシ。）,450,0.448919774
こうがん（哺乳動物の雄の生殖器官。）,睾丸,こうがん（哺乳動物の雄の生殖器官。）,598,0.448972701
そうこう（織機の重要部品。）,綜絖,そうこう（織機の重要部品。）,582,0.449422284
ぐうし（ハスの茎や根を折ったときに出る糸。）,藕糸,ぐうし（ハスの茎や根を折ったときに出る糸。）,424,0.449572322
しゃば（この世。）,娑婆,しゃば（この世。）,648,0.451133947
かびる（かびが生える。）,黴びる,かびる（かびが生える。）,1279,0.451413209
かんたく（あらいすすぐこと。）,浣濯、澣濯,かんたく（あらいすすぐこと。）,253,0.452075742
かいきょく（エンジュといばら。）,槐棘,かいきょく（エンジュといばら。）,189,0.452368899
しそう（はやく走ること。また、乗り物をはやく走らせること。）,駛走,しそう（はやく走ること。また、乗り物をはやく走らせること。）,733,0.452401622
ていあん（心がやすらかで、もの静かなさま。）,恬安,ていあん（心がやすらかで、もの静かなさま。）,1184,0.453693924
とそう（器量の小さいこと。）,斗?,とそう（器量の小さいこと。）,1027,0.45452413
そんしょ（村里の別荘。しもやしき。）,村墅,そんしょ（村里の別荘。しもやしき。）,815,0.455037089
げいしょう（天人の衣。）,霓裳,げいしょう（天人の衣。）,454,0.45714711
へきえき（勢いや困難に押されて立ちのいたり、しりごみしたりすること。）,辟易,へきえき（勢いや困難に押されて立ちのいたり、しりごみしたりすること。）,1412,0.457527597
いつらく（気のむくままに遊び楽しむこと。逸楽とも。）,佚楽,いつらく（気のむくままに遊び楽しむこと。逸楽とも。）,56,0.458906203
こうしょ（一時のまにあわせ。）,苟且,こうしょ（一時のまにあわせ。）,562,0.459115462
りんぼつ（水中にしずみ隠れること。）,淪没,りんぼつ（水中にしずみ隠れること。）,1589,0.459308244
ようぜん（奥深くはるかなさま。）,杳然,ようぜん（奥深くはるかなさま。）,1526,0.459472627
りんき（男女間のやきもち。）,悋気,りんき（男女間のやきもち。）,1588,0.460223899
びんめつ（ほろんでなくなること。）,泯滅,びんめつ（ほろんでなくなること。）,1365,0.461306278
こんじ（今年。）,今茲,こんじ（今年。）,707,0.461961443
いちご,苺,いちご,1277,0.462428233
あいふん（ほこりっぽい空気。また、俗世間のよごれた空気。）,埃氛,あいふん（ほこりっぽい空気。また、俗世間のよごれた空気。）,9,0.463343469
ござ（イグサで編んだ敷物。）,茣蓙,ござ（イグサで編んだ敷物。）,541,0.463536545
そうろう（よろめくさま。）,蹌踉,そうろう（よろめくさま。）,1043,0.463709345
かくさつ（なぐり殺すこと。）,挌殺,かくさつ（なぐり殺すこと。）,211,0.464563043
こんほう（果てしなく大きいもののたとえ。）,鯤鵬,こんほう（果てしなく大きいもののたとえ。）,645,0.464978759
「かいらい」政権,傀儡政権,「かいらい」政権,180,0.465149646
かんなん（困難に出あい、悩み苦しむこと。）,艱難,かんなん（困難に出あい、悩み苦しむこと。）,275,0.465219608
しじみ,蜆,しじみ,493,0.465550328
こうきょ（高貴な人が死ぬこと。）,薨去,こうきょ（高貴な人が死ぬこと。）,606,0.466759323
くがい（役所の建物。）,公廨,くがい（役所の建物。）,192,0.467450279
けいは（宝石のように美しい花。）,瓊葩,けいは（宝石のように美しい花。）,1267,0.46811332
才気「かんぱつ」,煥発,才気「かんぱつ」,263,0.468194837
そさい（野菜。）,蔬菜,そさい（野菜。）,1016,0.468861523
ほいろ（物を熱したりするのに用いる容器。）,焙炉,ほいろ（物を熱したりするのに用いる容器。）,1450,0.469048985
きんてん（平等に利益を得ること。）,均霑,きんてん（平等に利益を得ること。）,1193,0.469766807
けいひつ（先払いが掛け声を掛けて、人々をいましめること。）,警蹕,けいひつ（先払いが掛け声を掛けて、人々をいましめること。）,1344,0.470440833
ふっけい（みそぎはらい。）,祓禊,ふっけい（みそぎはらい。）,442,0.471076181
ふんまん（いきどおり、心中にわだかまること。）,忿懣,ふんまん（いきどおり、心中にわだかまること。）,1397,0.472054416
りんれつ（気が厳しく身にしみ入るさま。）,凜冽,りんれつ（気が厳しく身にしみ入るさま。）,1594,0.472993009
「ぎょうちゅう」検査,蟯虫,「ぎょうちゅう」検査,387,0.473357457
たしなむ,嗜む,たしなむ,724,0.473623956
ここう（糊口。）,餬口,ここう（糊口。）,535,0.473813062
ばいきん,黴菌,ばいきん,1278,0.473882775
ロウコ、けら,螻蛄,ロウコ、けら,525,0.47465151
めんちょう（できもの。）,面疔,めんちょう（できもの。）,1131,0.474727027
あいぜん（もや、霧などがたなびくさま。）,靄然,あいぜん（もや、霧などがたなびくさま。）,15,0.475411148
かくざ（船が浅瀬に乗りあげること。）,擱座,かくざ（船が浅瀬に乗りあげること。）,219,0.475432617
たいせきてん,対蹠点,たいせきてん,957,0.475541319
かんばつ（ひでり。）,旱魃,かんばつ（ひでり。）,246,0.476699921
いぼう（子孫のためによい計画を残すこと。）,貽謀,いぼう（子孫のためによい計画を残すこと。）,39,0.477314751
こしらえる,拵える,こしらえる,1056,0.477397192
みょうばん,明礬,みょうばん,1308,0.477583664
こうじ（あかや汗、あぶらなどのよごれ。）,垢膩,こうじ（あかや汗、あぶらなどのよごれ。）,748,0.478272689
きはだ（植物。）,檗,きはだ（植物。）,1288,0.479199115
さくせい（ボーリング。）,鑿井,さくせい（ボーリング。）,677,0.479486489
せきれい（鳥。）,鶺鴒,せきれい（鳥。）,958,0.480434919
どへい（かねぐらにある金銀。）,帑幣,どへい（かねぐらにある金銀。）,1208,0.480737436
くんせん（ニラ・ニンニクなどくさいにおいの野菜と、なまぐさい肉。）,葷羶,くんせん（ニラ・ニンニクなどくさいにおいの野菜と、なまぐさい肉。）,427,0.481393801
へいこ（光り輝くさま。）,炳乎,へいこ（光り輝くさま。）,1403,0.482267853
きんかしょく（すみれ色。）,菫花色,きんかしょく（すみれ色。）,396,0.482444296
しょうえい（神をたたえる歌。）,頌栄,しょうえい（神をたたえる歌。）,841,0.482537657
かいしゅん（前非を悔いあらため、心をいれかえること。）,悔悛,かいしゅん（前非を悔いあらため、心をいれかえること。）,800,0.482620869
すねる,拗ねる,すねる,1523,0.482654172
れいじょう（アカザの茎を乾燥させて作った軽いつえ。）,藜杖,れいじょう（アカザの茎を乾燥させて作った軽いつえ。）,1608,0.483008881
ねんげ（花をひねって取ること。）,拈華,ねんげ（花をひねって取ること。）,1263,0.484378392
ほうたい（はちとさそり。 小さいが恐るべきもののたとえ。）,蜂?,ほうたい（はちとさそり。 小さいが恐るべきもののたとえ。）,1077,0.484487432
ちょうしょく（ながめみること。）,眺矚,ちょうしょく（ながめみること。）,889,0.485537823
けいてい（大きなへだたり。差異。）,逕庭,けいてい（大きなへだたり。差異。）,438,0.485649776
ふらち（道理にはずれ不届きなこと。）,不埒,ふらち（道理にはずれ不届きなこと。）,1549,0.485938307
じょうせん（天にのぼって仙人となること。 ）,上僊,じょうせん（天にのぼって仙人となること。 ）,978,0.486049176
こうかく（やせた土地。）,?埆、磽?,こうかく（やせた土地。）,213,0.486094214
ろうせつ（金属を、はんだなどでくっつけること。）,鑞接,ろうせつ（金属を、はんだなどでくっつけること。）,1637,0.486775689
りんう（ながあめ。）,霖雨,りんう（ながあめ。）,1596,0.486846738
しょうしゃ（すっきりとして洗練されているようす。）,瀟洒、瀟灑,しょうしゃ（すっきりとして洗練されているようす。）,864,0.487697955
ちょしょう（紙幣。）,楮鈔,ちょしょう（紙幣。）,1130,0.490293223
かんだい（うえこごえる。）,寒餒,かんだい（うえこごえる。）,1078,0.490816441
せいひつ（清らかでものしずか。）,清謐,せいひつ（清らかでものしずか。）,1343,0.491715896
ていき（そしること。）,詆毀,ていき（そしること。）,1166,0.492142488
うんしゅう（雲のわく山。）,雲岫,うんしゅう（雲のわく山。）,781,0.492515045
べきら（川。）,汨羅,べきら（川。）,1418,0.49280975
こんめい（あだな。）,諢名、渾名,こんめい（あだな。）,644,0.49333803
きんしょう（とらえることと自由に放つこと。転じて、自在に扱うこと。）,擒縦,きんしょう（とらえることと自由に放つこと。転じて、自在に扱うこと。）,402,0.493732662
きし（のぼり。旗じるし。）,旗幟,きし（のぼり。旗じるし。）,730,0.495721807
かんか（妻を失った男と夫を失った女。）,鰥寡,かんか（妻を失った男と夫を失った女。）,281,0.496272387
そうぼう（たみ。）,蒼氓,そうぼう（たみ。）,1466,0.496345178
ぞうぶつ（窃盗・詐欺などで不法に侵害して手に入れた他人の財物。）,贓物,ぞうぶつ（窃盗・詐欺などで不法に侵害して手に入れた他人の財物。）,1047,0.496891827
おうのう（なやむ。）,懊悩,おうのう（なやむ。）,139,0.497708277
こうかん（書物の分量が多いこと。）,浩瀚,こうかん（書物の分量が多いこと。）,278,0.497780058
もんちゃく（手でひねりまわすこと。）,捫着,もんちゃく（手でひねりまわすこと。）,1502,0.497780349
ししく（大いに雄弁を振るうこと。大演説。）,獅子吼,ししく（大いに雄弁を振るうこと。大演説。）,411,0.498365801
もじる、よじる、ねじる,捩る,もじる、よじる、ねじる,1603,0.498791205
しゃくしゃく（明るく照り輝くさま。）,灼爍,しゃくしゃく（明るく照り輝くさま。）,766,0.499523309
きゅうじょ（声調や楽器の音律がよく合うさま。）,翕如,きゅうじょ（声調や楽器の音律がよく合うさま。）,342,0.499707481
ちゅうちょう（うらみ嘆くこと。）,惆悵,ちゅうちょう（うらみ嘆くこと。）,1118,0.499834921
きりん（ふち米。）,既廩,きりん（ふち米。）,1595,0.499915826
はかない,儚い,はかない,1473,0.500687457
せいけい（徳行のある人のところには、だまっていても人が集まってくることのたとえ。）,成蹊,せいけい（徳行のある人のところには、だまっていても人が集まってくることのたとえ。）,449,0.500724253
びろく（オオジカとシカ。）,麋鹿,びろく（オオジカとシカ。）,1340,0.500891227
きょくれい（精を出して努めはげむこと。）,?厲,きょくれい（精を出して努めはげむこと。）,390,0.501315573
えんらん（取り立て。）,延攬,えんらん（取り立て。）,1562,0.501529878
ばんくつ（わだかまったまま気が晴れないこと。）,蟠屈,ばんくつ（わだかまったまま気が晴れないこと。）,1307,0.501813177
ほうるい（とりで。）,堡塁,ほうるい（とりで。）,1446,0.502790995
とうしょぶ,島嶼部,とうしょぶ,816,0.503739291
シッシュツ、こおろぎ,蟋蟀,シッシュツ、こおろぎ,754,0.503892158
とうくつ（たわんで曲がること。また、力を加えてしならせること。）,撓屈,とうくつ（たわんで曲がること。また、力を加えてしならせること。）,1241,0.503991108
えきか（わきのしたのくぼみ。）,腋窩,えきか（わきのしたのくぼみ。）,97,0.504216596
いしゅう（多くの物が一か所にあつまること。）,蝟集,いしゅう（多くの物が一か所にあつまること。）,44,0.504744352
れいぎょ（ろうや。）,囹圄,れいぎょ（ろうや。）,540,0.505843185
しゃくだん（たちきること。）,斫断,しゃくだん（たちきること。）,764,0.506513748
おうてん（うぐいすのさえずり。）,鶯囀,おうてん（うぐいすのさえずり。）,1196,0.506613763
えんじん（昔、中国で宮廷に仕えるために去勢された男性。）,閹人,えんじん（昔、中国で宮廷に仕えるために去勢された男性。）,120,0.507027004
らんだ（なまけものの女性。）,懶婦,らんだ（なまけものの女性。）,1555,0.50717889
けんどん（非常にけちで欲が深いこと。）,慳貪,けんどん（非常にけちで欲が深いこと。）,494,0.508261935
たがねる、わがねる,綰ねる,たがねる、わがねる,1643,0.50858418
ちゅうし（跡継ぎの子ども。）,胄子,ちゅうし（跡継ぎの子ども。）,1117,0.508947454
てんすい（みな疲れ苦しむ。）,殄瘁,てんすい（みな疲れ苦しむ。）,920,0.51102026
たおやか,嫋やか,たおやか,874,0.514524789
ばん（鳥。）,鷭,ばん（鳥。）,1305,0.514974911
そし（阻止。）,沮止,そし（阻止。）,817,0.515155868
とうき（豆の実を取り去ったあとに残る枝や茎。）,豆?,とうき（豆の実を取り去ったあとに残る枝や茎。）,295,0.516658223
かんぱつ（詔勅を、天下に広く告げ知らせること。）,渙発,かんぱつ（詔勅を、天下に広く告げ知らせること。）,258,0.516714838
かびゅう（なまり。）,訛謬、譌謬,かびゅう（なまり。）,156,0.517486741
へんせき（官位を下げてしりぞけること。）,貶斥,へんせき（官位を下げてしりぞけること。）,1423,0.518244669
しきょう（ふくろう。）,鴟梟,しきょう（ふくろう。）,740,0.518246526
ひけつ（いしぶみ。）,碑碣,ひけつ（いしぶみ。）,474,0.519505563
さんさい（とりで。）,山寨,さんさい（とりで。）,666,0.520165282
せんめつ（ほろぼしつくすこと。）,殲滅,せんめつ（ほろぼしつくすこと。）,998,0.521572112
あだ（美しくたおやかなさま。）,婀娜,あだ（美しくたおやかなさま。）,2,0.522376318
きつりつ（山やがけが高くそびえ立つさま。）,屹立,きつりつ（山やがけが高くそびえ立つさま。）,327,0.522607721
なぶる,嬲る,なぶる,878,0.522979126
きょうじゅつ（あわれんで恵むこと。）,矜恤,きょうじゅつ（あわれんで恵むこと。）,360,0.524032014
めのう（結晶。）,瑪瑙,めのう（結晶。）,1491,0.526194889
ふうい（ほのめかしや、あてこすりに込めた気持ち。）,諷意,ふうい（ほのめかしや、あてこすりに込めた気持ち。）,1386,0.527533021
きょうきょ（仮に住むこと。）,僑居,きょうきょ（仮に住むこと。）,367,0.527773994
こひょう（ひょうたん。ふくべ。）,瓠瓢,こひょう（ひょうたん。ふくべ。）,522,0.528371863
しょうじ（ほんの少しの間。）,霎時,しょうじ（ほんの少しの間。）,855,0.529437778
「きべん」を弄する,詭弁,「きべん」を弄する,304,0.529580357
くゆらす,燻らす,くゆらす,430,0.530826558
ようちゅう（外敵を征伐すること。）,膺懲,ようちゅう（外敵を征伐すること。）,1535,0.531852177
ポンド,听,ポンド,393,0.532109016
みなぎる,漲る,みなぎる,1140,0.532942025
さとう（ウマ・ウシなどの胆石や腸内の結石。）,鮓荅,さとう（ウマ・ウシなどの胆石や腸内の結石。）,656,0.5331782
せんかん（水がさらさらと流れるさま。）,潺湲,せんかん（水がさらさらと流れるさま。）,983,0.53333129
ひゆ（たとえばなし。。）,譬喩,ひゆ（たとえばなし。。）,1336,0.535255754
うんかく（書斎。）,芸閣,うんかく（書斎。）,76,0.535438012
こはく（樹脂。）,琥珀,こはく（樹脂。）,523,0.535960241
てんゆ（こびへつらうこと。）,諂諛,てんゆ（こびへつらうこと。）,1192,0.536050543
しちょう（旅行者の荷物。また、荷物を運ぶ車。）,輜重,しちょう（旅行者の荷物。また、荷物を運ぶ車。）,732,0.53635881
えんよ（食べ飽きる。）,厭飫,えんよ（食べ飽きる。）,1517,0.536527187
しょう（笛の一種。）,笙,しょう（笛の一種。）,832,0.536937708
おうかくまく,横膈膜,おうかくまく,216,0.536989568
きょうしゃ（財力や権勢などをたのんで贅沢を尽くすこと。）,驕奢,きょうしゃ（財力や権勢などをたのんで贅沢を尽くすこと。）,383,0.537117265
しゅくあ（持病。）,宿痾,しゅくあ（持病。）,3,0.538077597
さくれつ（はじけ散ること。）,炸裂,さくれつ（はじけ散ること。）,672,0.539695576
あつらえる,誂える,あつらえる,1138,0.541400562
こんだく（混濁。）,溷濁,こんだく（混濁。）,640,0.543903141
こうし（財産の多いこと。）,高貲,こうし（財産の多いこと。）,722,0.54459643
えいかい（おおうなばら。）,瀛海,えいかい（おおうなばら。）,91,0.544721193
りょりょく（筋肉の力。）,膂力,りょりょく（筋肉の力。）,1579,0.544900893
めいそう（目をつぶり、心静かに深く考えること。）,瞑想,めいそう（目をつぶり、心静かに深く考えること。）,1495,0.545975547
ずいどう（トンネル。）,匍匐,ずいどう（トンネル。）,923,0.546688038
こうもん（尻。）,肛門,こうもん（尻。）,555,0.547008375
けんか（かまびすしい。）,諠譁,けんか（かまびすしい。）,170,0.547861757
かんかい（盗品。）,歛丐,かんかい（盗品。）,273,0.548852344
きょしょく（車の前の横木によりかかる。）,拠軾,きょしょく（車の前の横木によりかかる。）,886,0.550550259
はんしょ（書物に火をつけて、燃やしてしまうこと。）,燔書,はんしょ（書物に火をつけて、燃やしてしまうこと。）,1302,0.550917966
けんべつ（はっきりと区別すること。）,甄別,けんべつ（はっきりと区別すること。）,496,0.55145327
こうこう（明るくひかるさま。）,耿耿、皓皓、煌煌,こうこう（明るくひかるさま。）,572,0.552431243
ぎょし（ふかひれ。）,魚翅,ぎょし（ふかひれ。）,711,0.553177748
ひょうい（霊がつくこと。）,憑依,ひょうい（霊がつくこと。）,1350,0.554558998
みずのと（キ）,癸,みずのと（キ）,290,0.554637638
はつらつ,?剌,はつらつ,1550,0.557531628
えんけん（ おごり高ぶるさま。）,偃蹇,えんけん（ おごり高ぶるさま。）,502,0.557746573
ろくろ,轆轤,ろくろ,1640,0.55928904
ばくしん（非常な勢いで、まっしぐらに進むこと。）,驀進,ばくしん（非常な勢いで、まっしぐらに進むこと。）,1292,0.559581824
はつおん（国語の発音で、はねる音。）,撥音,はつおん（国語の発音で、はねる音。）,1293,0.55983595
ほぜい（税からのがれること。）,逋税,ほぜい（税からのがれること。）,1436,0.560968812
しょうぎ（長方形のわく二つを筋交いに組み合わせて布を張った、折り畳みの腰掛け。）,牀机,しょうぎ（長方形のわく二つを筋交いに組み合わせて布を張った、折り畳みの腰掛け。）,823,0.560981448
こじれる,拗れる,こじれる,1522,0.561039237
しょくしょく（虫・小鳥・ネズミなどが小さく鳴くさま。）,喞喞,しょくしょく（虫・小鳥・ネズミなどが小さく鳴くさま。）,884,0.561305795
ようだい（たまで飾られたりっぱで美しい高殿。）,瑶台,ようだい（たまで飾られたりっぱで美しい高殿。）,1531,0.562087341
せっき（入り日の光。）,夕暉,せっき（入り日の光。）,302,0.56289655
びんべん（つとめ励むこと。）,黽勉,びんべん（つとめ励むこと。）,1434,0.562955922
ソウアイ、わらじ,草鞋,ソウアイ、わらじ,12,0.563028331
こくふく（克復。）,剋復,こくふく（克復。）,625,0.564892661
かいが、けげん（いぶかる。）,怪訝,かいが、けげん（いぶかる。）,173,0.565421445
かんたく（冬の拍子木。）,寒柝,かんたく（冬の拍子木。）,1079,0.566277943
まみ（アナグマ、またはタヌキの別称。）,猯,まみ（アナグマ、またはタヌキの別称。）,1096,0.566366409
しゃあく（赤土と白土。）,赭堊,しゃあく（赤土と白土。）,1,0.570078933
さんさん（涙がはらはらと流れるさま。）,潸潸,さんさん（涙がはらはらと流れるさま。）,685,0.570304992
かんぎょ（牛馬を買いやしなう所。）,豢圉,かんぎょ（牛馬を買いやしなう所。）,264,0.570326975
しせき（きわめて近い距離。）,咫尺,しせき（きわめて近い距離。）,705,0.570472549
そご,齟齬,そご,547,0.570583905
エイゲン、いもり,蠑?,エイゲン、いもり,92,0.570971475
くすぐる,擽る,くすぐる,1574,0.571586085
ぜいせい（ほぞを噛むこと。）,噬臍,ぜいせい（ほぞを噛むこと。）,949,0.571797002
しょうよう（気ままに歩くこと。）,逍遥,しょうよう（気ままに歩くこと。）,833,0.571923112
さっそう（人の態度や動作などがきびきびして、さわやかに感じられるさま。）,颯爽,さっそう（人の態度や動作などがきびきびして、さわやかに感じられるさま。）,680,0.572987356
ひま（植物。）,蓖麻,ひま（植物。）,1321,0.575056618
しゅうき（ひかりかがやく。）,緝熙,しゅうき（ひかりかがやく。）,308,0.575443408
こうじつ（なれ親しみ、遠慮がなくなること。）,狎昵,こうじつ（なれ親しみ、遠慮がなくなること。）,560,0.57585722
ざつじゅう（雑然と入りまじること。）,雑糅,ざつじゅう（雑然と入りまじること。）,794,0.576008548
がいさい（ちょっとにらむこと。）,睚眥,がいさい（ちょっとにらむこと。）,205,0.576242746
まひ（しびれる。）,麻痺、痲?,まひ（しびれる。）,1320,0.576523739
まっかつ（ツングース。）,靺鞨,まっかつ（ツングース。）,241,0.57657498
ぜいちく（めどぎ。）,筮竹,ぜいちく（めどぎ。）,946,0.577261479
さいは（敵軍をくだきやぶること。）,摧破,さいは（敵軍をくだきやぶること。）,665,0.577830504
とがい（虫が本や衣服などを食って害をなすこと。）,蠹害,とがい（虫が本や衣服などを食って害をなすこと。）,1206,0.578088476
さいそ（祭肉。ひもろぎ。）,祭胙,さいそ（祭肉。ひもろぎ。）,1011,0.578090711
のう（同意を求める語。なあ。）,喃,のう（同意を求める語。なあ。）,1256,0.578515551
るいし（しのびうた。）,誄詞,るいし（しのびうた。）,1599,0.578680537
ちょうきゅう（テンの毛皮で作った高貴な人の着る衣服。）,貂裘,ちょうきゅう（テンの毛皮で作った高貴な人の着る衣服。）,1137,0.57883159
くっき（にわかに起こり立ち、群を抜いていること。）,崛起,くっき（にわかに起こり立ち、群を抜いていること。）,426,0.57894925
かんかんがくがく,諤諤,かんかんがくがく,239,0.57915641
かんてい（戦いに勝って、敵を平定すること。）,戡定,かんてい（戦いに勝って、敵を平定すること。）,262,0.579469964
ぶんぜい（蚊。）,蚊?,ぶんぜい（蚊。）,948,0.579486241
こうのとり,鸛,こうのとり,284,0.580231352
つくり（部首に対して。）,旁,つくり（部首に対して。）,1441,0.580717308
しっこく（足かせ手かせ。）,桎梏,しっこく（足かせ手かせ。）,627,0.581477102
えいきょく（中世の歌謡・流行歌の総称。）,郢曲,えいきょく（中世の歌謡・流行歌の総称。）,84,0.581680086
こうこう（弦楽器の一つ。）,箜篌,こうこう（弦楽器の一つ。）,599,0.581697327
ほだす,絆す,ほだす,1298,0.58356942
おさむし,筬虫,おさむし,936,0.58385353
とっかん（突撃に移る前に、士気を高めるために、指揮者の合図に応じて声を大きく張り上げること。）,吶喊,とっかん（突撃に移る前に、士気を高めるために、指揮者の合図に応じて声を大きく張り上げること。）,256,0.584496198
さんぜん（あざやかに光り輝くさま。）,粲然,さんぜん（あざやかに光り輝くさま。）,684,0.58527417
そしょう（大雑把であらいこと。）,粗鬆,そしょう（大雑把であらいこと。）,863,0.585515852
ほふく（腹這いになること。）,匍匐,ほふく（腹這いになること。）,1388,0.586617943
かもじ,髢,かもじ,1168,0.587102225
せんえつ（身分・分限を越え、出過ぎること。）,僭越,せんえつ（身分・分限を越え、出過ぎること。）,980,0.588183255
ショウジュ、こめかみ,顳?,ショウジュ、こめかみ,869,0.589651631
こうよう（湖や海洋などで、水面が広々としていて底の深そうなさま。）,滉瀁,こうよう（湖や海洋などで、水面が広々としていて底の深そうなさま。）,588,0.590005157
そうか（多数の水主で漕ぐ、速力の速い軍舟。）,走舸,そうか（多数の水主で漕ぐ、速力の速い軍舟。）,155,0.590252745
ひすい（玉。）,翡翠,ひすい（玉。）,1325,0.590532392
そうじゅつ（植物。おけら。）,蒼朮,そうじゅつ（植物。おけら。）,799,0.590746094
えんゆう（草木を植えて、鳥や獣などを飼っているところ。）,苑囿,えんゆう（草木を植えて、鳥や獣などを飼っているところ。）,1512,0.590983528
ヘンプク、こうもり,蝙蝠,ヘンプク、こうもり,1428,0.593319458
たいとう（頭をもたげること。）,擡頭,たいとう（頭をもたげること。）,1075,0.596221531
しこう（つつしんで貴人のそば近く仕えること。）,祗候,しこう（つつしんで貴人のそば近く仕えること。）,710,0.597546035
してん（店。）,肆廛,してん（店。）,727,0.59810012
さやえんどう,莢豌豆,さやえんどう,118,0.59975346
りょうらい（安心してたよりにすること。）,聊頼,りょうらい（安心してたよりにすること。）,1582,0.601954029
きょごう（おごりたかぶること。）,倨傲,きょごう（おごりたかぶること。）,347,0.602157341
ぼうこう（体の器官。）,膀胱,ぼうこう（体の器官。）,573,0.602389218
かんらん（植物。）,橄欖,かんらん（植物。）,271,0.602915984
ほうふつ（よく似ていること。）,髣髴、彷彿,ほうふつ（よく似ていること。）,1457,0.603540068
しゅうごう（集合。）,聚合,しゅうごう（集合。）,786,0.603990162
こうしょう（大声で笑う。）,哄笑,こうしょう（大声で笑う。）,564,0.60407422
しょうえん（かき。）,牆垣,しょうえん（かき。）,858,0.604274802
すいこう（文章を何度も練り直すこと。）,推敲,すいこう（文章を何度も練り直すこと。）,595,0.604335277
せっぷ（中国の叢書。）,説郛,せっぷ（中国の叢書。）,1373,0.605056783
しょうろう（艦船のほばしらの上部につけられたものみやぐら。）,檣楼,しょうろう（艦船のほばしらの上部につけられたものみやぐら。）,857,0.606745568
つぶやく,呟く,つぶやく,508,0.606983158
かひ（かさぶた。）,痂皮,かひ（かさぶた。）,153,0.607709164
こんぼう（丸い木の棒。）,棍棒,こんぼう（丸い木の棒。）,638,0.608712444
あんみつ,餡蜜,あんみつ,27,0.608821988
「げき」を飛ばす,檄,「げき」を飛ばす,461,0.6097456
け（ふだん。）,褻,け（ふだん。）,968,0.61001654
ばら、ショウビ,薔薇,ばら、ショウビ,853,0.61016184
げんしつ（原野と湿地。）,原隰,げんしつ（原野と湿地。）,755,0.611453389
かきん（欠点。）,瑕瑾,かきん（欠点。）,400,0.611728585
トケン、ほととぎす,杜鵑,トケン、ほととぎす,505,0.611880924
なだめ「すかす」,賺す,なだめ「すかす」,1103,0.612820608
ようげき（攻めて来る敵を、むかえ討つこと。）,邀撃,ようげき（攻めて来る敵を、むかえ討つこと。）,1536,0.613410435
はたと（胸にこたえたさま。）,礑と,はたと（胸にこたえたさま。）,1232,0.614190056
しおり,栞,しおり,252,0.614515422
こうくん（赤いもすそ）,絳裙,こうくん（赤いもすそ）,581,0.616106282
こうかん（てこ。）,槓杆,こうかん（てこ。）,247,0.616268216
「けんさん」を積む,研鑽,「けんさん」を積む,689,0.617642847
こそげる,刮げる,こそげる,227,0.618920812
れいよう（動物。）,羚羊,れいよう（動物。）,1604,0.620686356
けんこつ（?骨。）,顴骨,けんこつ（?骨。）,507,0.621308811
やましい,疚しい,やましい,335,0.622155647
きんじょく（ふすまと、しとね。）,衾褥,きんじょく（ふすまと、しとね。）,395,0.622595518
あつれき,軋轢,あつれき,19,0.623154639
しょうかん（広くてしずかなさま。）,敞閑,しょうかん（広くてしずかなさま。）,835,0.623746426
ろちょう（頭のてっぺん。）,顱頂,ろちょう（頭のてっぺん。）,1625,0.624047343
ひがい,鰉,ひがい,614,0.624913432
しゅうう（にわか雨。）,驟雨,しゅうう（にわか雨。）,791,0.625390943
たんこ（あまの住む家。）,蜑戸,たんこ（あまの住む家。）,1097,0.6256817
かんすい（気持ちよく酔うこと。）,酣酔,かんすい（気持ちよく酔うこと。）,260,0.625996494
ふくそう（ものごとが1ヵ所に集中するさま。）,輻輳、輻湊,ふくそう（ものごとが1ヵ所に集中するさま。）,1041,0.627904406
きょうがい（非常に驚くこと。）,驚駭,きょうがい（非常に驚くこと。）,207,0.628307225
こねる、つくねる,捏ねる,こねる、つくねる,1260,0.628443225
ぎょしゃ（御者。）,馭者,ぎょしゃ（御者。）,353,0.630774925
えんおう（無実の罪。）,冤枉,えんおう（無実の罪。）,107,0.630958874
すうじょう（草刈りときこり。 転じて、身分の低い者をいった語。）,芻蕘,すうじょう（草刈りときこり。 転じて、身分の低い者をいった語。）,876,0.632492268
さんだつ,簒奪,さんだつ,686,0.633539932
じゃこうじか,麝香鹿,じゃこうじか,761,0.634139986
えきよう（世を重ねること。）,奕葉,えきよう（世を重ねること。）,95,0.634505303
ていご（くいちがう。）,牴牾,ていご（くいちがう。）,543,0.634828689
かぶとがに,?,かぶとがに,623,0.634964885
しゅうし（きりぎりす。）,螽斯,しゅうし（きりぎりす。）,789,0.635344625
とどく（非常に苦しめること。）,荼毒,とどく（非常に苦しめること。）,1202,0.636389311
じょうろん（互いに意見を主張して、議論すること。）,諍論,じょうろん（互いに意見を主張して、議論すること。）,1035,0.636591712
せいふん（こなみじんになること。）,齏粉,せいふん（こなみじんになること。）,950,0.636655448
かろ（自分の家をへりくだっていう語。）,蝸廬,かろ（自分の家をへりくだっていう語。）,165,0.636886772
かんぎょ（ふせぎ守ること。）,扞禦、捍禦,かんぎょ（ふせぎ守ること。）,245,0.63745245
うわぐすり,釉,うわぐすり,1515,0.638220678
こんろん（中国西方の伝説上の霊山。）,崑崙,こんろん（中国西方の伝説上の霊山。）,635,0.638934507
しょうこく（きびしく残忍なこと。）,峭刻,しょうこく（きびしく残忍なこと。）,826,0.639296671
ささやく,囁く,ささやく,866,0.639322374
しゅろ（植物。）,棕櫚、棕梠,しゅろ（植物。）,774,0.640345833
しみじみ,沁み沁み,しみじみ,893,0.640604352
おうさ（ウグイスが枝から枝へ飛び移って鳴くさまを、機のひの動く様子にたとえた語。）,鶯梭,おうさ（ウグイスが枝から枝へ飛び移って鳴くさまを、機のひの動く様子にたとえた語。）,649,0.640676168
くぜん（目を見開いて驚くさま。）,瞿然,くぜん（目を見開いて驚くさま。）,419,0.641024862
ひこつ（骨。）,腓骨,ひこつ（骨。）,1318,0.641708441
しんかん（欠点を指摘していましめること）,箴諫,しんかん（欠点を指摘していましめること）,905,0.642327286
かいちょく（戒めてつつしませること。）,戒飭,かいちょく（戒めてつつしませること。）,1146,0.642760521
エンテイ、やもり,??,エンテイ、やもり,117,0.642994655
もうこ（盲人。）,矇瞽,もうこ（盲人。）,534,0.64299996
べいべつ（たもとを分かつこと。）,袂別,べいべつ（たもとを分かつこと。）,1411,0.643892521
せんけん（女性の姿があでやかに美しいさま。）,嬋娟,せんけん（女性の姿があでやかに美しいさま。）,483,0.644380362
でっし（歯を黒く染めること。）,涅歯,でっし（歯を黒く染めること。）,1182,0.644984978
おうう（おきなと、おうな。）,翁嫗,おうう（おきなと、おうな。）,136,0.645288467
じらい（近ごろ。）,邇来,じらい（近ごろ。）,749,0.645818467
おうか（田植え歌。）,秧歌,おうか（田植え歌。）,133,0.646473605
「こむら」返り,腓,「こむら」返り,1319,0.647260729
へいせん（戦争による火災。）,兵燹,へいせん（戦争による火災。）,990,0.649210656
はいが（種子の中で、芽となって生長する部分。）,胚芽,はいが（種子の中で、芽となって生長する部分。）,1272,0.649718418
ちと（キジとウサギ。）,雉兎,ちと（キジとウサギ。）,1108,0.650163899
ていねい（泥水。）,汀濘,ていねい（泥水。）,1259,0.650607476
ようか（さなぎに変態すること。）,蛹化,ようか（さなぎに変態すること。）,1532,0.651500376
ふうてん（定職をもたず、ぶらぶらしている人。）,瘋癲,ふうてん（定職をもたず、ぶらぶらしている人。）,1385,0.65167876
こうそく（悲しんで胸がふさがる。）,哽塞,こうそく（悲しんで胸がふさがる。）,567,0.652002188
えしん（けがれた身。）,穢身,えしん（けがれた身。）,1642,0.652406559
こんしん（からだ全体。）,渾身,こんしん（からだ全体。）,636,0.652557532
さんきん（参勤。）,参覲,さんきん（参勤。）,403,0.652896841
りゅうりょう（楽器の音などがさえわたるさま。）,嚠喨、瀏亮,りゅうりょう（楽器の音などがさえわたるさま。）,1578,0.654334967
ぼうしゅく（すばる。）,昴宿,ぼうしゅく（すばる。）,1467,0.654384892
あんが（天子が逝去すること。）,晏駕,あんが（天子が逝去すること。）,23,0.654395955
しょくざい（罪ほろぼしをすること。）,贖罪,しょくざい（罪ほろぼしをすること。）,888,0.654490661
ぼかす,暈す,ぼかす,78,0.654769092
いんめつ（消えてなくなること。）,堙滅、湮滅,いんめつ（消えてなくなること。）,65,0.655744943
りょうらく（少なくてまばらなさま。）,寥落,りょうらく（少なくてまばらなさま。）,1583,0.655784575
さじん（衣服を左前に着て、野蛮人の風俗をすること。）,左袵,さじん（衣服を左前に着て、野蛮人の風俗をすること。）,911,0.656380729
なた,鉈,なた,757,0.65694791
ろかい（あろえ。）,蘆薈,ろかい（あろえ。）,1622,0.657356151
ふくさ（絹などの小形のふろしき。）,袱紗、袱,ふくさ（絹などの小形のふろしき。）,1389,0.658366613
そうそう（水がよどみなくさらさらと流れるさま。）,淙淙,そうそう（水がよどみなくさらさらと流れるさま。）,1024,0.65871225
すいく（息を吹きかけて温めたり冷ましたりすること。）,吹煦,すいく（息を吹きかけて温めたり冷ましたりすること。）,414,0.659591176
ばいせん（火でいること。）,焙煎,ばいせん（火でいること。）,1448,0.659823204
けなす,貶す,けなす,1425,0.660252795
きちょうめん,几帳面,きちょうめん,286,0.660618693
ばんそうこう,絆創膏,ばんそうこう,1297,0.662521341
しろく（官職につき、職責をはたさないで給料を取ること。）,尸禄,しろく（官職につき、職責をはたさないで給料を取ること。）,698,0.663460593
すいぜん（よだれをたらすこと。）,垂涎,すいぜん（よだれをたらすこと。）,973,0.665424564
ひしょう（召使いの女性。はしため。）,婢妾,ひしょう（召使いの女性。はしため。）,1315,0.665531756
かまち,框,かまち,361,0.665646011
ていねい（礼儀正しいさま。）,叮嚀,ていねい（礼儀正しいさま。）,1154,0.665665041
しょうよう（すすめそそのかすこと。）,慫慂,しょうよう（すすめそそのかすこと。）,843,0.665695473
かちあう（ぶつかり合う。）,搗ち合う,かちあう（ぶつかり合う。）,1216,0.665709571
せいが（人材を育成すること。）,菁莪,せいが（人材を育成すること。）,172,0.665932991
るいせつ（罪人として獄に入れられること。）,縲絏、縲紲,るいせつ（罪人として獄に入れられること。）,1601,0.666226179
しんけい（田のあぜ。）,畛畦,しんけい（田のあぜ。）,897,0.668140237
ほうはい（水の勢いが盛んなさま。）,澎湃,ほうはい（水の勢いが盛んなさま。）,1458,0.668469157
ふふつ（古代の天子の礼服のぬいとり。）,黼黻,ふふつ（古代の天子の礼服のぬいとり。）,1381,0.668534886
ろうほ（はたけ。）,壟畝、隴畝,ろうほ（はたけ。）,1633,0.668953304
せきじゅん（洞窟生成物。）,石筍,せきじゅん（洞窟生成物。）,807,0.669268902
アイキ、おくび,?気、噫気,アイキ、おくび,13,0.669580147
みろくぼさつ,弥勒菩薩,みろくぼさつ,1638,0.669804954
おうおう（おきなと、おうな。）,翁媼,おうおう（おきなと、おうな。）,134,0.669946153
ひちりき,篳篥,ひちりき,1342,0.670495667
べんぶん（故事を多用する文体。）,駢文,べんぶん（故事を多用する文体。）,1429,0.671404486
だじゃく（気がよわいこと。）,懦弱,だじゃく（気がよわいこと。）,1068,0.67141751
へんさ（だましていつわること。）,騙詐,へんさ（だましていつわること。）,1430,0.672597863
そびえる,聳える,そびえる,859,0.673054579
ちょうぜん（直立して身動きしないさま。）,輒然,ちょうぜん（直立して身動きしないさま。）,1141,0.673465739
はくしょ（絹に書いた文書や手紙。）,帛書,はくしょ（絹に書いた文書や手紙。）,1280,0.673632308
ひびゅう（あやまり。）,紕繆,ひびゅう（あやまり。）,1314,0.673988163
百姓「いっき」,一揆,百姓「いっき」,298,0.674408362
そうぼう（いそがしいこと。）,匆忙、怱忙,そうぼう（いそがしいこと。）,1018,0.675138928
てこ、チョウ,梃,てこ、チョウ,1158,0.675493546
いんぷう（みだらな風潮・風俗。淫風とも。）,婬風,いんぷう（みだらな風潮・風俗。淫風とも。）,64,0.67621933
つま（着物の裾の左右の両端。）,褄,つま（着物の裾の左右の両端。）,1152,0.67627374
こんこう（異種のものが入り混じること。）,混淆,こんこう（異種のものが入り混じること。）,576,0.676663937
しょうは（鳥や飛行機が長い距離をとびきること。）,翔破,しょうは（鳥や飛行機が長い距離をとびきること。）,839,0.677235516
じょうしん（古代、五位以上の身分の高い人についた護衛の官人。）,仗身,じょうしん（古代、五位以上の身分の高い人についた護衛の官人。）,871,0.678577863
ていかい（物思いにふけりながら、うろうろと行ったり来たりすること。）,?徊,ていかい（物思いにふけりながら、うろうろと行ったり来たりすること。）,1155,0.679335086
たこ（摩擦や圧迫などの刺激によって、皮膚の一部分がかたくなり、厚くなったもの。）,胝,たこ（摩擦や圧迫などの刺激によって、皮膚の一部分がかたくなり、厚くなったもの。）,1106,0.680281368
こじ（たのみとすること。）,怙恃,こじ（たのみとすること。）,517,0.68049789
かんか（事が思い通り運ばず不遇なさま。）,轗軻、坎軻,かんか（事が思い通り運ばず不遇なさま。）,160,0.680991003
てっとう（細かい物事にこだわらず、のびのびしていること。）,跌宕,てっとう（細かい物事にこだわらず、のびのびしていること。）,1180,0.681597826
じょうし（けぬき。ピンセット。）,鑷子,じょうし（けぬき。ピンセット。）,882,0.681882884
ぎちょう（ありづか。）,蟻冢,ぎちょう（ありづか。）,1134,0.682190592
しょうせき（あしあと。転じて、以前にあった事柄。）,蹤跡,しょうせき（あしあと。転じて、以前にあった事柄。）,862,0.68347728
ふんどし,褌,ふんどし,643,0.683847622
しゅんせつ（水底の泥をさらって深くすること。）,浚渫,しゅんせつ（水底の泥をさらって深くすること。）,801,0.684097024
しころ,錏,しころ,5,0.685058907
せんぜん（世に尽くすこともなく、いたずらに生き長らえること。）,甎全,せんぜん（世に尽くすこともなく、いたずらに生き長らえること。）,986,0.685080929
ふかん（高い所から見おろすこと。）,俯瞰,ふかん（高い所から見おろすこと。）,1372,0.685290912
はいぜん（勢いよく広がるさま。）,沛然、霈然,はいぜん（勢いよく広がるさま。）,1270,0.685824612
こか（あしぶえ。）,胡笳,こか（あしぶえ。）,154,0.687966852
ほうたい（包帯。）,繃帯,ほうたい（包帯。）,1463,0.687989307
つぐみ（鳥。）,鶫,つぐみ（鳥。）,1151,0.688245369
すずな,菘,すずな,928,0.68830519
こしつ（持病。）,痼疾,こしつ（持病。）,528,0.688553154
うんびん（女性のかみの毛の美しさを雲にたとえていう語。）,雲鬢,うんびん（女性のかみの毛の美しさを雲にたとえていう語。）,1368,0.689367159
はんごうすいさん,飯盒炊爨,はんごうすいさん,690,0.689900907
せんろく（心に深く刻んで記憶すること。）,鐫録,せんろく（心に深く刻んで記憶すること。）,999,0.689921701
しんとう（振り動かすこと。）,震盪,しんとう（振り動かすこと。）,1228,0.690190139
ちゅうとう（人の物をぬすむこと。「トウトウ」の慣用読み。）,偸盗,ちゅうとう（人の物をぬすむこと。「トウトウ」の慣用読み。）,1212,0.690256873
かくぎ（光り輝くさま。）,赫曦,かくぎ（光り輝くさま。）,324,0.692072264
そもう（ヒツジなど動物の毛をすいて長さをそろえる。）,梳毛,そもう（ヒツジなど動物の毛をすいて長さをそろえる。）,1012,0.692722463
うなされる,魘される,うなされる,129,0.695535201
ひ（機織りの道具。）,杼,ひ（機織りの道具。）,1129,0.695620194
ぎょくし（玉で造ったさかずき。 ）,玉卮,ぎょくし（玉で造ったさかずき。 ）,699,0.696408043
へいすい（ウキクサと水。）,萍水,へいすい（ウキクサと水。）,1405,0.696465249
ささら（洗い用具。）,簓,ささら（洗い用具。）,988,0.696533272
きゅうりゅう（大空。）,穹窿,きゅうりゅう（大空。）,336,0.697717491
へいふ（たおれて死ぬこと。）,斃仆,へいふ（たおれて死ぬこと。）,1410,0.698317824
はくせき（皮膚の色が白いこと。）,白皙,はくせき（皮膚の色が白いこと。）,954,0.700061143
コーヒー,珈琲,コーヒー,152,0.700297405
かんとく（おかしけがす。）,干黷,かんとく（おかしけがす。）,1249,0.701560296
きしゅく（経験豊かで学徳の備わった老人。）,耆宿,きしゅく（経験豊かで学徳の備わった老人。）,292,0.702561904
いんじょく（しとね。ふとん。）,茵蓐,いんじょく（しとね。ふとん。）,60,0.702953833
ひょうぼう（かすかに見えるさま。）,縹渺、縹眇、縹緲,ひょうぼう（かすかに見えるさま。）,1351,0.703720859
すいぶ（なだめて、安らかにすること。）,綏撫,すいぶ（なだめて、安らかにすること。）,921,0.70410703
「しとく」の愛（親が子を深く愛すること。）,舐犢,「しとく」の愛（親が子を深く愛すること。）,712,0.704297338
そうきょく（ことを演奏する楽曲。）,箏曲,そうきょく（ことを演奏する楽曲。）,1032,0.705719561
ショウリョウ、みそさざい,鷦鷯,ショウリョウ、みそさざい,868,0.705865373
おとり,囮,おとり,148,0.70592487
「イトン」の富（莫大な富のこと。）,猗頓の富,「イトン」の富（莫大な富のこと。）,36,0.706195702
はいかい（目的もなく歩き回る。）,徘徊,はいかい（目的もなく歩き回る。）,177,0.708526707
どうき（どきどき。）,動悸,どうき（どきどき。）,293,0.710925735
こうわく（おそれてうろたえること。）,惶惑,こうわく（おそれてうろたえること。）,578,0.711118122
えんせき（むしろ。宴会の席。）,筵席,えんせき（むしろ。宴会の席。）,113,0.711985906
こうもん（水門。）,閘門,こうもん（水門。）,593,0.712277766
ぼうぎゅう（ヤク。）,旄牛,ぼうぎゅう（ヤク。）,1468,0.713538897
テキチョク、つつじ,躑躅,テキチョク、つつじ,1147,0.713811634
がとう（寝台。）,臥榻,がとう（寝台。）,1221,0.714220496
れいしょ（人民。）,黎庶,れいしょ（人民。）,1605,0.714303777
どうもう（いくさぶね。）,艟艨,どうもう（いくさぶね。）,1246,0.714327788
うそ（鳥。）,鷽,うそ（鳥。）,225,0.715967505
けいえん（夫とはなればなれの妻のうらみや悲しみ。）,閨怨,けいえん（夫とはなればなれの妻のうらみや悲しみ。）,443,0.716004934
うじゃく（かささぎ。）,烏鵲,うじゃく（かささぎ。）,769,0.716430176
めどぎ（ぜいちくのこと。）,筴,めどぎ（ぜいちくのこと。）,365,0.716745416
きょうい（教え習わせること。）,教肄,きょうい（教え習わせること。）,40,0.717088856
とばっちり,迸り,とばっちり,1454,0.717123057
こうかつ（わるがしこい。）,狡猾、狡黠,こうかつ（わるがしこい。）,232,0.717289702
ゴショウ、ひるげ,午餉,ゴショウ、ひるげ,849,0.717611077
しんもう（草木が群がり茂っている所。）,榛莽,しんもう（草木が群がり茂っている所。）,1498,0.718775112
きょうきょ（四角いかごと丸いかご。）,筐筥,きょうきょ（四角いかごと丸いかご。）,348,0.719495628
かくてい（力比べや相撲をすること。）,角觝,かくてい（力比べや相撲をすること。）,1165,0.719521181
喧々「ごうごう」,囂々,喧々「ごうごう」,622,0.72006363
らくだ,駱駝,らくだ,1067,0.721705572
おんしゅう（なさけとうらみ。）,恩讐,おんしゅう（なさけとうらみ。）,790,0.721868666
きゅうだん（糾弾。）,糺弾,きゅうだん（糾弾。）,333,0.722056822
こんとう（したばかま。）,褌襠,こんとう（したばかま。）,1233,0.723747265
ひんぷん（多くのものが入り乱れるさま。）,繽紛,ひんぷん（多くのものが入り乱れるさま。）,1362,0.725729147
めいもう（小雨が降ったり曇ったりして、うす暗くぼんやりしているさま。）,溟濛,めいもう（小雨が降ったり曇ったりして、うす暗くぼんやりしているさま。）,1494,0.726216937
はりねずみ,蝟,はりねずみ,43,0.726399561
しょとう（サトウキビなどの汁からつくった砂糖。）,蔗糖,しょとう（サトウキビなどの汁からつくった砂糖。）,758,0.726621722
一世を「ふうび」する,風靡,一世を「ふうび」する,1332,0.72675196
ホウカ、のろし,烽火,ホウカ、のろし,1445,0.73024593
トウロウ、かまきり,螳螂、蟷螂,トウロウ、かまきり,1230,0.730356288
泣き「じゃくる」,?る,泣き「じゃくる」,106,0.732008908
ますめ,枡目,ますめ,1483,0.732918825
かいせん（皮膚病。）,疥癬,かいせん（皮膚病。）,178,0.733637642
こうきょく（田と田との間のみぞ。）,溝洫,こうきょく（田と田との間のみぞ。）,389,0.733962015
まつり（植物。）,茉莉,まつり（植物。）,1484,0.734502116
いなせ,鯔背,いなせ,742,0.73462861
だっさいき（正岡子規の命日。）,獺祭忌,だっさいき（正岡子規の命日。）,1088,0.734979377
へいきょ（家の一室に引きこもっていること。）,?居,へいきょ（家の一室に引きこもっていること。）,1404,0.735932695
はんしょう（汎称。）,泛称,はんしょう（汎称。）,1296,0.736675955
けんてき（水のしたたり。転じて、小さなもの。）,涓滴,けんてき（水のしたたり。転じて、小さなもの。）,484,0.73686439
ひぐま,羆,ひぐま,1331,0.737400096
「がいか」の戦い,垓下,「がいか」の戦い,199,0.739298137
じゅんきょ（定まった巣をもたないウズラのように、あちこち転々として住居が定まらないこと。）,鶉居,じゅんきょ（定まった巣をもたないウズラのように、あちこち転々として住居が定まらないこと。）,810,0.740860155
トウイ、ゆのし（布のしわ等を、蒸気でしめして伸ばすこと。）,湯熨,トウイ、ゆのし（布のしわ等を、蒸気でしめして伸ばすこと。）,42,0.740925674
えきてい（後宮。）,掖廷,えきてい（後宮。）,96,0.741462726
ぼいん（指紋を押し、印鑑の代わりとするもの。）,拇印,ぼいん（指紋を押し、印鑑の代わりとするもの。）,1437,0.741647379
ばかん（くつわの、馬の口にくわえさせる部分。）,馬銜,ばかん（くつわの、馬の口にくわえさせる部分。）,266,0.742074673
ばんば（そりや車をひかせるウマ。）,輓馬,ばんば（そりや車をひかせるウマ。）,1306,0.743052208
くんこ（字句の解釈。）,訓詁,くんこ（字句の解釈。）,526,0.743755336
くびき,軛,くびき,1507,0.743907839
なめす,鞣す,なめす,796,0.744193842
ろうかい（わるがしこい。）,老獪,ろうかい（わるがしこい。）,194,0.744513133
ひご（根拠のない無責任なうわさ。）,蜚語,ひご（根拠のない無責任なうわさ。）,1326,0.744690382
こうぼう（広さ。）,広袤,こうぼう（広さ。）,1471,0.744760842
ざんげ,懺悔,ざんげ,696,0.74476857
けんけん（言いにくいことをはっきり言うさま。）,謇謇,けんけん（言いにくいことをはっきり言うさま。）,501,0.745526177
きじん（変わり者。）,畸人,きじん（変わり者。）,303,0.747440666
かかあでんか,嬶天下、嚊天下,かかあでんか,209,0.749202953
ほせつ（飲食。）,餔啜,ほせつ（飲食。）,960,0.749411398
胸が「つかえる」,痞える,胸が「つかえる」,1317,0.750146342
うなる,唸る,うなる,1185,0.752366248
もちごめ,糯,もちごめ,1069,0.752661149
ひち（股肉が、厚く堅くなったもの。）,髀胝,ひち（股肉が、厚く堅くなったもの。）,1330,0.752932202
きかく（前後から敵を攻撃すること。）,掎角,きかく（前後から敵を攻撃すること。）,294,0.753636317
しょうかん（そら。）,霄漢,しょうかん（そら。）,848,0.753826062
ふきのとう,蕗の薹,ふきのとう,1076,0.754250351
いんしん（活気にあふれること。）,殷賑,いんしん（活気にあふれること。）,61,0.755856924
こうそう（内部の者どうしが争うこと。）,訌争,こうそう（内部の者どうしが争うこと。）,574,0.756216569
げんいく（自分をてらい、売りこむ。）,衒鬻,げんいく（自分をてらい、売りこむ。）,54,0.757874908
いぶす,燻す,いぶす,431,0.757923054
こだま、やまびこ,谺,こだま、やまびこ,157,0.757979655
おうてん（狭い世間の意で、見識の狭いことのたとえ。）,甕天,おうてん（狭い世間の意で、見識の狭いことのたとえ。）,140,0.758373971
きょうこう（まぐれ当たりの幸福を求めること。）,徼幸,きょうこう（まぐれ当たりの幸福を求めること。）,374,0.759296466
おんびょう（急性の発熱性感染症。）,瘟病,おんびょう（急性の発熱性感染症。）,146,0.759655873
ようそく（ふさぐこと。）,壅塞,ようそく（ふさぐこと。）,1534,0.760542085
びたい（人にとり入ろうとする態度。）,媚態,びたい（人にとり入ろうとする態度。）,1337,0.760776556
どうばん（仏堂に飾るはた。）,幢幡,どうばん（仏堂に飾るはた。）,1223,0.761215981
きしゅう（ちりとりとほうき。）,箕帚,きしゅう（ちりとりとほうき。）,1021,0.761338341
おうおう（心に不平や不満があって、元気のないさま。）,怏怏,おうおう（心に不平や不満があって、元気のないさま。）,131,0.761382899
かいかい（おどけること。）,詼諧,かいかい（おどけること。）,187,0.761937619
びしん（わらう。）,鼻哂,びしん（わらう。）,895,0.76406794
せんめい（はっきりしない道理などを明らかにすること。）,闡明,せんめい（はっきりしない道理などを明らかにすること。）,997,0.764961419
むこ（罪のないこと。）,無辜,むこ（罪のないこと。）,527,0.765051133
きょうげき（挟みうちにすること。）,夾撃,きょうげき（挟みうちにすること。）,356,0.766068161
かしゅ（めとること。結婚。）,嫁娶,かしゅ（めとること。結婚。）,773,0.76651061
はらん（なみ。）,波瀾,はらん（なみ。）,1558,0.767037107
おこがましい,烏滸がましい,おこがましい,530,0.768472601
たんちゃ（中国やチベット、モンゴルなどで飲まれている茶。）,磚茶,たんちゃ（中国やチベット、モンゴルなどで飲まれている茶。）,987,0.768885255
しつけ,躾,しつけ,756,0.7689878
かんすい（いびきをかきながら眠ること。）,鼾睡,かんすい（いびきをかきながら眠ること。）,276,0.769826938
はいせつ（トイレでする。）,排泄,はいせつ（トイレでする。）,959,0.770007524
せんじゃく（よわい。）,孱弱,せんじゃく（よわい。）,975,0.770537771
せいげつ（晴れ渡った空の月。）,霽月,せいげつ（晴れ渡った空の月。）,944,0.771138852
いまん（とばり。）,幃幔,いまん（とばり。）,38,0.772339936
おさいせん,お賽銭,おさいせん,668,0.775511356
あいろ（せまくて通行が困難な道。支障。）,隘路,あいろ（せまくて通行が困難な道。支障。）,11,0.776057415
すえる（食物が腐ってすっぱくなる。）,饐える,すえる（食物が腐ってすっぱくなる。）,50,0.778253436
とうほん（石碑などの文字を、墨などで刷り写したもの。）,搨本,とうほん（石碑などの文字を、墨などで刷り写したもの。）,1218,0.77856539
へきかい（さき開くこと。）,劈開,へきかい（さき開くこと。）,1413,0.779630726
けつご（成語の下の語を省略し、前半だけで全体の意を表す方法。）,歇後,けつご（成語の下の語を省略し、前半だけで全体の意を表す方法。）,473,0.779828921
うだつ,?,うだつ,963,0.779942247
えら、あぎと,鰓,えら、あぎと,669,0.779985386
ふいご,鞴,ふいご,1392,0.780798339
もうろく（年老いて心身のはたらきがにぶること。）,耄碌,もうろく（年老いて心身のはたらきがにぶること。）,1497,0.781393066
くるぶし,踝,くるぶし,167,0.782062791
かけん（美人のまぶた。）,花瞼,かけん（美人のまぶた。）,503,0.782949659
フユウ、かげろう,蜉蝣,フユウ、かげろう,1376,0.783239351
うんげん（同系統の色を濃いものからしだいに淡いものへ並べていく彩色法。）,繧繝,うんげん（同系統の色を濃いものからしだいに淡いものへ並べていく彩色法。）,82,0.783700653
がほう（遊覧用の美しく飾った船。）,画舫,がほう（遊覧用の美しく飾った船。）,1443,0.783841695
スイセイ、ほうきぼし,彗星,スイセイ、ほうきぼし,916,0.78509411
「かい」より始めよ,隗,「かい」より始めよ,188,0.785274013
かんこう（象眼・埋め木細工・寄せ木細工などをする職人。）,嵌工,かんこう（象眼・埋め木細工・寄せ木細工などをする職人。）,257,0.785890129
足が「つる」,攣る,足が「つる」,1619,0.786362396
けんそう（人声や物音で騒がしいこと。）,喧噪、喧譟,けんそう（人声や物音で騒がしいこと。）,1037,0.786837637
おうめい（仲間を求め合うこと。）,嚶鳴,おうめい（仲間を求め合うこと。）,143,0.790597198
がいこう（自国の領域に外国が攻めてくること。 ）,外寇,がいこう（自国の領域に外国が攻めてくること。 ）,575,0.791125316
さし（沈殿物。）,渣滓,さし（沈殿物。）,650,0.791403729
ゲッキョウ、ぼうふら,孑?,ゲッキョウ、ぼうふら,354,0.791420788
こうこつ,恍惚,こうこつ,565,0.791900993
いてき（未開の民。）,夷狄,いてき（未開の民。）,1172,0.791988254
ごまめ、うつぼ,?,ごまめ、うつぼ,1003,0.792819817
かんば（あばれウマ。）,悍馬、駻馬,かんば（あばれウマ。）,251,0.793338663
みさご（鳥。）,鶚、雎,みさご（鳥。）,240,0.793566567
いく（おそれはばかること。）,畏懼,いく（おそれはばかること。）,420,0.79454892
ひうちいし、スイセキ,燧石,ひうちいし、スイセキ,924,0.795004134
こうこく（全国。）,闔国,こうこく（全国。）,610,0.795173338
しゅぜん（あごひげと、ほおひげ。）,鬚髯,しゅぜん（あごひげと、ほおひげ。）,777,0.795248181
ひりん（客が訪れてくることの敬称。）,賁臨,ひりん（客が訪れてくることの敬称。）,1323,0.795724065
じゅんさい（植物。ぬなわ。）,蓴菜,じゅんさい（植物。ぬなわ。）,808,0.796018078
しらみ,蝨、虱,しらみ,753,0.796285324
いたん（おそれて気をつかい、遠慮すること。）,畏憚,いたん（おそれて気をつかい、遠慮すること。）,1098,0.797312925
とうか,棹歌、櫂歌,とうか,1215,0.798593834
きょうおん（あしおと。）,跫音,きょうおん（あしおと。）,366,0.798886058
ぎょくかん（たまき？）,玉鐶,ぎょくかん（たまき？）,280,0.799113656
セキカク、しゃくとりむし,尺蠖,セキカク、しゃくとりむし,221,0.799690822
だっき（殷の紂王の寵妃の名。）,妲己,だっき（殷の紂王の寵妃の名。）,1086,0.799831375
じょせつ（くどくどと説明すること。）,絮説,じょせつ（くどくどと説明すること。）,820,0.800525152
えつうつ（気がふさいで晴れないさま。）,噎鬱,えつうつ（気がふさいで晴れないさま。）,103,0.800977849
じゅんじゅん（まじめなさま。）,恂恂,じゅんじゅん（まじめなさま。）,806,0.80146898
びょうしゅん（暮れの春。）,杪春,びょうしゅん（暮れの春。）,1354,0.801748017
コウロウ、くろつぐ,桄榔,コウロウ、くろつぐ,569,0.801974102
うんちく（深く研究し、身にたくわえた知識。）,薀蓄、蘊蓄,うんちく（深く研究し、身にたくわえた知識。）,81,0.802780988
ほうこう（さまよう。）,彷徨,ほうこう（さまよう。）,577,0.803698919
すまき,簀巻き,すまき,676,0.804093611
せいか（石の階段の下のあたり。みぎり。）,砌下,せいか（石の階段の下のあたり。みぎり。）,930,0.80417467
はいきょ（廃虚。）,廃墟,はいきょ（廃虚。）,349,0.804725871
ちゃせん（茶道具。）,茶筅,ちゃせん（茶道具。）,976,0.805908106
じょくれい（こまごまとわずらわしい礼儀作法。）,縟礼,じょくれい（こまごまとわずらわしい礼儀作法。）,891,0.80736128
すっぽん,鼈,すっぽん,1421,0.80765851
しょげる,悄気る,しょげる,829,0.808079443
けいれん（ひきつること。）,痙攣,けいれん（ひきつること。）,439,0.808463379
ろば（うさぎうま。）,驢馬,ろば（うさぎうま。）,1626,0.80970736
百花「りょうらん」,繚乱、撩乱,百花「りょうらん」,1585,0.81028354
けいしゅく（二十八宿の一つ。文章をつかさどるとされる。）,奎宿,けいしゅく（二十八宿の一つ。文章をつかさどるとされる。）,433,0.810597141
しんぶん（未来を予言した文書。）,讖文,しんぶん（未来を予言した文書。）,910,0.812232642
ごうそ（強訴。）,嗷訴,ごうそ（強訴。）,618,0.812810146
しょうそう（気がめいって心が痛むさま。）,悄愴,しょうそう（気がめいって心が痛むさま。）,828,0.813304748
けんぺき（肩凝り。）,痃癖,けんぺき（肩凝り。）,486,0.813306077
てんぼう（遠くからようすをうかがうこと。）,覘望,てんぼう（遠くからようすをうかがうこと。）,1188,0.814957256
ていし（目を細くして見ること。）,睇視,ていし（目を細くして見ること。）,1163,0.815993194
こうけち（染色技法。）,纐纈,こうけち（染色技法。）,615,0.8166446
むながい,鞅,むながい,138,0.817130229
とうい（布をしなやかにし、つやを出すために砧をうつこと。）,擣衣,とうい（布をしなやかにし、つやを出すために砧をうつこと。）,1227,0.817204951
けんべん（目をかける。）,眷眄,けんべん（目をかける。）,1432,0.81771545
かいざん（書きかえること。 ）,改竄,かいざん（書きかえること。 ）,694,0.817889982
さす（切妻屋根の両端に、棟木などを支えるために、合掌形に組んだ材。）,扠首,さす（切妻屋根の両端に、棟木などを支えるために、合掌形に組んだ材。）,647,0.818057456
はいたい（刀剣などを身におびること。）,佩帯,はいたい（刀剣などを身におびること。）,1271,0.818120257
せいさん（凄惨。）,悽惨,せいさん（凄惨。）,931,0.818928032
はらむ,孕む,はらむ,1520,0.819264665
れいせん（甘味のある水がわく泉。）,醴泉,れいせん（甘味のある水がわく泉。）,1610,0.820418133
しこつ（頭蓋骨の一部。）,篩骨,しこつ（頭蓋骨の一部。）,735,0.82087153
たけなわ,酣,たけなわ,261,0.821077146
れいろう（美しく照り輝くさま。）,玲瓏,れいろう（美しく照り輝くさま。）,1636,0.821093583
ぼうよう（広々と限りのないさま。）,芒洋、茫洋,ぼうよう（広々と限りのないさま。）,1464,0.822415254
ちみもうりょう,魑魅魍魎,ちみもうりょう,1110,0.822782682
させき（砂原。）,沙磧,させき（砂原。）,956,0.824887233
いご（書を読む声。）,伊唔,いご（書を読む声。）,539,0.826581253
あかぎれ、ひび,皹,あかぎれ、ひび,428,0.827037788
セキリュウ、ざくろ,石榴,セキリュウ、ざくろ,1576,0.827100359
もくよく（髪や体をあらってきれいにすること。）,沐浴,もくよく（髪や体をあらってきれいにすること。）,1501,0.827282824
ほうろう（うわぐすり。）,琺琅,ほうろう（うわぐすり。）,1451,0.827532187
ほうこう（おおづつ。 大砲。）,砲熕,ほうこう（おおづつ。 大砲。）,597,0.828159847
ぬえ,鵺,ぬえ,1505,0.828362341
こんにゃく,菎蒻、蒟蒻,こんにゃく,637,0.828460987
ちゅうりゃく（はかりごと。）,籌略,ちゅうりゃく（はかりごと。）,1124,0.828588119
くぬぎ,栩,くぬぎ,413,0.829385737
そくめつ（消えてなくなること。）,熄滅,そくめつ（消えてなくなること。）,1051,0.829771212
けんれい（あでやかでうつくしいこと。）,?麗,けんれい（あでやかでうつくしいこと。）,482,0.830221184
エンソ、もぐら,?鼠,エンソ、もぐら,126,0.830451322
べんやく（手をうって喜び、おどり上がるさま。）,抃躍,べんやく（手をうって喜び、おどり上がるさま。）,1431,0.832044503
えんぴ（さるのように長いひじ。）,猿臂,えんぴ（さるのように長いひじ。）,1329,0.833433983
じゅえん（長寿の祝の酒宴。）,寿讌,じゅえん（長寿の祝の酒宴。）,127,0.833743084
しゃっくり,?り,しゃっくり,105,0.834299311
かんせい（おりと落とし穴。）,檻穽,かんせい（おりと落とし穴。）,277,0.834628847
けっかつ（悪がしこいこと。）,桀黠,けっかつ（悪がしこいこと。）,470,0.835210492
せんぱく（道路。）,阡陌,せんぱく（道路。）,969,0.835219251
きょき（すすり泣く？）,?唏、歔欷,きょき（すすり泣く？）,291,0.838097275
でんぶ（御殿のひさし。）,殿廡,でんぶ（御殿のひさし。）,1383,0.839268248
いし（皇后や皇太后・太皇太后の指示。）,懿旨,いし（皇后や皇太后・太皇太后の指示。）,51,0.839849486
子「いわく」,曰く,子「いわく」,102,0.840700786
びろう（植物。）,檳榔,びろう（植物。）,1359,0.841553661
しんしゅつ（液体がにじみ出ること。）,滲出,しんしゅつ（液体がにじみ出ること。）,903,0.84158915
けいかん（冠を脱いで柱などにかける意から、官を去り職を辞すること。）,挂冠,けいかん（冠を脱いで柱などにかける意から、官を去り職を辞すること。）,434,0.842500098
そくじつ（夕方のかたむいた太陽。）,仄日,そくじつ（夕方のかたむいた太陽。）,1048,0.843310904
つねる,抓る,つねる,1020,0.843987797
しにょう（大便と小便。）,屎尿,しにょう（大便と小便。）,706,0.844418621
じくじ（深く恥じ入るさま。）,忸怩,じくじ（深く恥じ入るさま。）,744,0.844907965
せんぎょう（見上げること。）,瞻仰,せんぎょう（見上げること。）,991,0.844930667
きんかく（女性の髪飾り。）,巾幗,きんかく（女性の髪飾り。）,215,0.845194743
ぎょうこう（思いがけない幸運。）,僥倖,ぎょうこう（思いがけない幸運。）,384,0.846147592
かつゆ（なめくじ。）,蛞蝓,かつゆ（なめくじ。）,231,0.846532416
あいきょう（狭苦しいさま。）,阨狭,あいきょう（狭苦しいさま。）,7,0.846999883
てんてん（車輪が回転すること。）,輾転,てんてん（車輪が回転すること。）,1195,0.848911529
ようそ（悪性で危険なできもの。）,癰疽,ようそ（悪性で危険なできもの。）,1540,0.849013534
ぜんそく（病気。）,喘息,ぜんそく（病気。）,1006,0.849039297
こうてい（かなえを持ちあげること。 転じて、力の極めて強いこと。）,扛鼎,こうてい（かなえを持ちあげること。 転じて、力の極めて強いこと。）,551,0.849297984
きょうふ（かごを担ぐ人。）,轎夫,きょうふ（かごを担ぐ人。）,382,0.85000985
たくし（罪によって辺境の地に移されること。）,謫徙,たくし（罪によって辺境の地に移されること。）,1081,0.850219767
けんきょく（順調でないさま。）,蜷局,けんきょく（順調でないさま。）,497,0.850589735
たんげつ（淡い光をはなつ月。）,澹月,たんげつ（淡い光をはなつ月。）,1102,0.851278339
きはい（ひざまずいておがむこと。）,跪拝,きはい（ひざまずいておがむこと。）,305,0.853436279
しょうさく（もの寂しいさま。）,蕭索,しょうさく（もの寂しいさま。）,852,0.854043424
じけん（自分自身に引け目を感じ、不満を持つ。）,自歉,じけん（自分自身に引け目を感じ、不満を持つ。）,495,0.854131525
おきて,掟,おきて,873,0.854817342
こうそう（玉や鐘、琴などの鳴り響くようす。）,鏗鏘、鏗錚、鏗鎗,こうそう（玉や鐘、琴などの鳴り響くようす。）,613,0.854912551
だかん（紙幣を正貨と取り替えること。）,兌換,だかん（紙幣を正貨と取り替えること。）,1063,0.855405933
ひょうふう（つむじ風。）,飆風,ひょうふう（つむじ風。）,1353,0.855430172
あんこう（魚。）,鮟鱇,あんこう（魚。）,28,0.855815446
じゅそつ（国境を警固する兵士。）,戍卒,じゅそつ（国境を警固する兵士。）,778,0.855847971
ひき（天子が国を統治する大事業の土台。）,丕基,ひき（天子が国を統治する大事業の土台。）,1309,0.855953577
ちけい（むちで罪人の体を打つ刑。）,笞刑,ちけい（むちで罪人の体を打つ刑。）,1107,0.8561761
とうひ（ダイダイの皮を乾燥させたもの。）,橙皮,とうひ（ダイダイの皮を乾燥させたもの。）,1225,0.856214593
げきせき（ひっそりと静かでさびしいさま。）,闃寂,げきせき（ひっそりと静かでさびしいさま。）,462,0.856463397
とこく（少し。）,斗斛,とこく（少し。）,626,0.856908754
でんしゃ（貝などをはめこんで飾った車。）,鈿車,でんしゃ（貝などをはめこんで飾った車。）,1199,0.856956489
べんりゅう（高位の人。）,冕旒,べんりゅう（高位の人。）,1575,0.858228866
とんせい（俗世間を捨てて仏門に入ること。）,遯世,とんせい（俗世間を捨てて仏門に入ること。）,1253,0.858418938
ちょうちょう（はるかなさま。）,迢迢,ちょうちょう（はるかなさま。）,1133,0.858804306
なずな,薺,なずな,941,0.859498208
ゆうえい（およぐこと。）,游泳,ゆうえい（およぐこと。）,1514,0.859548128
「ぜんどう」運動,蠕動,「ぜんどう」運動,1008,0.859824632
どうもく（感心や驚きのあまり、目を見張ること。）,瞠目,どうもく（感心や驚きのあまり、目を見張ること。）,1243,0.861881507
けいがい（話したり笑ったりすること。）,謦咳,けいがい（話したり笑ったりすること。）,451,0.862466079
はんえつ（書物を開いて、読み調べること。）,繙閲,はんえつ（書物を開いて、読み調べること。）,1303,0.862495153
りんしん（申し上げること。）,稟申,りんしん（申し上げること。）,1592,0.862651388
「こうちゃく」状態,膠着,「こうちゃく」状態,601,0.86310234
かがく（うてな。）,花萼,かがく（うてな。）,237,0.863755613
わいいく（水が奥深く入り込んだ所。）,隈澳,わいいく（水が奥深く入り込んだ所。）,53,0.864234712
たいまい（動物。）,?瑁,たいまい（動物。）,1070,0.864495921
えいご（かしこい。）,英晤,えいご（かしこい。）,542,0.865040499
とり（腹のうち。）,肚裏、肚裡,とり（腹のうち。）,1201,0.866598848
きょうけち（染色技法。）,夾纈,きょうけち（染色技法。）,466,0.86693861
しゃくやく（弱々しいさま。）,綽約,しゃくやく（弱々しいさま。）,765,0.86698365
けんさく（鳥獣を捕らえるわな。）,羂索,けんさく（鳥獣を捕らえるわな。）,504,0.867723123
れんびん（あわれみの気持。）,憐憫、憐愍,れんびん（あわれみの気持。）,1367,0.868637829
かや（植物。）,榧,かや（植物。）,1324,0.869773643
びんてん（あきぞら。）,旻天,びんてん（あきぞら。）,1364,0.869776372
「せっさ」琢磨,切磋,「せっさ」琢磨,655,0.870084273
しゅうきょく（地層が地殻変動による横からの圧力で波状に曲がる現象。）,褶曲,しゅうきょく（地層が地殻変動による横からの圧力で波状に曲がる現象。）,1143,0.870650048
せいはん（よじのぼること。）,躋攀,せいはん（よじのぼること。）,942,0.870950886
きょうおう（植物。）,薑黄,きょうおう（植物。）,376,0.871575918
しょうぜん（おそれてぞっとするさま。）,悚然,しょうぜん（おそれてぞっとするさま。）,827,0.871749983
けんしょうえん,腱鞘炎,けんしょうえん,491,0.87276615
あかん（頭をあげまきにした幼女。 また、年少の侍女。）,?鬟,あかん（頭をあげまきにした幼女。 また、年少の侍女。）,282,0.873203628
ほうそ（元素。）,硼素,ほうそ（元素。）,1455,0.873680355
そくいん（あわれみ心がいたむこと。）,惻隠,そくいん（あわれみ心がいたむこと。）,1050,0.87368464
れきしゃ（クヌギを神木としてまつった社。）,櫟社,れきしゃ（クヌギを神木としてまつった社。）,1613,0.874479129
尊王「じょうい」,攘夷,尊王「じょうい」,879,0.874545087
げんそん（はっきりと確かにあること。）,儼存,げんそん（はっきりと確かにあること。）,512,0.874590462
こうはん（考え楽しむこと。）,考槃,こうはん（考え楽しむこと。）,1300,0.875555653
ほうど（楽器。）,匏土,ほうど（楽器。）,1444,0.875718051
かんご（きびしい寒さ。）,寒沍,かんご（きびしい寒さ。）,538,0.875725756
はいしつ（治らない病気。）,癈疾,はいしつ（治らない病気。）,1275,0.875925855
けっこう、きっこう（力や勢力がほぼ同じで、互いに張り合うこと。）,拮抗、頡頏,けっこう、きっこう（力や勢力がほぼ同じで、互いに張り合うこと。）,329,0.876427847
ひつぐう（夫婦となること。）,匹?,ひつぐう（夫婦となること。）,423,0.876553642
きえい（満ち欠け。）,虧盈,きえい（満ち欠け。）,312,0.877787172
しつよう（しつこいこと。）,執拗,しつよう（しつこいこと。）,1525,0.878744684
さいてん（山から切り出したままの木を使った垂木たるき。）,采椽,さいてん（山から切り出したままの木を使った垂木たるき。）,1189,0.87944809
とつべん（どもったりして、つかえがちな話し方。）,訥弁,とつべん（どもったりして、つかえがちな話し方。）,1252,0.880299221
かいこう（思いがけず出あうこと。）,邂逅、邂遘,かいこう（思いがけず出あうこと。）,196,0.880682974
けいけん（深く敬って態度をつつしむさま。）,敬虔,けいけん（深く敬って態度をつつしむさま。）,487,0.880695142
はんろう（鳥獣を入れるおりやかご。）,樊籠,はんろう（鳥獣を入れるおりやかご。）,1301,0.882142009
うるちまい,粳米,うるちまい,589,0.882919989
まいしん（勇敢に突き進むこと。）,邁進,まいしん（勇敢に突き進むこと。）,1482,0.883806072
おとしめる,貶める,おとしめる,1424,0.885245199
きんたつ（禁裏の門。）,禁闥,きんたつ（禁裏の門。）,1085,0.885358991
こうがい（世の中の不正などをいきどおり嘆くこと。）,慷慨,こうがい（世の中の不正などをいきどおり嘆くこと。）,594,0.886544419
さいし（かんざし。）,釵子,さいし（かんざし。）,664,0.886937402
せいじ（緑色のうわぐすりを表面にかけた陶器。）,青瓷,せいじ（緑色のうわぐすりを表面にかけた陶器。）,716,0.888579444
あろ（黒色と白色。）,鴉鷺,あろ（黒色と白色。）,4,0.888914278
こうごう（上下の歯のかみ合わせ。）,咬合,こうごう（上下の歯のかみ合わせ。）,563,0.889310431
しゅす（サテン。）,繻子,しゅす（サテン。）,776,0.889967361
りんかん（建築物が広大でりっぱなこと。）,輪奐,りんかん（建築物が広大でりっぱなこと。）,249,0.890038319
とうび（物事や文章の終わりの勢いがよいこと。）,掉尾,とうび（物事や文章の終わりの勢いがよいこと。）,1214,0.890320034
きょうじつ（終日。）,竟日,きょうじつ（終日。）,363,0.890782694
れんそう（死者を、地中にほうむりおさめること。）,斂葬,れんそう（死者を、地中にほうむりおさめること。）,1617,0.8911745
ざんぽん（版木を使って印刷した書物。）,槧本,ざんぽん（版木を使って印刷した書物。）,693,0.891585735
しと（墨染めの衣服を着た人々。転じて、僧侶。）,緇徒,しと（墨染めの衣服を着た人々。転じて、僧侶。）,728,0.891700113
しょうふく（おそれしたがうこと。）,慴伏,しょうふく（おそれしたがうこと。）,842,0.892609996
ほうしょ（食品などをわらで包んだもの。つと。）,苞苴,ほうしょ（食品などをわらで包んだもの。つと。）,811,0.893426613
むえん（悪夢におそわれること。）,夢魘,むえん（悪夢におそわれること。）,128,0.893592954
つつが,恙,つつが,1528,0.894668725
うえき（国境の警備などに行ったりすること。）,于役,うえき（国境の警備などに行ったりすること。）,68,0.897787334
ねつぞう,捏造,ねつぞう,1261,0.89803859
かいたい（わずかな心のわだかまり。）,芥蔕,かいたい（わずかな心のわだかまり。）,1071,0.898261585
ばくえん（はるかに遠いさま。）,藐焉,ばくえん（はるかに遠いさま。）,1355,0.898387949
しょうゆう（芝居・演劇の役者。わざおぎ。）,倡優,しょうゆう（芝居・演劇の役者。わざおぎ。）,825,0.89970004
わいしょう（背が低く、小さいこと。）,矮小,わいしょう（背が低く、小さいこと。）,1641,0.899951463
がいてい（楽しみやわらぐこと。）,豈弟、愷悌,がいてい（楽しみやわらぐこと。）,201,0.900617764
やくし（かぎ。）,鑰匙,やくし（かぎ。）,1508,0.900832061
しゅうえん（終わる。）,終焉,しゅうえん（終わる。）,112,0.901433264
きょうこう（かがみばこ。）,鏡匣,きょうこう（かがみばこ。）,552,0.902448965
きょしゅつ（なんらかの事業、また寄付などに金品を出し合うこと。）,醵出,きょしゅつ（なんらかの事業、また寄付などに金品を出し合うこと。）,351,0.902560267
げきしゅ（水難よけのために、サギの頭の形を船首に刻んだり描いたりした船。）,鷁首,げきしゅ（水難よけのために、サギの頭の形を船首に刻んだり描いたりした船。）,465,0.902689272
こんがん（懇願。）,悃願,こんがん（懇願。）,633,0.902979238
えんさ（うらみなげく。）,怨嗟,えんさ（うらみなげく。）,651,0.90318508
らんがく（山と谷。）,巒壑,らんがく（山と谷。）,1560,0.904262244
せんきゅう（不足をおぎない、めぐみ与えること。）,贍給,せんきゅう（不足をおぎない、めぐみ与えること。）,996,0.904431517
カト、おたまじゃくし,蝌蚪,カト、おたまじゃくし,166,0.905372259
かんか（武力。）,干戈,かんか（武力。）,147,0.905498935
けんぞく（一族。家来。）,眷族,けんぞく（一族。家来。）,488,0.905579909
せんき（漢方で、下腹部や腰の筋肉が引きつり痛む病気の総称。）,疝気,せんき（漢方で、下腹部や腰の筋肉が引きつり痛む病気の総称。）,971,0.905791527
こうごう（男女が交わること。）,媾合,こうごう（男女が交わること。）,586,0.906659912
しょり（役所の小役人。）,胥吏,しょり（役所の小役人。）,812,0.90685488
あんぽう（炎症や痛みなどを和らげるために、患部を冷やしたり温めたりする治療方法。）,罨法,あんぽう（炎症や痛みなどを和らげるために、患部を冷やしたり温めたりする治療方法。）,24,0.907497877
くっきょう（屈強。）,倔強,くっきょう（屈強。）,425,0.908141836
たんめん（酒色にふけり、すさむこと。）,耽湎,たんめん（酒色にふけり、すさむこと。）,1433,0.908785138
ようよう（水がゆれ動くさま。）,漾漾,ようよう（水がゆれ動くさま。）,1533,0.908827745
りゅうえん（かさのひさし。）,笠檐,りゅうえん（かさのひさし。）,121,0.909057149
さいそう（水をまき、ほうきではくこと。）,洒掃,さいそう（水をまき、ほうきではくこと。）,660,0.909760272
そうせい（草木などが、群がってはえること。）,簇生,そうせい（草木などが、群がってはえること。）,1042,0.910926685
かざす,翳す,かざす,89,0.911289389
かんしゃく（感情をおさえきれず、怒りやすい性質。）,癇癪,かんしゃく（感情をおさえきれず、怒りやすい性質。）,274,0.913765557
どんりょく（芽生えたばかりの若葉の緑。）,嫩緑,どんりょく（芽生えたばかりの若葉の緑。）,1254,0.914336848
くろう（苦労して働くこと。）,劬労,くろう（苦労して働くこと。）,410,0.916246653
たいしょく（色がさめること。色があせる。）,褪色,たいしょく（色がさめること。色があせる。）,1073,0.917148228
もり（魚などを刺して捕る道具。）,銛,もり（魚などを刺して捕る道具。）,982,0.91862554
顔を「しかめる」,顰める,顔を「しかめる」,1363,0.919647028
げいか（高僧の敬称。）,猊下,げいか（高僧の敬称。）,453,0.920491899
いけにえ,生贄,いけにえ,741,0.920877346
まむし,蝮,まむし,1390,0.921915851
しゅうけい（絵画や文章を書くときの筆の運びが力強いこと。）,遒勁,しゅうけい（絵画や文章を書くときの筆の運びが力強いこと。）,785,0.922531579
きそく（才能のすぐれた人物のたとえ。）,驥足,きそく（才能のすぐれた人物のたとえ。）,321,0.923802825
きゅうじょう（球技をする場所。）,毬場,きゅうじょう（球技をする場所。）,340,0.924124426
だんぼう（暖房。）,煖房,だんぼう（暖房。）,1105,0.924601871
かんそう（手を洗い、口をすすぐこと。）,盥漱,かんそう（手を洗い、口をすすぐこと。）,272,0.924603813
ししょう（あざけりわらうこと。）,嗤笑,ししょう（あざけりわらうこと。）,725,0.924715293
しょうきん（金属をとかすこと。）,銷金,しょうきん（金属をとかすこと。）,847,0.924770506
べっこう（タイマイの甲羅。）,鼈甲,べっこう（タイマイの甲羅。）,1420,0.925542589
ちゅうじょ（草などを根からすっかり抜き取ること。）,誅鋤,ちゅうじょ（草などを根からすっかり抜き取ること。）,1121,0.925893784
じょうそん（自分から数えて七代目の孫。）,仍孫,じょうそん（自分から数えて七代目の孫。）,870,0.926264923
れいり（頭がよく、りこうなこと。）,怜悧,れいり（頭がよく、りこうなこと。）,1567,0.926964934
けんえん（あきたりなく思うさま。）,慊焉,けんえん（あきたりなく思うさま。）,490,0.927174507
こぶ,瘤,こぶ,1577,0.927868685
ちょりつ（たたずむこと。）,佇立,ちょりつ（たたずむこと。）,1128,0.928258877
どちょう（水などが盛んな勢いで満ちること。）,怒漲,どちょう（水などが盛んな勢いで満ちること。）,1139,0.929548189
かいれい（美しくすぐれていること。）,瑰麗,かいれい（美しくすぐれていること。）,190,0.930015544
はばきがね（刀の刀身が鞘から抜け出さないように鍔元を押さえる金具。）,?金,はばきがね（刀の刀身が鞘から抜け出さないように鍔元を押さえる金具。）,1295,0.930364693
のうへん（先人の作品。）,曩篇,のうへん（先人の作品。）,1247,0.931744152
とふく（腹を切って自殺すること。）,屠腹,とふく（腹を切って自殺すること。）,1204,0.933020833
こうぼく（かれた樹木。）,槁木,こうぼく（かれた樹木。）,596,0.933825422
かんねい（心がねじけて悪がしこく、人にこびへつらうさま。）,奸佞,かんねい（心がねじけて悪がしこく、人にこびへつらうさま。）,244,0.934072651
ちゅうみつ（一か所に多く集まること。）,稠密、綢密,ちゅうみつ（一か所に多く集まること。）,1120,0.934328763
とうとう（鼓や太鼓のとんとんと鳴りひびく音。）,鼕鼕,とうとう（鼓や太鼓のとんとんと鳴りひびく音。）,1234,0.934385411
さくさく（人々が口々に言いはやすさま。）,嘖嘖,さくさく（人々が口々に言いはやすさま。）,673,0.934446276
ざんげん（人を陥れるために、あしざまに言うこと。）,讒言,ざんげん（人を陥れるために、あしざまに言うこと。）,697,0.935046365
じくけつ（はなぢ。）,衄血,じくけつ（はなぢ。）,750,0.935646546
いえども,雖も,いえども,925,0.938234977
くどくど、ジュンジュン,諄諄,くどくど、ジュンジュン,809,0.939777143
でっちあげる,捏ち上げる,でっちあげる,1262,0.940224667
なびく,靡く,なびく,1333,0.940272512
たがね,鏨,たがね,695,0.94029812
しか（えだ。）,枝柯,しか（えだ。）,151,0.940487624
きんぜん（よろこんでするさま。）,忻然,きんぜん（よろこんでするさま。）,394,0.940560164
じゅし（おさなご。）,孺子,じゅし（おさなご。）,779,0.940561394
がもう（白くて非常に軽いもののたとえ。）,鵝毛,がもう（白くて非常に軽いもののたとえ。）,175,0.941249781
こうきゅう（よいつれあい。よい妻。）,好逑,こうきゅう（よいつれあい。よい妻。）,341,0.941987527
ししゅ（わずか。きわめて少ないこと。）,錙銖,ししゅ（わずか。きわめて少ないこと。）,739,0.94272488
一家「だんらん」,団欒,一家「だんらん」,1561,0.942844362
にんどう（スイカズラの別称。）,荵冬,にんどう（スイカズラの別称。）,1258,0.943049205
こかつ（枯渇。）,涸渇,こかつ（枯渇。）,521,0.9430687
だんつう（さまざまな模様を織りこんだ、厚地の敷物用織物。）,緞通,だんつう（さまざまな模様を織りこんだ、厚地の敷物用織物。）,1100,0.943115253
まげ（頭頂で髪の毛を束ねて結わえたもの。）,髷,まげ（頭頂で髪の毛を束ねて結わえたもの。）,392,0.943201957
すいぞう（体の器官。）,膵臓,すいぞう（体の器官。）,922,0.944299354
じゅうりん（権力や腕力で相手の権利などをふみにじること。）,蹂躪,じゅうりん（権力や腕力で相手の権利などをふみにじること。）,795,0.945357225
ひひ（雪や細かい雨がしきりに降り続くさま。）,霏霏,ひひ（雪や細かい雨がしきりに降り続くさま。）,1328,0.945973629
いんせき（流星。）,隕石,いんせき（流星。）,66,0.946604907
へいどん（他の勢力を支配下に置くこと。）,??,へいどん（他の勢力を支配下に置くこと。）,1400,0.947017711
きょうかつ（うるさく叫ぶ。）,叫聒,きょうかつ（うるさく叫ぶ。）,230,0.947037437
こしょう（植物。）,胡椒,こしょう（植物。）,836,0.949264812
ごうまん（傲慢。）,?慢,ごうまん（傲慢。）,619,0.949729791
むじな,狢、貉,むじな,212,0.950011283
きねん（一周年。）,朞年,きねん（一周年。）,299,0.951123664
そううつびょう（精神疾患。）,躁鬱病,そううつびょう（精神疾患。）,1045,0.95160707
きょういき（国境。）,疆域,きょういき（国境。）,381,0.952348441
えきたん（宿駅。）,駅站,えきたん（宿駅。）,1090,0.952383537
かたじけない,忝い,かたじけない,1183,0.952855473
るいそう（つかれてやせること。）,羸痩,るいそう（つかれてやせること。）,1602,0.953040163
あんとく（調査を要する書類。）,案牘,あんとく（調査を要する書類。）,1248,0.954045985
ふんぷん（かんばしいさま。）,芬芬,ふんぷん（かんばしいさま。）,1396,0.954347394
ろれつ（並べること。）,臚列,ろれつ（並べること。）,1624,0.954539123
きゅうやく（危難にあったり追い詰められたりして苦しむこと。）,窮阨,きゅうやく（危難にあったり追い詰められたりして苦しむこと。）,8,0.955222551
くわえる（物を歯や唇で軽くはさみもつ。）,咥える,くわえる（物を歯や唇で軽くはさみもつ。）,1177,0.957156253
良心の「かしゃく」,呵責,良心の「かしゃく」,149,0.957821559
「いんぎん」無礼,慇懃,「いんぎん」無礼,67,0.958460882
あんしょう（暗唱とも。）,諳誦,あんしょう（暗唱とも。）,26,0.958483241
けいがく（深い谷。）,谿壑,けいがく（深い谷。）,448,0.958781796
けいこつ（すねの骨。）,脛骨,けいこつ（すねの骨。）,436,0.959058421
らいぼん（すりばち。）,擂盆,らいぼん（すりばち。）,1546,0.96013119
うがい,嗽,うがい,1029,0.960460087
れんこく（てぐるまのこしき。）,輦轂,れんこく（てぐるまのこしき。）,1616,0.961217207
らば（動物。）,騾馬,らば（動物。）,1542,0.961898644
ぎょっけい（玉で作ったかんざし。）,玉笄,ぎょっけい（玉で作ったかんざし。）,440,0.962065604
かんな,鉋,かんな,1456,0.962386749
さいぎしん,猜疑心,さいぎしん,663,0.96249605
ギョーザ,餃子,ギョーザ,603,0.962570568
しつう（ふえ？）,瑟?,しつう（ふえ？）,71,0.962781075
ちまき,粽,ちまき,1033,0.962788263
なぎ（植物。）,梛,なぎ（植物。）,1066,0.963386918
せがれ,倅,せがれ,661,0.964350683
せんごう（煮つめて汁をなくすこと。）,煎熬,せんごう（煮つめて汁をなくすこと。）,620,0.966152378
ほうぎょ（塩づけにした魚。）,鮑魚,ほうぎょ（塩づけにした魚。）,1460,0.966348531
しし（律儀で情にあついさま。おろかなさま。）,蚩蚩,しし（律儀で情にあついさま。おろかなさま。）,714,0.966381046
ブリキ,錻、錻力,ブリキ,1384,0.966526563
きょうげん（善良を装って、郷里の好評を得ようとする小人。）,郷愿,きょうげん（善良を装って、郷里の好評を得ようとする小人。）,511,0.968662851
そうがい（せき。）,嗽咳,そうがい（せき。）,1030,0.968981869
かせん（りっぱな料理。）,佳饌,かせん（りっぱな料理。）,1000,0.970227979
いさつ（ひもやなわなどで首を絞めて殺すこと。）,縊殺,いさつ（ひもやなわなどで首を絞めて殺すこと。）,48,0.971628204
きょうほう（おしめ。）,襁褓、繦褓,きょうほう（おしめ。）,378,0.971732905
じんましん,蕁麻疹,じんましん,912,0.972685268
こうとう（遠行の外出・旅行・狩猟の際に両足の覆いとした布帛や毛皮の類。）,行縢,こうとう（遠行の外出・旅行・狩猟の際に両足の覆いとした布帛や毛皮の類。）,1226,0.972866783
やゆ,揶揄,やゆ,1503,0.973124627
えんたい（能力のある者が、いつまでも下の地位にとどまっていること。）,淹滞,えんたい（能力のある者が、いつまでも下の地位にとどまっていること。）,111,0.974999845
えいしゅん（非常にすぐれていること｡）,英雋,えいしゅん（非常にすぐれていること｡）,804,0.97502745
ごかん（極寒。）,冱寒,ごかん（極寒。）,513,0.975294791
ごじょう（貴人の命令。）,御諚,ごじょう（貴人の命令。）,877,0.975587101
きょうこ（強固。かたい。）,鞏固,きょうこ（強固。かたい。）,373,0.97657431
しょうじ（山などが高くそびえ立つこと。）,聳峙,しょうじ（山などが高くそびえ立つこと。）,860,0.977506419
えいしゅ（勝ちと負け。）,贏輸,えいしゅ（勝ちと負け。）,93,0.978950529
まんじゅう,饅頭,まんじゅう,1488,0.979256115
ほうこう（吠える。）,咆哮,ほうこう（吠える。）,568,0.979956343
しんしゃく（事情をくみとって、ほどよく処理すること。）,斟酌,しんしゃく（事情をくみとって、ほどよく処理すること。）,900,0.980199467
げいめん（入れ墨をした顔。）,黥面,げいめん（入れ墨をした顔。）,457,0.980964533
げきしょう（兄弟げんか。うちわもめ。）,鬩牆,げきしょう（兄弟げんか。うちわもめ。）,463,0.981342982
りか（垣根のそば。）,籬下,りか（垣根のそば。）,1571,0.983104702
しょうこ（ふえと太鼓。）,簫鼓,しょうこ（ふえと太鼓。）,865,0.983123815
けいこ（婦人用の和装礼服。）,袿袴,けいこ（婦人用の和装礼服。）,437,0.983130542
けんとう（さわがしいこと。）,喧鬧,けんとう（さわがしいこと。）,1224,0.983889619
かくしゃく（,矍鑠,かくしゃく（,223,0.985459219
きょうぎょう（おそれいましめて、慎むさま。）,兢業,きょうぎょう（おそれいましめて、慎むさま。）,368,0.987440426
びたいちもん,鐚一文,びたいちもん,6,0.987765747
くりぬく,刳り貫く,くりぬく,515,0.98840548
エンユウ、なめくじ,蜒蚰,エンユウ、なめくじ,114,0.988422012
さだ（つまずいて転ぶさま。）,蹉?,さだ（つまずいて転ぶさま。）,657,0.988520709
そしゃく（かむこと。）,咀嚼,そしゃく（かむこと。）,767,0.988580203
いあく（作戦をめぐらす所。）,帷幄,いあく（作戦をめぐらす所。）,17,0.989132569
かんこう（口を閉じる。）,箝口、鉗口、拑口、緘口,かんこう（口を閉じる。）,265,0.989711655
しんし（互いに入り混じるさま。）,参縒,しんし（互いに入り混じるさま。）,737,0.990146401
ぼくん（国家の大計や後世の政治の手本となる教え。）,謨訓,ぼくん（国家の大計や後世の政治の手本となる教え。）,1438,0.992294863
そうひん（水草。）,藻蘋,そうひん（水草。）,1361,0.992720871
けいてき（ひらき導くこと。）,啓迪,けいてき（ひらき導くこと。）,1173,0.992917491
すうえん（都会から遠く離れた土地。）,陬遠,すうえん（都会から遠く離れた土地。）,929,0.993209735
そけい（粗末な景品。）,?景,そけい（粗末な景品。）,1017,0.993410271
もち（もちのき。）,黐,もち（もちのき。）,1112,0.993446707
ポンド,磅,ポンド,1459,0.993516954
てんしょ（漢字の書体の一つ。）,篆書,てんしょ（漢字の書体の一つ。）,1191,0.994246844
そしる,謗る,そしる,1476,0.994413353
けやき,欅,けやき,352,0.994433829
かじかむ,悴む,かじかむ,917,0.994751395
かんじょう（ぐるりと取り囲む。）,圜繞,かんじょう（ぐるりと取り囲む。）,267,0.994758997
きえつ（大将のさしず旗と、まさかり。）,麾鉞,きえつ（大将のさしず旗と、まさかり。）,310,0.994889608
ひんきゅう（かりもがりのみや。）,殯宮,ひんきゅう（かりもがりのみや。）,1360,0.994937796
たが,箍,たが,531,0.995361572
せんたい（コケ植物。）,蘚苔,せんたい（コケ植物。）,994,0.996173609
とうてん（水が、天に届くほど満ちあふれること。）,滔天,とうてん（水が、天に届くほど満ちあふれること。）,1219,0.996437253
るいれき（病気。）,瘰癧,るいれき（病気。）,1600,0.997080795
きゅうきょ（急いで。）,急遽,きゅうきょ（急いで。）,350,0.997669656
ひんく（非常に貧しいこと。）,貧窶,ひんく（非常に貧しいこと。）,417,0.997669942
「くる」病,佝僂,「くる」病,409,0.997837144
ついけい（まげの一種。）,椎髻,ついけい（まげの一種。）,447,0.998152787
さっき（随想録。）,箚記,さっき（随想録。）,679,0.998659111
ごうこん（人におごり、もとる。）,傲很,ごうこん（人におごり、もとる。）,632,0.998807265
