コソクな手段をとる。,姑息,0.000391
配偶者の一方と他方の血族をインゾクという。,姻族,0.00076
ウダツが上がらぬ。,?,0.000834
エンキョク表現。,婉曲,0.001398
ジュウタンを敷く。,絨毯,0.003912
敵船をダホする。,拿捕,0.004495
ヤスリをかける。,鑢,0.004733
二重かぎカッコ。,括弧,0.004768
晴天のヘキレキ。,霹靂,0.005247
カナエの軽重を問う。,鼎,0.007904
原子番号9のフッ素。,弗素,0.008032
広島名物のカキを食べる。,牡蠣,0.008115
魚をサバく。,捌く,0.008427
カンラン石。,橄欖,0.009056
ガビョウをさす。,画鋲,0.009824
液体をカクハンする。,攪拌,0.011029
血がニジむ。,滲む,0.011726
話がコジれる。,拗れる,0.011917
大ナタを振るう。,鉈,0.012371
オウムが鳴く。,鸚鵡,0.013054
ツツジの花。,躑躅,0.013363
メイボウコウシ。,明眸皓歯,0.013578
本心をホノめかす。,仄めかす,0.013609
獣がホウコウする。,咆哮,0.013661
鳥のシギ。,鴫,0.014224
ウツムいて歩く。,俯いて,0.014516
ゼイニクがつく。,贅肉,0.015393
新宿ギョエン。,御苑,0.01565
アア、わが故郷の山々よ。,嗚呼,0.016528
ツヤのある声。,艶,0.016882
マーボーナスを食べる。,麻婆茄子,0.016937
フヨウの花。,芙蓉,0.017388
jubeatのキョウタイ。,筐体,0.017605
細川モリヒロ元首相。,護熙,0.01785
政財界のユチャク。,癒着,0.01872
ヘンペイ足。,扁平,0.018967
四十七人のアコウロウシ。,赤穂浪士,0.019461
オイっ子。,甥,0.019841
ゴウモンは法律で禁じられている。,拷問,0.019945
イガグリを拾う。,毬栗,0.019975
商品をコンポウする。,梱包,0.020819
臓器のヒ臓。,脾臓,0.021036
ケッタイな人。,卦体、怪態,0.021605
人のデンブ。,臀部,0.022062
馬のヒヅメ。,蹄,0.022741
ゲセンの者。,下賤,0.023804
色恋ザタ。,沙汰,0.025279
スイゼンの的。,垂涎,0.025619
トカゲを見つける。,蜥蜴,0.026007
ササやかな贈り物。,細やか,0.02715
コトワザを覚える。,諺,0.02778
オコがましい。,烏滸がましい,0.02786
アクセク働く。,齷齪,0.028428
大島ツムギ。,紬,0.028809
ジッコンの間柄。,昵懇,0.029427
ショウフの女。,娼婦,0.030743
見方をカバう。,庇う,0.03158
耳をツンザく。,劈く,0.034658
十干のキノト。,乙,0.035462
ヒボウ中傷。,誹謗,0.036235
徹底的にシゴく。,扱く,0.036459
ゴボウを食べる。,牛蒡,0.036847
山ヒダの残雪。,襞,0.037197
牛車のナガエ。,轅,0.037815
キリモみ状態で墜落する。,錐揉み,0.040122
レイリな少年。,怜悧,0.040274
ハヤブサが獲物を狙う。,隼,0.04129
天皇がチョウソする。,重祚,0.041427
ガラス細工。,硝子,0.043171
家事はオックウだ。,億劫,0.04372
リン病にかかる。,淋,0.043726
ギョーザを食べる。,餃子,0.044139
春の七草に数えられるスズナ。,菘、鈴菜,0.044246
ゴウマンな態度。,傲慢,0.045704
オクソクでものを言ってはいけない。,憶測、臆測,0.046699
力がミナギる。,漲る,0.047523
１デカグラム。,瓧,0.048477
カンジキを履く。,橇,0.049061
ニギやかな繁華街。,賑やか,0.050605
ニラを食べる。,韮,0.050855
お祭りのヤマボコ。,山鉾,0.051117
シップウドトウ。,疾風怒濤,0.051967
コオロギが鳴く。,蟋蟀,0.054607
埼玉のナガトロ。,長瀞,0.055449
バイシンイン制度。,陪審員,0.055713
同じ穴のムジナ。,貉、狢,0.056168
ソウコウの妻。,糟糠,0.056282
ナギナタの技術を磨く。,薙刀,0.058294
ヘイタン業務の責任者である士官。,兵站,0.058707
テンカンの発作が出る。,癲癇,0.060008
京都でマイコさんと遊ぶ。,舞妓,0.060876
日がカゲる。,翳る,0.061035
カイライ政権。,傀儡,0.061055
アゼ道を歩く。,畦,0.061089
ハツカイチ市。,廿日市,0.062054
メイっ子。,姪,0.062092
カンカンガクガク。,侃々諤々,0.062338
コンペキ海岸。,紺碧,0.062393
山水をカタドる。,象る,0.062534
センベツを送る。,餞別,0.063056
カンネイジャチ。,奸佞邪智,0.065427
胃の中に大きなシュヨウがある。,腫瘍,0.06565
フトウで船を見る。,埠頭,0.065739
ワダカマりがある。,蟠り,0.067073
新しい町にナジむ。,馴染む,0.067891
勝利をモタラす。,齎す,0.068275
幼少のミギリ。,砌,0.068737
国中をシンカンさせる。,震撼,0.069285
バフンを踏む。,馬糞,0.069984
人類のエイチ。,叡智,0.070088
ジュンサイを食べる。,蓴菜,0.071177
センエツながら。,僭越,0.071675
目をスガめる。,眇める,0.072418
十干のミズノエ。,壬,0.075443
ソクインの心。,惻隠,0.076095
サヤ走りより口走り。,鞘,0.076819
コタツの中に入る。,炬燵,0.076912
帰納とエンエキ。,演繹,0.076988
魚のエイ。,海鷂魚、?,0.077063
クチビル亡びて歯寒し。,唇,0.077411
ニイナメ祭。,新嘗,0.079305
ヤブの中。,藪,0.080052
ノビルを食べる。,野蒜,0.080262
杖にスガる。,縋る,0.080717
モウキン類。,猛禽,0.08084
メイテイ状態。,酩酊,0.081644
フンマンやるかたない。,憤懣,0.083453
ガンサクを作る。,贋作,0.083641
二十年ぶりにカイコウする。,邂逅,0.084833
ボウヨウたる荒地。,茫洋,0.084931
死をイタむ。,悼む,0.088611
髪をスく。,梳く,0.089241
ヒョウセツは良くない。,剽窃,0.089966
会の運営のカジを取る。,舵,0.090162
キンテイ憲法。,欽定,0.090946
ハリマの国。,播磨,0.091021
石をウガつ。,穿つ,0.091652
気がトガめる。,咎める,0.093478
タイ王国。,泰,0.094325
グハン少年。,虞犯,0.09509
武力によるイカクに訴える。,威嚇,0.095796
イモリを見つける。,蠑?、井守,0.096528
山のリョウセンを行く。,稜線,0.096556
シンシに向き合う。,真摯,0.096745
クルワ言葉。,廓,0.09713
泣いてワびる。,詫びる,0.098573
ドングリの背比べ。,団栗,0.098642
人生のクビキ。,軛,0.101467
ビックリするくらい汚い。,吃驚,0.10199
十二支のイヌ。,戌,0.102391
ヒッキョウするに。,畢竟,0.10279
ドウモウな犬。,獰猛,0.103267
世相をフウする。,諷する,0.104481
ミソ汁を作る。,味噌,0.104967
ブッダの生まれ故郷。,仏陀,0.105762
カラめ手から説得する。,搦め,0.106543
京都にしばらくトウリュウする。,逗留,0.106921
モシュを務める。,喪主,0.107613
ヤスクニ神社。,靖国,0.109355
中国のセッコウ省。,浙江,0.110099
サザナミが立つ。,漣、細波,0.110428
天地カイビャク。,開闢,0.111187
洗濯物をサラす。,晒す,0.11138
ホニュウ類。,哺乳,0.112695
キンモクセイの匂いがする。,金木犀,0.116572
ズイヒツを書く。,随筆,0.117328
バンソウコウを貼る。,絆創膏,0.117826
混乱をジャッキする。,惹起,0.118033
ツき物が落ちる。,憑き,0.11879
ツムジカゼが吹く。,旋風、飆,0.119967
バイキンが入る。,黴菌,0.12075
キコリを職業とする人。,樵,0.1214
ゼンマイを食べる。,薇,0.122314
アタゴ山。,愛宕,0.122664
ヒユ表現。,比喩,0.122892
天皇をホヒツする。,輔弼,0.123205
カタジケナい。,忝い,0.124117
固く口をツグむ。,噤む,0.125633
攻撃をカワす。,躱す,0.125791
ザンゴウを掘る。,塹壕,0.125877
ネツゾウ記事。,捏造,0.127948
気がタカブる。,昂る,0.128428
憎まれっ子世にハバカる。,憚る,0.128445
物干しザオ。,竿,0.12911
キゼンとした態度。,毅然,0.129267
イサカいが起こる。,諍い,0.129407
ジョウシ公園。,城址,0.129759
ケンドチョウライ。,捲土重来,0.130384
権威にナビく。,靡く,0.130817
証書をカイザンする。,改竄,0.13427
おソウザイを食べる。,惣菜,0.134573
イイナズケと遊ぶ。,許嫁,0.134906
ヒョウヒョウとした人物。,飄々,0.135097
エンビ服を着る。,燕尾,0.135606
ブドウを食べる。,葡萄,0.135986
オトギ草子。,御伽,0.136244
ヤマしいところがある。,疚しい,0.139258
酒のサカナになる。,肴,0.139379
ネハン仏。,涅槃,0.139413
上野オンシ公園。,恩賜,0.13945
人をオトシめる。,貶める,0.139537
ケッカフザ。,結跏趺坐,0.139882
論文のショウロク。,抄録,0.140834
妻の父をシュウトという。,舅,0.14122
ジンタイを損傷する。,靭帯,0.141673
身をテイして守る。,挺する,0.141757
落し物が見つかってアンドする。,安堵,0.142309
雨後のタケノコ。,筍,0.142769
不安をフッショクする。,払拭,0.14378
シンチュウでできた楽器。,真鍮,0.143977
下手なカジも一度は名剣。,鍛冶,0.144281
ムクゲの花。,槿,0.144293
ユベシを食べる。,柚餅子,0.144681
ハイセツ物。,排泄,0.14623
自家バイセン。,焙煎,0.146493
カンコウレイを敷く。,箝口令、緘口令,0.146569
観応のジョウラン。,擾乱,0.146658
七代目の孫のことをジョウ孫という。,仍,0.146716
ミョウバンの結晶。,明礬,0.147043
ウカツな行動をとる。,迂闊,0.147493
事件のテンマツ。,顛末,0.147763
棚をコシラえる。,拵える,0.147793
ガラン配置。,伽藍,0.148807
目の上のコブ。,瘤,0.14892
ひとモンチャクあった。,悶着,0.149444
テコでも動かない。,梃子,0.149538
大仏さまのスス払い。,煤,0.14994
カイを漕ぐ。,櫂,0.150771
公私をシュンベツする。,峻別,0.152427
鳥のカワセミ。,翡翠,0.153439
サツリクを行う。,殺戮,0.153754
鳥のミソサザイ。,鷦鷯,0.15471
テンショ体。,篆書,0.15552
血がタギる。,滾る,0.158609
クツワをはめる。,轡,0.160224
モミガラを取り除く。,籾殻,0.16023
行き詰ってオウノウする日々。,懊悩,0.161548
ウタカタの恋。,泡沫,0.162749
あまりにもコッケイな姿。,滑稽,0.165085
フクシャ熱。,輻射,0.166798
コントンとした状態。,混沌,0.167884
指がカジカむ。,悴む,0.170966
同期をヒガむ。,僻む,0.171008
坊主憎けりゃケサまで憎い。,袈裟,0.171559
手をコマネく。,拱く,0.171781
キチョウメンな性格。,几帳面,0.17367
ナマリは国の手形。,訛,0.17456
テンジクに旅に行く。,天竺,0.174914
ホウレンソウを食べる。,菠薐草,0.176601
ビクウ共鳴。,鼻腔,0.176654
ボダイ樹の陰。,菩提,0.178584
情報がサクソウする。,錯綜,0.179683
ホラ貝を吹く。,法螺,0.181514
太政大臣や大納言などのクギョウ。,公卿,0.183406
マジロぎもせずに見つめる。,瞬ぎ,0.183613
キヌタを打つ。,砧,0.183751
ボインを押す。,拇印,0.184456
サイバシを用いる。,菜箸,0.186549
フビンな思いがする。,不憫,0.186615
ベッコウ飴。,鼈甲,0.18677
ヨウスコウの海豚。,揚子江,0.188494
トイシで磨く。,砥石,0.188731
警察官がジュンショクする。,殉職,0.188924
１センチメートル。,糎,0.189344
家にゴキブリが出る。,蜚?,0.189891
子がカセとなる。,枷,0.191133
霧が立ち込めるナギサ。,渚,0.191832
一億総ザンゲ。,懺悔,0.193808
カササギの橋。,鵲,0.194347
砂上のロウカク。,楼閣,0.194394
バリゾウゴン。,罵詈雑言,0.195903
植物のオシベ。,雄蕊,0.196497
チョウリョウバッコ。,跳梁跋扈,0.196724
連れとハグれる。,逸れる,0.197067
魚のドジョウ。,鰌,0.19715
縫い目がホコロびる。,綻びる,0.197335
蝦夷の族長アテルイ。,阿弖流為,0.197654
十干のカノエ。,庚,0.197702
ミズガメ座。,水瓶,0.198266
夜の街をハイカイする。,徘徊,0.200059
カトクを譲る。,家督,0.201821
手がケイレンしている。,痙攣,0.201887
セッケン水を作る。,石鹸,0.203608
親戚がシッソウする。,失踪,0.205408
オキテを破る。,掟,0.205633
魚のカジカ。,鰍,0.206231
ジョウトウ手段。,常套,0.206406
シャシ品。,奢侈,0.207224
水をスクう。,掬う,0.207486
フキの薹。,蕗,0.207548
トドマツ。,椴松,0.207763
客にコびる。,媚びる,0.208885
ミジめな生活。,惨め,0.209738
村中がコゾって祭りを楽しむ。,挙って,0.210581
食べ物をよくソシャクする。,咀嚼,0.211719
天皇のリンジ。,綸旨,0.213098
なしのツブテ。,礫,0.21623
ヤシの実。,椰子,0.216631
近代文化のアケボノ。,曙,0.219802
テンビン座。,天秤,0.224587
十干のキノエ。,甲,0.224702
タンビ主義。,耽美,0.225387
イヨイヨ忙しくなる。,愈々,0.225767
チマキを食べる。,粽,0.225779
ヌエを退治する。,鵺,0.226634
マユズミ。,黛,0.226752
太刀をハく。,佩く,0.226944
酔いシれる。,痴れる,0.227156
ノミの夫婦。,蚤,0.228042
ミミズが死んでいる。,蚯蚓,0.228423
アイサツは時の氏神。,挨拶,0.228538
疲労コンパイ。,困憊,0.229455
コンデン永年私財法。,墾田,0.229868
シャニムニ。,遮二無二,0.230159
口をノリする。,糊,0.230862
インを踏む。,韻,0.23272
ススり泣く。,啜り,0.233219
タツミの方向。,辰巳、巽,0.235737
十干のミズノト。,癸,0.23691
シャカ三尊。,釈迦,0.237088
犬のチン。,狆,0.237979
雑草がハビコる。,蔓延る,0.238749
鳥のヒタキ。,鶲,0.239591
マゲを結う。,髷,0.239712
濡れ手でアワ。,粟,0.239905
ハシゴを外される。,梯子,0.241134
ワび寂び。,侘び,0.241873
カッポウ着を着る。,割烹,0.243236
ベッピンさん。,別嬪,0.244601
女性のウナジ。,項,0.245194
足のヒ骨。,腓骨,0.245318
傷口がカノウする。,化膿,0.245694
卵がフカする。,孵化,0.245837
敗者のラクインを押される。,烙印,0.245975
ブンベン室。,分娩,0.246632
ザルソバを食べる。,笊蕎麦,0.246868
ハリツケの刑。,磔,0.247096
スイセイは、ほうき星とも呼ばれる。,彗星,0.247518
ロウカイな政治家。,老獪,0.248264
楽器のショウ。,笙,0.252022
将軍ケイシ問題。,継嗣,0.252888
スコブる機嫌が悪い。,頗る,0.254596
子供をタシナめる。,窘める,0.256311
クチナシの花。,梔子,0.256869
返事をタメラう。,躊躇,0.258584
魚のウキブクロ。,鰾,0.259022
ブリキのおもちゃ。,錻力,0.259879
トモエ投げをする。,巴,0.261619
人の秘密をノゾく。,覗く,0.261626
ワズラわしい手続き。,煩わしい,0.262606
イカンの意を表明する。,遺憾,0.262638
名誉キソン罪。,毀損,0.263949
キビスを返す。,踵,0.264441
ミミタブを触る。,耳朶,0.26459
ハサミで紙を切る。,鋏,0.264713
条約をヒジュンする。,批准,0.264719
虫のゲジ。,蚰蜒,0.26625
心配はキユウに終わった。,杞憂,0.26671
シンキロウが見える。,蜃気楼,0.266929
松の木をセンテイする。,剪定,0.267011
ボウコウ炎になる。,膀胱,0.267046
手のトウ骨。,橈,0.267054
伝統的社会のシッコクを逃れ自由の身になった。,桎梏,0.267143
天下をヘイゲイする。,睥睨,0.268419
トグロを巻く。,蜷局,0.268947
ケイシュウ作家。,閨秀,0.269184
明日の夜空のショウカイ班。,哨戒,0.270129
本の１ページ目。,頁,0.270959
シラカバ派の作家。,白樺,0.272623
エジプトに旅行に行く。,埃及,0.272641
オウセイな食欲。,旺盛,0.272945
弦楽器のソウ。,箏,0.273285
タき火をする。,焚,0.274238
コウジ漬を作る。,麹,0.276509
生涯のハンリョ。,伴侶,0.276834
虫のカゲロウ。,蜉蝣、蜻蛉,0.277268
ウドンを食べる。,饂飩,0.277438
ソゴが生じる。,齟齬,0.277505
朝廷に服属したフシュウ。,俘囚,0.279815
ノシ袋。,熨斗,0.279946
中国のカキョウ。,華僑,0.283178
ヒンシュクを買う。,顰蹙,0.283291
兄弟でイガみ合う。,啀み,0.28521
アザミの花。,薊,0.285451
タイマイの甲羅。,?瑁,0.285619
ガシンショウタン。,臥薪嘗胆,0.285791
額にシワを寄せる。,皺,0.286006
ギマンに満ちた世界。,欺瞞,0.286689
このロクでなし。,碌、陸,0.287769
サジを投げる。,匙,0.288082
本屋にレモンを置いて帰る。,檸檬,0.288767
十干のツチノエ。,戊,0.289007
ワイセツ物。,猥褻,0.289594
麻雀のハイ。,牌,0.289702
シイ的な決断。,恣意,0.289774
ケイケンな信徒。,敬虔,0.291309
タテガミをなびかせる。,鬣,0.29187
イッショウのお酒。,一升,0.292618
タユまぬ努力。,弛まぬ,0.293703
ミズボウソウにかかる。,水疱瘡,0.294509
空がタソガレる。,黄昏る,0.295038
ダチョウの卵。,駝鳥,0.295247
絶望のフチに立つ。,淵,0.296438
コしアンを食べる。,漉し餡,0.297168
ハシカにかかる。,麻疹,0.298054
新庁舎のシュンコウ式。,竣工,0.298425
ウノみにする。,鵜呑み,0.298517
ワガママを言う。,我儘,0.298637
ゼンドウ運動。,蠕動,0.298958
損害バイショウ。,賠償,0.300125
サトウキビから作ったショトウ。,蔗糖,0.301471
糸がモツれる。,縺れる,0.301641
大日本沿海ヨチ全図。,輿地,0.303917
ムコの民。,無辜,0.304846
学問にマイシンする。,邁進,0.305081
ホンジスイジャク説。,本地垂迹,0.305428
ダンガイ裁判。,弾劾,0.305858
ビシャモン天。,毘沙門,0.306164
良心のカシャク。,呵責,0.306797
自然の恩恵をキョウジュする。,享受,0.306895
ハニワが出土する。,埴輪,0.309194
サラサの模様。,更紗,0.311179
育児ノウ。,嚢,0.311423
メカしこんで出かける。,粧し,0.314562
サンショウウオ。,山椒魚、鯢,0.314581
中国のカンガン。,宦官,0.3159
フカひれ。,鱶,0.317411
officialヒゲ男dismの曲は難しい。,髭,0.317754
タオやかな柳の枝。,嫋やか,0.318918
キジが鳴く。,雉,0.319626
トボけて誤魔化す。,惚けて,0.31993
イチベツもくれない。,一瞥,0.321137
モウコハンが消える。,蒙古斑,0.32247
ケイチョウフハク。,軽佻浮薄,0.324419
他人がヨウカイすべきことではない。,容喙,0.325337
カラスミを食べる。,?子,0.325542
前に言ったことをフエンする。,敷衍,0.326094
生きるヨスガ。,縁、因、便,0.326441
平氏のマツエイ。,末裔,0.326698
テンチュウを下す。,天誅,0.327521
ヒフ病にかかる。,皮膚,0.327798
ナい交ぜにする。,綯,0.330601
スダレを上げて香炉峰の雪を眺める。,簾,0.332255
アツモノに懲りる。,羹,0.332348
ジネンジョを食べる。,自然薯,0.332793
洋服をアツラえる。,誂える,0.335462
美味しいハッサク。,八朔,0.336618
時代のスウセイ。,趨勢,0.337016
サンゴショウにいる魚。,珊瑚礁,0.337423
道がヌカルむ。,泥濘む,0.337856
石川達三の「ソウボウ」。,蒼氓,0.338899
ツタが絡む。,蔦,0.338935
ケイ線を引く。,罫線,0.339798
松尾バショウ。,芭蕉,0.339817
ラチが明かない。,埒,0.340067
恩師の言葉をハンスウする。,反芻,0.341109
手紙をツヅる。,綴る,0.342254
カサブタがはがれる。,瘡蓋,0.34614
土筆のハカマ。,袴,0.347727
イタズラをする。,悪戯,0.348154
おシトやかな女性。,淑やか,0.34909
ガイシュウイッショク。,鎧袖一触,0.349449
身をモタれる。,凭れる,0.351005
シサに富む内容。,示唆,0.351046
新技術のコウシとなることを期待されている。,嚆矢,0.351508
忌み名は一文字でイミナと書く。,諱,0.351654
イカダを漕ぐ。,筏,0.352345
ダカン紙幣。,兌換,0.355267
日本の主なヨウギョウ地。,窯業,0.355573
マきエを使って釣りをする。,撒き餌,0.355575
カヒの国。,甲斐,0.355883
タマムシノズシ。,玉虫厨子,0.356078
人種のルツボ。,坩堝,0.357347
ヒチリキを吹く。,篳篥,0.36068
サヤエンドウ。,莢豌豆,0.36071
レイキ状態になる。,励起,0.360713
キュウキョ仕事に行かなければならなくなる。,急遽,0.360782
体操競技のアンバ。,鞍馬,0.361016
ツバ競り合いをする。,鍔,0.361859
アビキョウカン。,阿鼻叫喚,0.362976
ガゼンやる気が出る。,俄然,0.364116
望遠鏡でスバルを見る。,昴,0.364218
羊をホフる。,屠る,0.364688
ラクダに乗る。,駱駝,0.365356
服のボタン。,釦,0.365995
オンイの制。,蔭位,0.368211
心がハヤる。,逸る。,0.368441
カイより始めよ。,隗,0.368592
キンパクが付く。,金箔,0.370508
エンジ色。,臙脂,0.370766
アグラをかく。,胡坐,0.370855
タスキを渡す。,襷,0.374633
虫がウゴメく。,蠢く,0.374677
おワンを洗う。,お椀,0.37591
ヒメン権を持つ。,罷免,0.376295
粉薬を飲んだらムせてしまった。,噎せて,0.376316
金持ちのメカケ。,妾,0.376804
ショウジョウバエ。,猩々蝿,0.377553
雨がミゾレに変わる。,霙,0.378532
ロジンの故郷。,魯迅,0.378984
律令制下におけるヌヒ。,奴婢,0.379458
最後のバンサン。,晩餐,0.380895
コウヤの明後日。,紺屋,0.382458
律令制下におけるゾウヨウ。,雑徭,0.382509
センリツが走る。,戦慄,0.382536
勝ってカブトの緒を締めよ。,兜,0.383396
神をマツる。,祀る,0.383777
バラに棘あり。,薔薇,0.383843
カタツムリを見る。,蝸牛,0.384656
同じカマの飯を食う。,釜,0.384913
ロクロで陶器を作る。,轆轤,0.3871
ヤブサメをして遊ぶ。,流鏑馬,0.387483
ナラの木。,楢,0.387483
ラデン細工。,螺鈿,0.38846
納豆をワラヅトに包む。,藁苞,0.388739
貴人の傍にハベる。,侍る,0.388942
トウロウの斧。,蟷螂,0.389434
相手をオダてる。,煽てる,0.390914
小鳥がサエズる。,囀る,0.391097
ヒルゲを食べる。,昼餉、昼食,0.391188
ショウコウシュを飲む。,紹興酒,0.391441
ヒワダブきの屋根。,檜皮葺き,0.393417
ラー油を食べる。,辣,0.393778
「ニセ紫田舎源氏」を読む。,偐,0.394003
ボロが出る。,襤褸,0.394012
鳥のウソ。,鷽,0.394144
シュモク鮫。,撞木,0.395052
弱り目にタタり目。,祟り,0.396114
新しいタンスを買う。,箪笥,0.397682
ドレイになる。,奴隷,0.397687
一堂にツドう。,集う,0.39778
話題をサラう。,攫う,0.39866
主君にハンイを抱く。,叛意,0.398759
ノコギリで木を切る。,鋸,0.400597
清代のベンパツ。,辮髪,0.40159
一人称のワシ。,儂,0.40171
アイヅチを打つ。,相槌,0.402353
モウロクするにはまだ早い。,耄碌,0.405039
シキりに残念がる。,頻りに,0.405564
イコミキ。,已己巳己,0.406123
七夕伝説のケンギュウ星。,牽牛,0.408232
限界効用テイゲンの法則。,逓減,0.408864
和洋セッチュウ。,折衷,0.409064
明治時代のラソツ。,邏卒,0.409462
オウヨウに構える。,鷹揚,0.41182
シレツな争い。,熾烈,0.412772
眠気をモヨオす。,催す,0.415631
人権をジュウリンする。,蹂躙,0.415716
豊臣秀吉によって建てられたジュラクダイ。,聚楽第,0.416308
二足のワラジを履く。,草鞋,0.416376
スイゾウガンになる。,膵臓癌,0.416459
ナメクジに塩。,蛞蝓,0.416976
男をタブラかす。,誑かす,0.417427
商談をマトめる。,纏める,0.418093
ズサンな扱い。,杜撰,0.418697
フヌけた表情。,腑抜けた,0.418926
ごチソウ様でした。,馳走,0.418972
コウノトリが赤ん坊を運んでくる。,鸛,0.419462
スイセン入試。,推薦,0.42083
トに角やってみよう。,兎,0.420988
ホウジュンな銘酒。,芳醇,0.423106
剣道でソンキョをする。,蹲踞,0.423684
叱られてショゲる。,悄気る,0.423906
手拍子を打ってハヤす。,囃す,0.423939
ハナシカの弟子になる。,噺家,0.425727
ゴウホウライラク。,豪放磊落,0.425998
リュウチョウに話す。,流暢,0.42665
生成AIのレイメイ期。,黎明,0.427751
タテゴトを鳴らす。,竪琴,0.427955
ラッパを吹く。,喇叭,0.428186
心情をソンタクする。,忖度,0.42868
ミズカサが増す。,水嵩,0.429235
業界発展のアイロ。,隘路,0.430121
大臣がコウテツされる。,更迭,0.431187
足がマヒする。,麻痺,0.431267
ヒヨドリが鳴く。,鵯,0.432643
イナゴの大群が発生する。,蝗,0.433484
インギンブレイ。,慇懃無礼,0.433811
山のフモト。,麓,0.436632
講師としてショウヘイされる。,招聘,0.436754
餌をツイバむ。,啄む,0.43726
ネギを首に巻く。,葱,0.43744
カワヤに立つ。,厠,0.43824
ナメらかな肌触り。,滑らか,0.440194
様子がオカしい。,可笑しい,0.440379
センタイ類。,蘚苔,0.440622
ホロ馬車に乗る。,幌,0.440698
カニを食べる。,蟹,0.440763
キュウシャに馬を引き入れる。,厩舎,0.441973
動物のバク。,獏,0.443226
ホウキ星。,箒,0.446166
キビ団子。,黍,0.446919
コケンに関わる。,沽券,0.448486
相手の顔色をウカガう。,窺う,0.448713
二人の仲をネタむ。,妬む,0.448861
クヌギの木。,椚、栩,0.448906
徳川家康の御ラクイン。,落胤,0.448909
原子番号33のヒ素。,砒素,0.449988
一人でツブヤく。,呟く,0.450103
サカズキを交わす。,盃,0.451687
薪をクべる。,焼べる,0.455546
髪にクシを入れる。,櫛,0.456731
二十四節季のケイチツ。,啓蟄,0.457451
人生のカテとなる。,糧,0.457753
シシュウのしてある服。,刺繍,0.458084
ムクドリが鳴く。,椋鳥,0.458193
タチマち空が曇った。,忽ち,0.459955
詩をアンショウする。,暗誦,0.46322
人をクビり殺す。,縊り,0.463241
サッソウと登場する。,颯爽,0.463505
イコいの場。,憩い,0.465035
ジャコウ鹿。,麝香,0.465288
ソウソウたる顔ぶれ。,錚々,0.466328
金属がトロける。,蕩けた,0.466891
水キキン。,飢饉,0.468077
コウコツとした表情。,恍惚,0.468838
スミレの花。,菫,0.469627
高くソビえる山。,聳える,0.470847
カイロウドウケツの契り。,偕老同穴,0.471217
七草ガユ。,粥,0.471724
大空をヒショウする。,飛翔,0.472173
故郷へのキョウシュウを覚える。,郷愁,0.47225
シャクイを与えられる。,爵位,0.473476
野菜をユでる。,茹でる,0.473658
トリデにこもって戦う。,砦,0.473819
カイワイの有名人。,界隈,0.474034
米ビツを使う。,櫃,0.474723
山寺のオショウさん。,和尚,0.475466
カモメが飛んだ。,鴎,0.475559
飛びヒを開発する。,杼,0.475914
アラレが降る。,霰,0.475961
シンジ湖。,宍道,0.47791
署名ナツインする。,捺印,0.483213
ムコ入りする。,婿,0.483367
ツボを売る。,壺,0.483391
箱がヒシャげる。,拉げる,0.484287
ソキュウ効の禁止。,遡及,0.485036
横山大観のモウロウ体。,朦朧,0.485217
シャクネツの太陽。,灼熱,0.486075
ロウカを走る。,廊下,0.486733
ヒビが入る。,罅,0.486739
シャバケが足りない。,娑婆気,0.488645
ショウニュウドウの中に入る。,鍾乳洞,0.489086
食べ物のスえた臭い。,饐えた,0.489809
カガリビで辺りを照らす。,篝火,0.49038
口にクワえる。,咥える,0.491198
イビツな形。,歪,0.491273
タガが外れる。,箍,0.494125
ドウタクが出土する。,銅鐸,0.494205
髪がチヂれる。,縮れる,0.497629
ハイキョに肝試しに行く。,廃墟,0.497668
原子番号5のホウ素。,硼素,0.497818
天子の印のことをギョクジという。,玉璽,0.498586
ビワの木。,枇杷,0.500081
地層がシュウキョクする。,褶曲,0.50245
ミソギを済ませる。,禊,0.503528
突然の変化にウロタえる。,狼狽える,0.504441
彼女とドウセイする。,同棲,0.505649
シみジみと語る。,染み染み、沁み沁み,0.507098
クチバシが黄色い。,嘴,0.507499
ごベンタツをお願いします。,鞭撻,0.509385
毒をアオる。,呷る,0.5102
「オンシュウの彼方に」を読む。,恩讐,0.51125
ドウモクすべき作品。,瞠目,0.511403
超ド級の戦艦。,弩,0.511713
ジュンシンムク。,純真無垢,0.513751
戸籍トウホン。,謄本,0.513876
オクビにも出さぬ。,?気,0.514638
マカフシギな出来事。,摩訶不思議,0.514818
青春をオウカする。,謳歌,0.515303
ケシ粒ほどの大きさ。,芥子,0.515379
右腕がウズく。,疼く,0.515587
イケニエを捧げる。,生贄,0.515867
占いに用いるゼイチク。,筮竹,0.516403
マブタを閉じる。,瞼,0.51643
イニョウ地通行権。,囲繞,0.516563
コンボウを振り回す。,棍棒,0.517777
ボウフラが泳いでいる。,孑孑、孑?,0.518302
エラで呼吸をする。,鰓,0.51883
葛飾北斎の「ガイフウカイセイ」。,凱風快晴,0.519826
マツゲを抜く。,睫毛,0.52462
未来をボクセンする。,卜占,0.528682
彼の話はクドい。,諄い,0.529616
ロウゼキを働く。,狼藉,0.531639
フトウフクツ。,不撓不屈,0.532639
料理へのボウトク。,冒?,0.533644
魚のウツボ。,?,0.534054
サイギ心が強い。,猜疑心,0.535103
アダナを付ける。,渾名,0.535136
アウンの呼吸。,阿吽,0.536014
ショウキのような薄い霧。,瘴気,0.536252
オエツがもれる。,嗚咽,0.537196
ショクタク尋問を行う。,嘱託,0.537879
おにぎりをホオバる。,頬張る,0.537893
オクせず話す。,臆せず,0.538014
インセキが落ちる。,隕石,0.538174
人口にカイシャする。,膾炙,0.538658
ソウウツ病。,躁鬱,0.538834
ワキアイアイ。,和気藹々,0.539011
私のキョウジが許さない。,矜持,0.539554
ギシ倭人伝。,魏志,0.539758
孔子ビョウ。,廟,0.540123
暴漢をネじ伏せる。,捩じ,0.540774
ゲンカイナダを見渡す。,玄界灘,0.541014
ムチモウマイ。,無知蒙昧,0.541285
テハズを整える。,手筈,0.5418
マムシの毒。,蝮,0.541979
イカリを下す。,錨、碇,0.54303
武士のホウロク。,俸禄,0.544554
事件の核心をエグる。,抉る,0.545028
インペイ工作。,隠蔽,0.545792
セッサタクマする。,切磋琢磨,0.545924
ミナトガワの戦い。,湊川,0.545986
ゲキを飛ばす。,檄,0.546516
セイレン潔白。,清廉,0.548193
チョウホウ活動。,諜報,0.548903
男ミョウリ。,冥利,0.551023
新しいカバンを買う。,鞄,0.555828
彼女とドウキンする。,同衾,0.556038
ショウスイしきった顔。,憔悴,0.55611
きなこをマブす。,塗す,0.556514
息切れやドウキの症状がある。,動悸,0.556574
悪ジュンカンを絶つ。,循環,0.55852
コウモリも鳥のうち。,蝙蝠,0.558741
七夕にチナんだお話。,因んだ,0.559899
契約書にカシがある。,瑕疵,0.562572
罪をアガナう。,贖う,0.563291
スり鉢を使う。,擂,0.563357
コンニャクを食べる。,蒟蒻,0.563447
キョウエンを催す。,饗宴,0.564742
馬具のアブミ。,鐙,0.565207
船がエイコウされて行く。,曳航,0.565461
転んでクルブシを強く打った。,踝,0.566216
型にハめる。,嵌める,0.566379
マンジュウを食べる。,饅頭,0.56674
雨水をロカする。,濾過,0.567106
がんにリカンする。,罹患,0.56955
ボン語を話す。,梵,0.570495
シンキュウ師の資格をとる。,鍼灸,0.571454
直接じゃない方のチョクセツ。,直截,0.571462
イタチの最後っ屁。,鼬,0.574072
モヌケの殻。,蛻,0.575002
人目も気にせずドウコクする。,慟哭,0.575922
糸をヨる。,撚る,0.576328
機密情報がロウエイする。,漏洩,0.576718
魚のムナビレ。,胸鰭,0.578272
ゾウブツ罪。,贓物,0.57975
ウバ捨山。,姥,0.580563
チリメンのしわ。,縮緬,0.582501
事実をツマビらかにする。,詳らか,0.58258
センダンは双葉より芳し。,栴檀,0.582669
宝クジ。,籤,0.582909
ショウソウ感にかられる。,焦燥,0.582937
カンキツ類。,柑橘,0.583566
砂をフルイに掛ける。,篩,0.584124
カデンに履を納れず。,瓜田,0.585257
チマタで話題の映画を観る。,巷,0.585889
マッショウ神経。,末梢,0.586535
委員長にバッテキされる。,抜擢,0.586618
石上宅嗣が設立したウンテイ。,芸亭,0.586712
メノウ細工。,瑪瑙,0.586835
想像のハンチュウ。,範疇,0.587055
ギョウコウにめぐまれて難を逃れた。,僥倖,0.588184
顔が青ザめる。,褪める,0.588618
ケゲンな表情。,怪訝,0.588795
それを聞いてガクゼンとした。,愕然,0.588984
ハチュウ類。,爬虫,0.58975
コンロに火をつける。,焜炉,0.591601
ビョウブから虎を出す。,屏風,0.591844
取り締まりの目をカい潜る。,掻い,0.593446
植物のヒエ。,稗,0.593833
ハデシコの花。,瞿麦、撫子,0.595212
鳥のオウム。,鸚鵡,0.596359
両界マンダラ。,曼荼羅,0.596734
ジビインコウ科。,耳鼻咽喉,0.599389
ロバの家畜化。,驢馬,0.600198
スネをかじる。,脛,0.601115
仕事をコナす。,熟す,0.602372
レンガ造りの家。,煉瓦,0.602424
ブゼンとして立ち尽くす。,憮然,0.602511
チミモウリョウ。,魑魅魍魎,0.603365
カラタチの花。,枳殻、枳,0.606071
畑をスキで耕す。,鋤,0.606557
ノンキな性格。,?気、暢気,0.60727
フ菓子。,麩,0.609488
ゴイ力が無い。,語彙,0.61019
カイギャク小説。,諧謔,0.610452
弓月君はハタ氏の祖である。,秦,0.61198
スズキは出世魚である。,鱸,0.612025
キリギリスが鳴く。,螽斯,0.612171
ミロクボサツ。,弥勒菩薩,0.612481
皮をハぐ。,剥ぐ,0.612854
イゴをして遊ぶ。,囲碁,0.616275
馬がイナナく。,嘶く,0.616987
ハギは秋の七草のひとつである。,萩,0.617291
ホトンど雨が降らない。,殆ど,0.617651
シノギを削る。,鎬,0.617954
計画がトンザする。,頓挫,0.618422
カンニン袋の緒が切れる。,堪忍,0.618426
ジンマシンが出る。,蕁麻疹,0.618747
風船がスボむ。,窄む,0.621061
イビキをかく。,鼾,0.621087
ヤツれ果てた姿。,窶れ,0.621832
セイカンな顔つき。,精悍,0.622328
鬼のカクラン。,霍乱,0.622899
チョウセキ力。,潮汐,0.623978
ギョウチュウ検査。,蟯虫,0.624788
相手をリョウガする。,凌駕,0.625531
ヨウセツの天才画家。,夭折,0.628175
カンナンシンク。,艱難辛苦,0.632796
鳥のセキレイ。,鶺鴒,0.633658
駕籠をカく。,舁く,0.634019
茶碗蒸しにスが入る。,鬆,0.634592
落ち着いたタタズまい。,佇まい,0.635137
同郷のヨシミ。,誼,0.63708
メマイがする。,眩暈,0.638234
肺結核をワズラう。,患う,0.638706
風のウワサ。,噂,0.641248
現代文学ソウショ。,叢書,0.641352
王位をサンダツする。,簒奪,0.64147
コマ犬。,狛,0.641738
カビが生える。,黴,0.642286
イササか迫力に欠ける。,些か,0.647516
タモトを分かつ。,袂,0.647789
ショウユをかけて食べる。,醤油,0.647947
行方をクラます。,晦ます,0.647966
人気がチョウラクする。,凋落,0.649007
拍手カッサイを浴びる。,喝采,0.649017
ドウカツして寄付を強要する。,恫喝,0.64948
センモウの症状が出る。,譫妄,0.6498
花のガク。,萼,0.650021
敵対する部族にジュソをかける。,呪詛,0.651376
ヤッカンの内容を確認する。,約款,0.652724
天子の一人称はチンである。,朕,0.653393
髪をソる。,剃る,0.653448
１ソウの船。,艘,0.65441
デンプンを消化する。,澱粉,0.655638
うなぎのカバヤキ。,蒲焼,0.656642
ケラが喧しく鳴く。,螻蛄,0.657403
茶をイれる。,淹れる,0.657979
馬にマタがる。,跨がる,0.660051
脳シントウを起こす。,震盪,0.660938
ヒョウが降る。,雹,0.662267
レイキュウ車が通る。,霊柩,0.664046
春の七草に数えられるナズナ。,薺,0.664612
考えアグむ。,倦む,0.664631
十干のカノト。,辛,0.664925
あばたもエクボ。,靨,0.66587
モクズとなる。,藻屑,0.66588
ソジョウに載せる。,俎上,0.666088
妻がニンシンする。,妊娠,0.666342
余裕シャクシャク。,綽々,0.667358
南太平洋のトウショからなる国々。,島嶼,0.668008
三角形とクケイ。,矩形,0.668078
よくあるゴビュウ。,誤謬,0.669602
スルメイカを食べる。,鯣烏賊,0.669952
フクロウが鳴く。,梟,0.670961
サソリ座。,蠍,0.673005
生きる化石のカブトガニ。,?、兜蟹,0.673735
記憶をタドる。,辿る,0.674277
ウンチクを傾ける。,薀蓄,0.674455
ザリガニを釣る。,?蛄,0.676765
１ヘクトリットル。,竡,0.676779
ビワを弾く。,琵琶,0.677596
セキバクの思い。,寂寞,0.678891
クサビガタ文字。,楔形,0.679326
ワボクを結ぶ。,和睦,0.679938
トシャ物。,吐瀉,0.681289
長身ソウク。,痩躯,0.683226
ホウシュウを与える。,報酬,0.684201
ヨモギの葉。,蓬,0.684713
人の物をカスめる。,掠める,0.686083
人をカラカう。,揶揄う,0.687078
クモ膜下出血。,蜘蛛,0.688902
コーヒーを飲む。,珈琲,0.68904
田をクワで耕す。,鍬,0.689682
ボクネンジン。,朴念仁,0.690179
阿寒湖のマリモ。,毬藻,0.690458
手をカザす。,翳す,0.691601
トウテキ種目。,投擲,0.691976
家業をセガレに譲る。,倅,0.692589
キリンがくる。,麒麟,0.692726
頭をモタげる。,擡げる,0.693134
オイラン道中。,花魁,0.694642
コウゾの繊維。,楮,0.696509
アイキョウを振りまく。,愛嬌,0.697493
フンドシを締める。,褌,0.697738
イソにいる魚。,磯,0.699666
テンサイを食べる。,甜菜,0.699912
シモン機関。,諮問,0.700671
うんとウナズく。,頷く,0.70077
カマドの神。,竈,0.701379
キツツキを観察する。,啄木鳥,0.702172
自分の服が濡れることもイトわない。,厭わない,0.703055
ウズラの卵。,鶉,0.703884
ワナにかかる。,罠,0.704199
ジンカイ集が制定される。,塵芥,0.705572
ニオの海。,鳰,0.70756
ぬかるみにワダチがつく。,轍,0.707669
リンゴを食べる。,林檎,0.708157
心からシャメンを願う。,赦免,0.709668
彼女をホウヨウする。,抱擁,0.709722
カクタンした。,喀痰,0.710017
隠れミノを見つける。,蓑,0.711364
１フィート。,呎,0.711901
神仏の前にヒザマズく。,跪く,0.71195
スズリを洗う。,硯,0.71219
全身がビランしている。,糜爛,0.712254
十干のツチノト。,己,0.712834
カンショ先生。,甘藷,0.713596
危険をハラんだ行為。,孕んだ,0.71505
赤ちゃんの喋るナン語。,喃,0.71679
階段でツマズく。,躓く,0.717256
アツレキを生む。,軋轢,0.717449
リリしい青年。,凛々しい,0.724235
ワイショウな人間。,矮小,0.725608
ノギヘンの漢字。,禾編,0.728089
カモシカのような足。,氈鹿、羚羊,0.728597
イり豆に花が咲く。,炒り,0.730107
イトク天皇。,懿徳,0.730551
屋上から市内をフカンする。,俯瞰,0.731023
罪をナスり付ける。,擦り,0.731417
フンソウを見破られる。,扮装,0.733096
掛詞として使われるミオツクシ。,澪標,0.734537
オシドリ夫婦。,鴛鴦,0.734602
魚のハマチ。,?,0.73578
実態とカイリする。,乖離,0.739006
スルガの国。,駿河,0.739016
別部キタナ麻呂に改名させられる。,穢,0.739585
ワイロを送る。,賄賂,0.739929
何事にもコり性な人。,凝り,0.740316
ススキに月。,芒,0.740527
オウダンの症状が出る。,黄疸,0.741044
針のムシロ。,筵,0.741784
ジョウシの節句。,上巳,0.743649
ドクロの模様。,髑髏,0.744601
敵をセンメツする。,殲滅,0.7448
よくスねる子。,拗ねる,0.74527
セリの花。,芹,0.745327
マツヤニを塗る。,松脂,0.746255
シバしの別れ。,暫し,0.74824
英雄タン。,譚,0.749461
ウジムシがわく。,蛆虫,0.751129
ヨウヘイを雇う。,傭兵,0.75117
コットウ品。,骨董,0.751445
オゴる平家は久しからず。,驕る,0.751737
ダイタイ骨を折る。,大腿,0.752404
ヨウヤく春らしくなる。,漸く,0.752713
古代中国のイン王朝。,殷,0.752899
キキョウの花。,桔梗,0.753474
セキ払いをする。,咳,0.753885
カツモクして待つ。,刮目,0.754214
遠路ハルバルやってくる。,遥々,0.754973
音楽家へのショウケイを抱く。,憧憬,0.756403
ヒョウタンから駒が出る。,瓢箪,0.757801
恩師のクントウを受ける。,薫陶,0.758476
見物客がヒシメく。,犇く,0.758696
カップクが良い。,恰幅,0.762248
相手をニラむ。,睨む,0.762876
セツナ主義。,刹那,0.763396
とりあえずケンソンしておく。,謙遜,0.763914
タンパク質。,蛋白,0.764481
カンガイ農業。,灌漑農業,0.765655
ゴウオンが鳴り響く。,轟音,0.766143
ビンナガマグロ。,鬢長鮪,0.767426
彼はリンショク家だ。,吝嗇,0.767722
ヒキョウな男。,卑怯,0.767969
カメ棺墓。,甕,0.768687
ハッコウ食品。,発酵,0.76939
ヒャッカリョウラン。,百花繚乱,0.770394
イブし銀の芸。,燻し,0.771163
鳥のイスカ。,?、交喙,0.771642
桃のツボミ。,蕾,0.77291
エリクビをつかまれる。,襟首,0.773072
川でモクヨクする。,沐浴,0.773499
平等院ホウオウ堂。,鳳凰,0.774453
悪夢にウナされる。,魘される,0.775509
絶滅キグ種。,危惧,0.77584
ボウスイ形。,紡錘,0.776945
議論をハンバクする。,反駁,0.777373
宴もタケナワになった。,酣,0.777413
リョリョクがない。,膂力,0.777798
ダカツの如く嫌う。,蛇蝎,0.778908
ルタクの身。,流謫,0.779001
ショウイ軍人。,傷痍,0.77921
ウヨキョクセツ。,紆余曲折,0.779319
キンキジャクヤク。,欣喜雀躍,0.780362
夜のシジマ。,静寂,0.781741
サンゼンと輝く。,燦然,0.78207
ウソも方便。,嘘,0.782616
見知らぬ者がチンニュウしてきた。,闖入,0.78381
ホフク前進。,匍匐,0.784185
単身でオモムく。,赴く,0.784841
原子番号15のリン。,燐,0.785894
シュショウな心がけだ。,殊勝,0.788052
ベキ級数。,冪,0.788369
ダイゴ天皇。,醍醐,0.788592
コウカツな奴。,狡猾,0.789043
長寿の祖母にアヤカる。,肖る,0.789307
トビ職。,鳶,0.789895
ケマリをして遊ぶ。,蹴鞠,0.79119
フイゴを吹く。,鞴,0.791552
昔とったキネヅカ。,杵柄,0.792191
ハンゴウスイサン。,飯盒炊爨,0.795192
水がヌクい。,温い,0.795988
ロウア者。,聾?,0.796081
ケイツイが７個ある。,頸椎,0.797091
フクシ国家。,福祉,0.79726
アイマイモコ。,曖昧模糊,0.797286
生死の境をサマヨう。,彷徨う,0.797431
ザクロの花。,柘榴,0.797835
豪華ケンラン。,絢爛,0.798132
人をモテアソぶ。,弄ぶ,0.798785
元気ハツラツ。,溌剌,0.799402
セップンする。,接吻,0.799975
ミコトノリを賜る。,詔、勅,0.800822
反対派をシュクセイする。,粛清,0.801152
フスマを開ける。,襖,0.801305
ロウソクを灯す。,?燭、蝋燭,0.802131
上司の非をイサめる。,諫める,0.80425
カブキを観に行く。,歌舞伎,0.80437
シュウチシンを感じる。,羞恥心,0.805325
チュウヨウな態度。,中庸,0.805921
ヒルに塩。,蛭,0.806198
サツマイモを食べる。,薩摩芋,0.809464
有ハイニュウ種子。,胚乳,0.81144
カイサイを叫ぶ。,快哉,0.812317
タライ回しにされる。,盥,0.813812
大仏のビャクゴウ。,白毫,0.814071
信州はヨウサンが盛んだ。,養蚕,0.815522
セキを切ったように話し出す。,筵,0.816139
キコウ本が展示されている。,稀覯,0.81651
イワキの国。,磐城,0.816938
カッチュウを着る。,甲冑,0.817132
転んでアザができる。,痣,0.818236
ジョウゼツに喋る。,饒舌,0.81842
ケンショウ炎になる。,腱鞘,0.818812
イントン生活。,隠遁,0.819213
不メイリョウな部分が残る。,明瞭,0.819392
虫のブユ。,蚋,0.820177
才女をメトる。,娶る,0.820536
他人の名をカタる。,騙る,0.821597
正義をヒョウボウする。,標榜,0.821599
フザケて遊ぶ。,巫山戯て,0.823727
グウイを込めた話。,寓意,0.824752
ガチョウの肝臓。,鵞鳥,0.825822
オットセイ。,膃肭臍,0.826145
リュウビ玄徳。,劉備,0.82626
ソウメイな学生。,聡明,0.826328
雄の動物のコウガンを取り除く。,睾丸,0.827997
サガ天皇。,嵯峨,0.828257
オモムロに口を開く。,徐,0.828355
コハク色の酒を飲む。,琥珀,0.830409
記者クラブ。,倶楽部,0.831831
トッサに声が出ない。,咄嗟,0.832265
ホコラを建てる。,祠,0.835317
ケンカが強い。,喧嘩,0.835592
動物のヒグマ。,羆,0.836078
エイジを抱いて家に帰る。,嬰児,0.838187
魚のエソ。,?、鯣烏賊,0.838593
ダッサイ忌。,獺祭,0.838609
靴ベラ。,箆,0.839076
熱カソ性樹脂。,可塑,0.840216
カイボウ学を学ぶ。,解剖,0.841858
玄関の正面にツイタテがある。,衝立,0.84282
神武天皇の和風シゴウは神日本磐余彦天皇である。,諡号,0.842938
タンカを切る。,啖呵,0.843904
メイソウにふける。,瞑想,0.845673
タイコウ検地。,太閤,0.846429
カリュウ状の薬。,顆粒,0.846724
アツカンを飲む。,熱燗,0.846774
カギ鼻。,鉤,0.846858
ランマを見やる。,欄間,0.847035
新入りをナブる。,嬲る,0.847323
女が男をロウラクする。,篭絡,0.85144
イワれのない非難。,謂れ,0.852521
木をカジる。,齧る、噛る,0.852781
ハナダ色。,縹,0.853149
私は知らないとウソブく。,嘯く,0.85366
古事記をヘンサンする。,編纂,0.855413
コウチャク状態に陥る。,膠着,0.856363
ナツメの実。,棗,0.858518
リュウインが下がる。,溜飲,0.859098
1875年にザンボウリツが公布された。,讒謗律,0.860062
シュウウが降る。,驟雨,0.860528
シジミ汁。,蜆,0.860922
浴衣姿がナマメかしい。,艶かしい,0.862271
センテツを生産する。,銑鉄,0.862366
百姓イッキ。,一揆,0.863836
ジョウジョウの余地がある。,情状酌量,0.863975
カンザシをつける。,簪,0.864377
即断できずにシュンジュンする。,逡巡,0.864579
コメカミを押す。,顳?、蟀谷,0.865106
駅前でタムロする。,屯,0.865308
チョウアイを受ける。,寵愛,0.866472
道徳心をカンヨウする。,涵養,0.867359
ハマグリで海をかえる。,蛤,0.86753
タデ食う虫も好き好き。,蓼,0.867695
彼にゴする者はいない。,伍する,0.870003
被告人の立場をシンシャクする。,斟酌,0.871901
書物を出版することをジョウシという。,上梓,0.872009
瑠璃もハリも照らせば光る。,玻璃,0.874264
血液のケッショウ成分。,血漿,0.876596
ショウチュウを飲む。,焼酎,0.877509
ウットウしい奴。,鬱陶しい,0.878051
テンの毛皮。,貂,0.878201
入学式をトり行う。,執り,0.878718
植物のアヤメ。,菖蒲,0.878775
ツマヨウジを使う。,爪楊枝,0.878789
水をタタえる。,湛える,0.879516
往時をホウフツとさせる。,彷彿,0.880152
テングの鼻。,天狗,0.880735
ガイカの戦い。,垓下,0.881136
ボラは出世魚である。,鯔,0.881635
予想がコトゴトく外れる。,悉く,0.88242
ハナワの松。,塙,0.882686
商魂タクマしい。,逞しい,0.882989
オビタダしい数。,夥しい,0.884243
サナガら夢を見ているようだ。,宛ら,0.884407
シラミをとる。,虱,0.884533
ウズクマって眠る。,蹲って,0.886156
同じ料理ばかりでヘキエキする。,辟易,0.886222
敵軍のホリョとなる。,捕虜,0.886327
ギモウ行為。,欺罔,0.886525
ジュズつなぎ。,数珠,0.891774
イチルの望み。,一縷,0.894287
学生リョウに入る。,寮,0.89483
キベンを弄する。,詭弁,0.895634
ビタ一文残っていない。,鐚,0.896388
エンザイを晴らす。,冤罪,0.896686
シワガれた声で語る。,嗄れた,0.896862
ヒナ祭り。,雛,0.897396
立てばシャクヤク。,芍薬,0.897592
縄文時代のセキゾク。,石鏃,0.898217
石にクチススぐ。,漱ぐ,0.898502
頭がハげる。,禿げる,0.9008
ツクダニを食べる。,佃煮,0.901855
動物のヒヒ。,狒々,0.90372
十干のヒノト。,丁,0.904903
ケヤキの木。,欅,0.905048
鳥のバン。,鷭,0.905874
耳元でササヤく。,囁く,0.908312
一家ダンラン。,団欒,0.908585
鳥のトキ。,朱鷺、鴇,0.90871
モクトウを捧げる。,黙祷,0.909032
トンボが飛ぶ。,蜻蛉,0.909768
ヒンバ三冠。,牝馬,0.912569
犬ヤシャ。,夜叉,0.913781
死者がヨミガエる。,蘇る、甦る,0.913784
ショサイで仕事をする。,書斎,0.914384
テキガイ心を抱く。,敵愾,0.916664
魔王がケンゾクを従えてやってくる。,眷属、眷族,0.916785
シュウレン進化する。,収斂,0.917838
インコが鳴く。,鸚哥,0.918119
ギオン祭。,祇園,0.918629
敵とタイジする。,対峙,0.918858
一刻のユウヨも許されない。,猶予,0.922358
ウグイスが鳴く。,鶯,0.923333
カチドキをあげる。,勝鬨,0.924803
怒る相手をナダめる。,宥める,0.926186
気持ち悪くてオウトする。,嘔吐,0.926511
ツツガ無く終わる。,恙,0.928177
自己ギセイを尊ぶ。,犠牲,0.928345
頭がカユい。,痒い,0.928406
ロレツが回らない。,呂律,0.928444
サびた自転車。,錆びた,0.929716
ジクジたる思い。,忸怩,0.93406
胸のツカえがおりる。,痞え,0.934473
花がシオれる。,萎れる,0.934875
ヤマカしい人。,喧しい,0.935048
聖徳太子が執筆したと伝わるサンギョウギショ。,三経義疏,0.935074
源氏物語のタマカズラ。,玉鬘,0.935414
不況にアエぐ。,喘ぐ,0.93632
イショウ権を取得する。,意匠,0.938311
イブカしい点がある。,訝しい,0.938374
奇をテラう。,衒う,0.939983
爆弾がサクレツする。,炸裂,0.941078
イグサの多い沼地。,藺草,0.941151
アブハチ取らず。,虻蜂,0.941869
ヘンピな場所。,辺鄙,0.942036
鮮血がホトバシる。,迸る,0.943479
刀伊のニュウコウ。,入寇,0.94461
他のものにナゾラえる。,準える,0.944828
船のヘサキ。,舳先,0.945231
尊王ジョウイ運動。,攘夷,0.945234
ショウガク金制度。,奨学,0.948598
カンゼンチョウアク。,勧善懲悪,0.949621
ヒンシの重傷を負う。,瀕死,0.94963
首をハねる。,刎ねる,0.949677
ワラビの葉。,蕨,0.950257
旅のシオリ。,栞,0.952142
茶道のタシナみがある。,嗜み,0.953373
大会にはモチロン参加する。,勿論,0.953766
ハナハだ恐縮です。,甚だ,0.953972
大工のトウリョウ。,棟梁,0.954403
コシタンタン。,虎視眈々,0.954868
噂通りのケイガン。,慧眼,0.954915
エノキダケを食べる。,榎茸,0.955116
子はカスガイ。,鎹,0.955664
ビンショウな動き。,敏捷,0.959508
ガンモドキを食べる。,雁擬,0.959636
仕事をアッセンする。,斡旋,0.960566
火の見ヤグラ。,櫓,0.961237
社長にカシズく。,傅く,0.96244
目がサえる。,冴える,0.963095
井戸水をクむ。,汲む,0.964054
カカア天下。,嚊、嬶,0.964616
中たらずとイエドも遠からず。,雖も,0.965185
カンシャクを起こす。,癇癪,0.965703
病が身体をムシバむ。,蝕む,0.965755
名誉をバンカイする。,挽回,0.966472
宮沢賢治の「エイケツの朝」。,永訣,0.966803
君子はヒョウヘンす。,豹変,0.967882
マキエで装飾された作品。,蒔絵,0.968774
リンネテンショウ。,輪廻転生,0.968848
原子番号14のケイ素。,珪素,0.97027
フセンを貼る。,付箋,0.970343
エコヒイキ。,依怙贔屓,0.971051
シキイ値を超える。,閾,0.972114
カンカを交える。,干戈,0.972156
セイヒツさをたたえる。,静謐,0.97502
脇腹をクスグる。,擽る,0.976245
シャクシ定規。,杓子,0.977673
車が歩行者をハねる。,撥ねる,0.978463
自己ケンサンを積む。,研鑽,0.978481
エンマ大王。,閻魔,0.981407
他人をサゲスむ。,蔑む,0.982149
野菜をハンプする。,頒布,0.982737
ゲップで払う。,月賦,0.982907
シャラ臭い。,洒落,0.983849
語学にタンノウな人。,堪能,0.984471
最後ツウチョウ。,通牒,0.984741
ジンゼンと日々を送る。,荏苒,0.985211
キョシンタンカイ。,虚心坦懐,0.985508
ウラボン会。,盂蘭盆,0.986802
セイコクを射る。,正鵠,0.986921
内容ウンヌンは後にする。,云々,0.989647
テンピンの才を持つ。,天稟,0.990289
何度もスイコウして良い文章を作る。,推敲,0.992157
ヒタスラ無事を祈る。,只管,0.993315
おサイセン箱。,賽銭,0.993572
相手の健闘をタタえる。,称える,0.99639
十干のヒノエ。,丙,0.998713
頭脳メイセキ。,明晰,0.999847
